2026-03-15 22:02:06,778 [INFO] Waiting for heartbeat...
2026-03-15 22:02:07,028 [INFO] Connected to vehicle (sysid=1 compid=0)
2026-03-15 22:02:07,029 [INFO] Heartbeat thread started (interval=1s)
2026-03-15 22:03:38,395 [INFO] Waiting for heartbeat...
2026-03-15 22:03:39,040 [INFO] Connected to vehicle (sysid=1 compid=0)
2026-03-15 22:03:39,041 [INFO] Heartbeat thread started (interval=1s)
2026-03-15 22:03:39,042 [INFO] Starting Companion Health Monitor | failsafe_after=10s recovery_after=5s statustext_crit=1s statustext_normal=3s
2026-03-15 22:03:39,063 [INFO] CPU=6.2% RAM=30.0% DISK=56.6% TEMP=63.0°C | state=NOMINAL
2026-03-15 22:03:40,083 [INFO] CPU=5.8% RAM=30.0% DISK=56.6% TEMP=62.5°C | state=NOMINAL
2026-03-15 22:03:41,104 [INFO] CPU=5.6% RAM=30.0% DISK=56.6% TEMP=62.3°C | state=NOMINAL
2026-03-15 22:03:42,143 [INFO] CPU=6.0% RAM=30.0% DISK=56.6% TEMP=62.8°C | state=NOMINAL
2026-03-15 22:03:43,157 [INFO] CPU=6.1% RAM=30.0% DISK=56.6% TEMP=63.0°C | state=NOMINAL
2026-03-15 22:03:44,173 [INFO] CPU=6.0% RAM=30.0% DISK=56.6% TEMP=62.8°C | state=NOMINAL
2026-03-15 22:03:45,185 [INFO] CPU=6.6% RAM=30.0% DISK=56.6% TEMP=63.0°C | state=NOMINAL
2026-03-15 22:03:46,196 [INFO] CPU=7.4% RAM=30.0% DISK=56.6% TEMP=63.2°C | state=NOMINAL
2026-03-15 22:03:47,211 [INFO] CPU=7.5% RAM=30.1% DISK=56.6% TEMP=63.0°C | state=NOMINAL
2026-03-15 22:03:48,229 [INFO] CPU=7.2% RAM=30.1% DISK=56.6% TEMP=62.8°C | state=NOMINAL
2026-03-15 22:03:49,241 [INFO] CPU=7.9% RAM=30.1% DISK=56.6% TEMP=65.6°C | state=NOMINAL
2026-03-15 22:03:50,254 [INFO] CPU=10.5% RAM=30.1% DISK=56.6% TEMP=66.6°C | state=NOMINAL
2026-03-15 22:03:51,264 [INFO] CPU=14.2% RAM=30.1% DISK=56.6% TEMP=67.8°C | state=NOMINAL
2026-03-15 22:03:52,275 [INFO] CPU=18.4% RAM=30.1% DISK=56.6% TEMP=69.0°C | state=NOMINAL
2026-03-15 22:03:53,287 [INFO] CPU=24.8% RAM=30.1% DISK=56.6% TEMP=69.4°C | state=NOMINAL
2026-03-15 22:03:54,298 [INFO] CPU=33.1% RAM=30.1% DISK=56.6% TEMP=67.2°C | state=NOMINAL
2026-03-15 22:03:55,309 [INFO] CPU=41.0% RAM=30.1% DISK=56.6% TEMP=66.4°C | state=NOMINAL
2026-03-15 22:03:56,321 [INFO] CPU=48.8% RAM=30.1% DISK=56.6% TEMP=66.0°C | state=NOMINAL
2026-03-15 22:03:57,331 [INFO] CPU=55.5% RAM=30.0% DISK=56.6% TEMP=65.2°C | state=NOMINAL
2026-03-15 22:03:58,343 [INFO] CPU=60.1% RAM=30.0% DISK=56.6% TEMP=65.6°C | state=NOMINAL
2026-03-15 22:03:59,354 [INFO] CPU=62.2% RAM=30.0% DISK=56.6% TEMP=65.8°C | state=NOMINAL
2026-03-15 22:04:00,364 [INFO] CPU=62.0% RAM=30.0% DISK=56.6% TEMP=66.0°C | state=NOMINAL
2026-03-15 22:04:01,400 [INFO] CPU=61.7% RAM=30.0% DISK=56.6% TEMP=65.6°C | state=NOMINAL
2026-03-15 22:04:02,411 [INFO] CPU=61.9% RAM=30.0% DISK=56.6% TEMP=65.6°C | state=NOMINAL
2026-03-15 22:04:03,420 [INFO] CPU=63.6% RAM=30.1% DISK=56.6% TEMP=65.6°C | state=NOMINAL
2026-03-15 22:04:04,430 [INFO] CPU=66.1% RAM=30.1% DISK=56.6% TEMP=65.4°C | state=NOMINAL
2026-03-15 22:04:05,440 [INFO] CPU=69.4% RAM=30.1% DISK=56.6% TEMP=65.6°C | state=NOMINAL
2026-03-15 22:04:06,475 [INFO] STATUSTEXT [sev=4] CPU WARNING 71.9
2026-03-15 22:04:06,475 [INFO] CPU entered WARNING (avg=71.9)
2026-03-15 22:04:06,475 [INFO] CPU=71.9% RAM=30.1% DISK=56.6% TEMP=65.6°C | state=NOMINAL
2026-03-15 22:04:07,512 [INFO] CPU=75.7% RAM=30.1% DISK=56.6% TEMP=65.6°C | state=NOMINAL
2026-03-15 22:04:08,521 [INFO] CPU=77.5% RAM=30.1% DISK=56.6% TEMP=65.4°C | state=NOMINAL
2026-03-15 22:04:09,531 [INFO] CPU=78.4% RAM=30.1% DISK=56.6% TEMP=65.6°C | state=NOMINAL
2026-03-15 22:04:10,542 [INFO] CPU=78.5% RAM=30.1% DISK=56.6% TEMP=65.8°C | state=NOMINAL
2026-03-15 22:04:11,580 [INFO] CPU=78.6% RAM=30.1% DISK=56.6% TEMP=66.4°C | state=NOMINAL
2026-03-15 22:04:12,616 [INFO] CPU=77.8% RAM=30.1% DISK=56.6% TEMP=66.8°C | state=NOMINAL
2026-03-15 22:04:13,651 [INFO] CPU=77.7% RAM=30.1% DISK=56.6% TEMP=66.8°C | state=NOMINAL
2026-03-15 22:04:14,665 [INFO] CPU=77.9% RAM=30.1% DISK=56.6% TEMP=66.8°C | state=NOMINAL
2026-03-15 22:04:15,677 [INFO] CPU=78.5% RAM=30.1% DISK=56.6% TEMP=66.6°C | state=NOMINAL
2026-03-15 22:04:16,692 [INFO] CPU=79.8% RAM=30.1% DISK=56.6% TEMP=66.0°C | state=NOMINAL
2026-03-15 22:04:17,729 [INFO] STATUSTEXT [sev=3] CPU HIGH 81.5
2026-03-15 22:04:17,729 [WARNING] CPU entered HIGH (avg=81.5)
2026-03-15 22:04:17,730 [INFO] CPU=81.5% RAM=30.1% DISK=56.6% TEMP=65.4°C | state=NOMINAL
2026-03-15 22:04:18,741 [INFO] STATUSTEXT [sev=3] CPU HIGH 83.3
2026-03-15 22:04:18,741 [INFO] CPU=83.3% RAM=30.1% DISK=56.6% TEMP=65.0°C | state=NOMINAL
2026-03-15 22:04:19,753 [INFO] STATUSTEXT [sev=3] CPU HIGH 84.8
2026-03-15 22:04:19,754 [INFO] CPU=84.8% RAM=30.1% DISK=56.6% TEMP=64.6°C | state=NOMINAL
2026-03-15 22:04:20,766 [INFO] STATUSTEXT [sev=3] CPU HIGH 86.0
2026-03-15 22:04:20,767 [INFO] CPU=86.0% RAM=30.1% DISK=56.6% TEMP=64.2°C | state=NOMINAL
2026-03-15 22:04:21,780 [INFO] STATUSTEXT [sev=3] CPU HIGH 87.3
2026-03-15 22:04:21,780 [INFO] CPU=87.3% RAM=30.1% DISK=56.6% TEMP=64.4°C | state=NOMINAL
2026-03-15 22:04:22,820 [INFO] STATUSTEXT [sev=3] CPU HIGH 87.8
2026-03-15 22:04:22,820 [INFO] CPU=87.8% RAM=30.1% DISK=56.6% TEMP=64.6°C | state=NOMINAL
2026-03-15 22:04:23,859 [INFO] STATUSTEXT [sev=3] CPU HIGH 87.9
2026-03-15 22:04:23,859 [INFO] CPU=87.9% RAM=30.1% DISK=56.6% TEMP=65.0°C | state=NOMINAL
2026-03-15 22:04:24,871 [INFO] STATUSTEXT [sev=3] CPU HIGH 88.4
2026-03-15 22:04:24,871 [INFO] CPU=88.4% RAM=30.1% DISK=56.6% TEMP=65.4°C | state=NOMINAL
2026-03-15 22:04:25,881 [INFO] STATUSTEXT [sev=3] CPU HIGH 88.3
2026-03-15 22:04:25,882 [INFO] CPU=88.3% RAM=30.1% DISK=56.6% TEMP=65.8°C | state=NOMINAL
2026-03-15 22:04:26,895 [INFO] STATUSTEXT [sev=3] CPU HIGH 87.8
2026-03-15 22:04:26,896 [INFO] CPU=87.8% RAM=30.1% DISK=56.6% TEMP=65.4°C | state=NOMINAL
2026-03-15 22:04:27,911 [INFO] STATUSTEXT [sev=3] CPU HIGH 88.9
2026-03-15 22:04:27,911 [INFO] CPU=88.9% RAM=30.1% DISK=56.6% TEMP=65.2°C | state=NOMINAL
2026-03-15 22:04:28,946 [WARNING] CPU entered CRITICAL (avg=90.4)
2026-03-15 22:04:28,947 [INFO] CPU critical counter: 1/10
2026-03-15 22:04:28,947 [INFO] STATUSTEXT [sev=2] CPU CRITICAL 90.4
2026-03-15 22:04:28,947 [INFO] CPU=90.4% RAM=30.1% DISK=56.6% TEMP=65.2°C | state=NOMINAL
2026-03-15 22:04:29,960 [INFO] CPU critical counter: 2/10
2026-03-15 22:04:29,962 [INFO] STATUSTEXT [sev=2] CPU CRITICAL 91.3
2026-03-15 22:04:29,962 [INFO] CPU=91.3% RAM=30.1% DISK=56.6% TEMP=64.8°C | state=NOMINAL
2026-03-15 22:04:30,972 [INFO] CPU critical counter: 3/10
2026-03-15 22:04:30,972 [INFO] STATUSTEXT [sev=2] CPU CRITICAL 92.7
2026-03-15 22:04:30,972 [INFO] CPU=92.7% RAM=30.1% DISK=56.6% TEMP=64.4°C | state=NOMINAL
2026-03-15 22:04:31,984 [INFO] CPU critical counter: 4/10
2026-03-15 22:04:31,985 [INFO] STATUSTEXT [sev=2] CPU CRITICAL 93.9
2026-03-15 22:04:31,985 [INFO] CPU=93.9% RAM=30.1% DISK=56.6% TEMP=64.4°C | state=NOMINAL
2026-03-15 22:04:32,998 [INFO] CPU critical counter: 5/10
2026-03-15 22:04:32,998 [INFO] STATUSTEXT [sev=2] CPU CRITICAL 94.2
2026-03-15 22:04:32,999 [INFO] CPU=94.2% RAM=30.1% DISK=56.6% TEMP=64.8°C | state=NOMINAL
2026-03-15 22:04:34,012 [INFO] CPU critical counter: 6/10
2026-03-15 22:04:34,013 [INFO] STATUSTEXT [sev=2] CPU CRITICAL 94.1
2026-03-15 22:04:34,014 [INFO] CPU=94.1% RAM=30.1% DISK=56.6% TEMP=64.6°C | state=NOMINAL
2026-03-15 22:04:35,026 [INFO] CPU critical counter: 7/10
2026-03-15 22:04:35,026 [INFO] STATUSTEXT [sev=2] CPU CRITICAL 94.0
2026-03-15 22:04:35,027 [INFO] CPU=94.0% RAM=30.1% DISK=56.6% TEMP=64.6°C | state=NOMINAL
2026-03-15 22:04:36,040 [INFO] CPU critical counter: 8/10
2026-03-15 22:04:36,040 [INFO] STATUSTEXT [sev=2] CPU CRITICAL 94.0
2026-03-15 22:04:36,040 [INFO] CPU=94.0% RAM=30.1% DISK=56.6% TEMP=64.8°C | state=NOMINAL
2026-03-15 22:04:37,053 [INFO] CPU critical counter: 9/10
2026-03-15 22:04:37,054 [INFO] STATUSTEXT [sev=2] CPU CRITICAL 94.0
2026-03-15 22:04:37,054 [INFO] CPU=94.0% RAM=30.1% DISK=56.6% TEMP=64.8°C | state=NOMINAL
2026-03-15 22:04:38,066 [INFO] CPU critical counter: 10/10
2026-03-15 22:04:38,067 [INFO] STATUSTEXT [sev=2] CPU CRITICAL 93.9
2026-03-15 22:04:38,067 [WARNING] FAILSAFE TRIGGERED → RTL (previous mode: STABILIZE)
2026-03-15 22:04:38,068 [INFO] STATUSTEXT [sev=2] COMPANION FAILSAFE RTL
2026-03-15 22:04:38,068 [INFO] CPU=93.9% RAM=30.1% DISK=56.6% TEMP=64.6°C | state=FAILSAFE
2026-03-15 22:04:39,079 [INFO] CPU critical counter: 11/10
2026-03-15 22:04:39,080 [INFO] STATUSTEXT [sev=2] CPU CRITICAL 93.9
2026-03-15 22:04:39,080 [INFO] CPU=93.9% RAM=30.1% DISK=56.6% TEMP=64.8°C | state=FAILSAFE
2026-03-15 22:04:40,115 [INFO] CPU critical counter: 12/10
2026-03-15 22:04:40,115 [INFO] STATUSTEXT [sev=2] CPU CRITICAL 94.0
2026-03-15 22:04:40,116 [INFO] CPU=94.0% RAM=30.1% DISK=56.6% TEMP=65.2°C | state=FAILSAFE
2026-03-15 22:04:41,128 [INFO] CPU critical counter: 13/10
2026-03-15 22:04:41,128 [INFO] STATUSTEXT [sev=2] CPU CRITICAL 94.0
2026-03-15 22:04:41,128 [INFO] CPU=94.0% RAM=30.1% DISK=56.6% TEMP=65.4°C | state=FAILSAFE
2026-03-15 22:04:42,140 [INFO] CPU critical counter: 14/10
2026-03-15 22:04:42,141 [INFO] STATUSTEXT [sev=2] CPU CRITICAL 94.0
2026-03-15 22:04:42,141 [INFO] CPU=94.0% RAM=30.1% DISK=56.6% TEMP=65.4°C | state=FAILSAFE
2026-03-15 22:04:43,153 [INFO] CPU critical counter: 15/10
2026-03-15 22:04:43,153 [INFO] STATUSTEXT [sev=2] CPU CRITICAL 93.8
2026-03-15 22:04:43,153 [INFO] CPU=93.8% RAM=30.1% DISK=56.6% TEMP=65.6°C | state=FAILSAFE
2026-03-15 22:04:44,165 [INFO] CPU critical counter: 16/10
2026-03-15 22:04:44,166 [INFO] STATUSTEXT [sev=2] CPU CRITICAL 93.8
2026-03-15 22:04:44,166 [INFO] CPU=93.8% RAM=30.1% DISK=56.6% TEMP=65.6°C | state=FAILSAFE
2026-03-15 22:04:45,179 [INFO] CPU critical counter: 17/10
2026-03-15 22:04:45,179 [INFO] STATUSTEXT [sev=2] CPU CRITICAL 93.8
2026-03-15 22:04:45,179 [INFO] CPU=93.8% RAM=30.1% DISK=56.6% TEMP=65.2°C | state=FAILSAFE
2026-03-15 22:04:46,191 [INFO] CPU critical counter: 18/10
2026-03-15 22:04:46,193 [INFO] STATUSTEXT [sev=2] CPU CRITICAL 93.8
2026-03-15 22:04:46,193 [INFO] CPU=93.8% RAM=30.1% DISK=56.6% TEMP=64.8°C | state=FAILSAFE
2026-03-15 22:04:47,206 [INFO] CPU critical counter: 19/10
2026-03-15 22:04:47,207 [INFO] STATUSTEXT [sev=2] CPU CRITICAL 93.6
2026-03-15 22:04:47,208 [INFO] CPU=93.6% RAM=30.1% DISK=56.6% TEMP=64.8°C | state=FAILSAFE
2026-03-15 22:04:48,219 [INFO] CPU critical counter: 20/10
2026-03-15 22:04:48,219 [INFO] STATUSTEXT [sev=2] CPU CRITICAL 93.6
2026-03-15 22:04:48,219 [INFO] CPU=93.6% RAM=30.1% DISK=56.6% TEMP=64.4°C | state=FAILSAFE
2026-03-15 22:04:49,236 [INFO] CPU critical counter: 21/10
2026-03-15 22:04:49,236 [INFO] STATUSTEXT [sev=2] CPU CRITICAL 94.1
2026-03-15 22:04:49,236 [INFO] CPU=94.1% RAM=30.1% DISK=56.6% TEMP=64.4°C | state=FAILSAFE
2026-03-15 22:04:50,247 [INFO] CPU critical counter: 22/10
2026-03-15 22:04:50,248 [INFO] STATUSTEXT [sev=2] CPU CRITICAL 94.2
2026-03-15 22:04:50,248 [INFO] CPU=94.2% RAM=30.1% DISK=56.6% TEMP=64.4°C | state=FAILSAFE
2026-03-15 22:04:51,260 [INFO] CPU critical counter: 23/10
2026-03-15 22:04:51,260 [INFO] STATUSTEXT [sev=2] CPU CRITICAL 94.2
2026-03-15 22:04:51,260 [INFO] CPU=94.2% RAM=30.1% DISK=56.6% TEMP=64.8°C | state=FAILSAFE
2026-03-15 22:04:52,276 [INFO] CPU critical counter: 24/10
2026-03-15 22:04:52,276 [INFO] STATUSTEXT [sev=2] CPU CRITICAL 94.2
2026-03-15 22:04:52,277 [INFO] CPU=94.2% RAM=30.1% DISK=56.6% TEMP=64.8°C | state=FAILSAFE
2026-03-15 22:04:53,289 [INFO] CPU critical counter: 25/10
2026-03-15 22:04:53,290 [INFO] STATUSTEXT [sev=2] CPU CRITICAL 94.2
2026-03-15 22:04:53,290 [INFO] CPU=94.2% RAM=30.1% DISK=56.6% TEMP=65.0°C | state=FAILSAFE
2026-03-15 22:04:54,306 [INFO] CPU critical counter: 26/10
2026-03-15 22:04:54,307 [INFO] STATUSTEXT [sev=2] CPU CRITICAL 93.7
2026-03-15 22:04:54,307 [INFO] CPU=93.7% RAM=30.1% DISK=56.6% TEMP=64.6°C | state=FAILSAFE
2026-03-15 22:04:55,318 [INFO] CPU critical counter: 27/10
2026-03-15 22:04:55,319 [INFO] STATUSTEXT [sev=2] CPU CRITICAL 93.6
2026-03-15 22:04:55,319 [INFO] CPU=93.6% RAM=30.1% DISK=56.6% TEMP=64.6°C | state=FAILSAFE
2026-03-15 22:04:56,338 [INFO] CPU critical counter: 28/10
2026-03-15 22:04:56,338 [INFO] STATUSTEXT [sev=2] CPU CRITICAL 93.4
2026-03-15 22:04:56,339 [INFO] CPU=93.4% RAM=30.1% DISK=56.6% TEMP=64.2°C | state=FAILSAFE
2026-03-15 22:04:57,351 [INFO] CPU critical counter: 29/10
2026-03-15 22:04:57,352 [INFO] STATUSTEXT [sev=2] CPU CRITICAL 93.4
2026-03-15 22:04:57,352 [INFO] CPU=93.4% RAM=30.1% DISK=56.6% TEMP=64.2°C | state=FAILSAFE
2026-03-15 22:04:58,364 [INFO] CPU critical counter: 30/10
2026-03-15 22:04:58,365 [INFO] STATUSTEXT [sev=2] CPU CRITICAL 93.4
2026-03-15 22:04:58,366 [INFO] CPU=93.4% RAM=30.1% DISK=56.6% TEMP=64.0°C | state=FAILSAFE
2026-03-15 22:04:59,378 [INFO] CPU critical counter: 31/10
2026-03-15 22:04:59,378 [INFO] STATUSTEXT [sev=2] CPU CRITICAL 93.5
2026-03-15 22:04:59,378 [INFO] CPU=93.5% RAM=30.1% DISK=56.6% TEMP=64.0°C | state=FAILSAFE
2026-03-15 22:05:00,393 [INFO] CPU critical counter: 32/10
2026-03-15 22:05:00,394 [INFO] STATUSTEXT [sev=2] CPU CRITICAL 93.6
2026-03-15 22:05:00,394 [INFO] CPU=93.6% RAM=30.1% DISK=56.6% TEMP=64.4°C | state=FAILSAFE
2026-03-15 22:05:01,410 [INFO] STATUSTEXT [sev=3] CPU HIGH 89.4
2026-03-15 22:05:01,410 [WARNING] CPU entered HIGH (avg=89.4)
2026-03-15 22:05:01,410 [INFO] CPU=89.4% RAM=30.1% DISK=56.6% TEMP=64.2°C | state=FAILSAFE
2026-03-15 22:05:02,428 [INFO] STATUSTEXT [sev=4] CPU WARNING 71.8
2026-03-15 22:05:02,429 [INFO] CPU entered WARNING (avg=71.8)
2026-03-15 22:05:02,429 [INFO] CPU=71.8% RAM=30.1% DISK=56.6% TEMP=64.2°C | state=FAILSAFE
2026-03-15 22:05:03,445 [INFO] CPU returned to NOMINAL
2026-03-15 22:05:03,445 [INFO] CPU=54.2% RAM=30.1% DISK=56.6% TEMP=64.2°C | state=FAILSAFE
2026-03-15 22:05:03,445 [INFO] Recovery counter: 1/5
2026-03-15 22:05:04,463 [INFO] CPU=36.4% RAM=30.1% DISK=56.6% TEMP=64.0°C | state=FAILSAFE
2026-03-15 22:05:04,463 [INFO] Recovery counter: 2/5
2026-03-15 22:05:05,483 [INFO] CPU=18.7% RAM=30.1% DISK=56.6% TEMP=63.6°C | state=FAILSAFE
2026-03-15 22:05:05,483 [INFO] Recovery counter: 3/5
2026-03-15 22:05:06,505 [INFO] CPU=6.0% RAM=30.1% DISK=56.6% TEMP=63.6°C | state=FAILSAFE
2026-03-15 22:05:06,506 [INFO] Recovery counter: 4/5
2026-03-15 22:05:07,550 [INFO] CPU=6.9% RAM=30.1% DISK=56.6% TEMP=63.6°C | state=FAILSAFE
2026-03-15 22:05:07,551 [INFO] Recovery counter: 5/5
2026-03-15 22:05:07,551 [INFO] System recovered → restoring mode: STABILIZE
2026-03-15 22:05:07,551 [INFO] STATUSTEXT [sev=6] COMPANION RECOVERED
2026-03-15 22:05:08,568 [INFO] CPU=7.1% RAM=30.1% DISK=56.6% TEMP=63.4°C | state=NOMINAL
2026-03-15 22:05:09,583 [INFO] CPU=7.1% RAM=30.1% DISK=56.6% TEMP=63.4°C | state=NOMINAL
2026-03-15 22:05:10,602 [INFO] CPU=7.0% RAM=30.1% DISK=56.6% TEMP=63.2°C | state=NOMINAL
2026-03-15 22:05:11,614 [INFO] CPU=7.3% RAM=30.1% DISK=56.6% TEMP=63.4°C | state=NOMINAL
2026-03-15 22:05:12,626 [INFO] CPU=6.4% RAM=30.1% DISK=56.6% TEMP=63.4°C | state=NOMINAL
2026-03-15 22:05:13,664 [INFO] CPU=6.2% RAM=30.1% DISK=56.6% TEMP=63.2°C | state=NOMINAL
2026-03-15 22:05:14,680 [INFO] CPU=6.5% RAM=30.1% DISK=56.6% TEMP=63.2°C | state=NOMINAL
2026-03-15 22:05:15,694 [INFO] CPU=7.0% RAM=30.1% DISK=56.6% TEMP=63.2°C | state=NOMINAL
2026-03-15 22:05:16,739 [INFO] CPU=6.2% RAM=30.1% DISK=56.6% TEMP=63.0°C | state=NOMINAL
2026-03-15 22:05:17,761 [INFO] CPU=6.3% RAM=30.1% DISK=56.6% TEMP=63.0°C | state=NOMINAL
2026-03-15 22:05:18,771 [INFO] CPU=7.1% RAM=30.0% DISK=56.6% TEMP=63.4°C | state=NOMINAL
2026-03-15 22:05:19,788 [INFO] CPU=8.1% RAM=30.0% DISK=56.6% TEMP=63.6°C | state=NOMINAL
2026-03-15 22:05:20,802 [INFO] CPU=7.7% RAM=30.0% DISK=56.6% TEMP=63.8°C | state=NOMINAL
2026-03-15 22:05:21,816 [INFO] CPU=7.9% RAM=30.0% DISK=56.6% TEMP=63.8°C | state=NOMINAL
2026-03-15 22:05:22,860 [INFO] CPU=7.7% RAM=30.0% DISK=56.6% TEMP=63.8°C | state=NOMINAL
2026-03-15 22:05:23,874 [INFO] CPU=6.9% RAM=30.0% DISK=56.6% TEMP=63.8°C | state=NOMINAL
2026-03-15 22:05:24,882 [INFO] CPU=5.9% RAM=29.9% DISK=56.6% TEMP=63.8°C | state=NOMINAL
2026-03-15 22:05:25,895 [INFO] CPU=6.6% RAM=29.8% DISK=56.6% TEMP=63.6°C | state=NOMINAL
2026-03-15 22:05:26,906 [INFO] CPU=7.2% RAM=29.7% DISK=56.6% TEMP=63.8°C | state=NOMINAL
2026-03-15 22:05:27,923 [INFO] CPU=7.3% RAM=29.6% DISK=56.6% TEMP=63.6°C | state=NOMINAL
2026-03-15 22:05:29,198 [INFO] CPU=7.7% RAM=29.5% DISK=56.6% TEMP=63.4°C | state=NOMINAL
2026-03-15 22:05:30,220 [INFO] CPU=7.2% RAM=29.5% DISK=56.6% TEMP=63.4°C | state=NOMINAL
2026-03-15 22:05:31,244 [INFO] CPU=6.2% RAM=29.5% DISK=56.6% TEMP=63.4°C | state=NOMINAL
2026-03-15 22:05:31,972 [INFO] Monitor stopped by user.
2026-03-15 22:05:31,972 [INFO] Heartbeat thread stopped.
2026-03-15 23:08:38,395 [INFO] Waiting for heartbeat...
2026-03-15 23:11:16,035 [INFO] Waiting for heartbeat...
2026-03-15 23:11:16,936 [INFO] Connected to vehicle (sysid=1 compid=0)
2026-03-15 23:11:16,936 [INFO] Heartbeat thread started (interval=1s)
2026-03-15 23:11:16,936 [INFO] Watchdog active for: ['qrtest1']
2026-03-15 23:11:16,937 [INFO] vcgencmd unavailable — GPU memory info skipped.
2026-03-15 23:11:16,938 [INFO] Starting Companion Health Monitor | failsafe_after=10s recovery_after=5s statustext_crit=1s statustext_normal=3s
2026-03-15 23:11:16,951 [INFO] STATUSTEXT [sev=4] CPU_TEMP WARNING 76.0
2026-03-15 23:11:16,951 [INFO] CPU_TEMP entered WARNING (avg=76.0)
2026-03-15 23:11:16,951 [INFO] CPU=7.4% RAM=32.6% DISK=56.6% CPU_T=76.0C GPU_T=0.0C | state=NOMINAL
2026-03-15 23:11:17,978 [INFO] CPU=7.2% RAM=32.6% DISK=56.6% CPU_T=70.0C GPU_T=0.0C | state=NOMINAL
2026-03-15 23:11:19,021 [INFO] CPU_TEMP returned to NOMINAL
2026-03-15 23:11:19,022 [INFO] CPU=7.6% RAM=32.6% DISK=56.6% CPU_T=67.7C GPU_T=0.0C | state=NOMINAL
2026-03-15 23:11:20,059 [INFO] CPU=8.2% RAM=32.6% DISK=56.6% CPU_T=67.0C GPU_T=0.0C | state=NOMINAL
2026-03-15 23:11:21,129 [INFO] CPU=8.4% RAM=32.6% DISK=56.6% CPU_T=66.4C GPU_T=0.0C | state=NOMINAL
2026-03-15 23:11:22,168 [INFO] CPU=8.7% RAM=32.6% DISK=56.6% CPU_T=64.4C GPU_T=0.0C | state=NOMINAL
2026-03-15 23:11:23,207 [INFO] CPU=9.0% RAM=32.6% DISK=56.6% CPU_T=64.4C GPU_T=0.0C | state=NOMINAL
2026-03-15 23:11:24,243 [INFO] CPU=9.2% RAM=32.6% DISK=56.6% CPU_T=64.4C GPU_T=0.0C | state=NOMINAL
2026-03-15 23:11:25,283 [INFO] CPU=8.7% RAM=32.6% DISK=56.6% CPU_T=64.2C GPU_T=0.0C | state=NOMINAL
2026-03-15 23:11:26,350 [INFO] CPU=8.4% RAM=32.6% DISK=56.6% CPU_T=64.0C GPU_T=0.0C | state=NOMINAL
2026-03-15 23:11:27,412 [INFO] CPU=8.0% RAM=32.6% DISK=56.6% CPU_T=63.8C GPU_T=0.0C | state=NOMINAL
2026-03-15 23:11:28,452 [INFO] CPU=8.1% RAM=32.6% DISK=56.6% CPU_T=63.6C GPU_T=0.0C | state=NOMINAL
2026-03-15 23:11:29,490 [INFO] CPU=7.8% RAM=32.6% DISK=56.6% CPU_T=64.0C GPU_T=0.0C | state=NOMINAL
2026-03-15 23:11:30,522 [INFO] CPU=7.6% RAM=32.5% DISK=56.6% CPU_T=63.8C GPU_T=0.0C | state=NOMINAL
2026-03-15 23:11:31,562 [INFO] CPU=7.9% RAM=32.5% DISK=56.6% CPU_T=64.0C GPU_T=0.0C | state=NOMINAL
2026-03-15 23:11:32,600 [INFO] CPU=8.5% RAM=32.5% DISK=56.6% CPU_T=63.8C GPU_T=0.0C | state=NOMINAL
2026-03-15 23:11:33,633 [INFO] CPU=9.1% RAM=32.5% DISK=56.6% CPU_T=64.4C GPU_T=0.0C | state=NOMINAL
2026-03-15 23:11:34,669 [INFO] CPU=9.1% RAM=32.5% DISK=56.6% CPU_T=64.0C GPU_T=0.0C | state=NOMINAL
2026-03-15 23:11:35,821 [INFO] CPU=9.1% RAM=32.5% DISK=56.6% CPU_T=64.2C GPU_T=0.0C | state=NOMINAL
2026-03-15 23:11:36,851 [INFO] CPU=8.9% RAM=32.5% DISK=56.6% CPU_T=66.2C GPU_T=0.0C | state=NOMINAL
2026-03-15 23:11:37,876 [INFO] CPU=9.1% RAM=32.5% DISK=56.6% CPU_T=67.8C GPU_T=0.0C | state=NOMINAL
2026-03-15 23:11:38,900 [INFO] CPU=9.0% RAM=32.5% DISK=56.6% CPU_T=69.4C GPU_T=0.0C | state=NOMINAL
2026-03-15 23:11:39,923 [INFO] STATUSTEXT [sev=4] CPU_TEMP WARNING 72.0
2026-03-15 23:11:39,923 [INFO] CPU_TEMP entered WARNING (avg=72.0)
2026-03-15 23:11:39,923 [INFO] CPU=9.7% RAM=32.5% DISK=56.6% CPU_T=72.0C GPU_T=0.0C | state=NOMINAL
2026-03-15 23:11:40,951 [INFO] CPU=11.0% RAM=32.5% DISK=56.6% CPU_T=73.0C GPU_T=0.0C | state=NOMINAL
2026-03-15 23:11:41,978 [INFO] CPU=13.4% RAM=32.5% DISK=56.6% CPU_T=71.6C GPU_T=0.0C | state=NOMINAL
2026-03-15 23:11:43,008 [INFO] CPU=16.2% RAM=32.5% DISK=56.6% CPU_T=70.6C GPU_T=0.0C | state=NOMINAL
2026-03-15 23:11:44,048 [INFO] CPU_TEMP returned to NOMINAL
2026-03-15 23:11:44,048 [INFO] CPU=22.1% RAM=32.5% DISK=56.6% CPU_T=69.0C GPU_T=0.0C | state=NOMINAL
2026-03-15 23:11:45,089 [INFO] CPU=30.9% RAM=32.5% DISK=56.6% CPU_T=67.4C GPU_T=0.0C | state=NOMINAL
2026-03-15 23:11:46,131 [INFO] CPU=42.4% RAM=32.5% DISK=56.6% CPU_T=67.0C GPU_T=0.0C | state=NOMINAL
2026-03-15 23:11:47,157 [INFO] CPU=54.0% RAM=32.5% DISK=56.6% CPU_T=66.8C GPU_T=0.0C | state=NOMINAL
2026-03-15 23:11:48,188 [INFO] CPU=65.0% RAM=32.5% DISK=56.6% CPU_T=66.8C GPU_T=0.0C | state=NOMINAL
2026-03-15 23:11:49,222 [INFO] STATUSTEXT [sev=4] CPU WARNING 73.1
2026-03-15 23:11:49,222 [INFO] CPU entered WARNING (avg=73.1)
2026-03-15 23:11:49,223 [INFO] CPU=73.1% RAM=32.5% DISK=56.6% CPU_T=66.8C GPU_T=0.0C | state=NOMINAL
2026-03-15 23:11:50,252 [INFO] CPU=77.8% RAM=32.5% DISK=56.6% CPU_T=66.6C GPU_T=0.0C | state=NOMINAL
2026-03-15 23:11:51,280 [INFO] CPU=79.6% RAM=32.5% DISK=56.6% CPU_T=66.6C GPU_T=0.0C | state=NOMINAL
2026-03-15 23:11:52,307 [INFO] CPU=79.6% RAM=32.5% DISK=56.6% CPU_T=66.8C GPU_T=0.0C | state=NOMINAL
2026-03-15 23:11:53,334 [INFO] CPU=79.2% RAM=32.5% DISK=56.6% CPU_T=67.0C GPU_T=0.0C | state=NOMINAL
2026-03-15 23:11:54,363 [INFO] CPU=78.6% RAM=32.6% DISK=56.6% CPU_T=67.2C GPU_T=0.0C | state=NOMINAL
2026-03-15 23:11:55,392 [INFO] CPU=78.4% RAM=32.6% DISK=56.6% CPU_T=67.4C GPU_T=0.0C | state=NOMINAL
2026-03-15 23:11:56,418 [INFO] CPU=78.5% RAM=32.6% DISK=56.6% CPU_T=67.8C GPU_T=0.0C | state=NOMINAL
2026-03-15 23:11:57,447 [INFO] CPU=78.8% RAM=32.6% DISK=56.6% CPU_T=68.0C GPU_T=0.0C | state=NOMINAL
2026-03-15 23:11:58,478 [INFO] STATUSTEXT [sev=3] CPU HIGH 80.3
2026-03-15 23:11:58,478 [WARNING] CPU entered HIGH (avg=80.3)
2026-03-15 23:11:58,478 [INFO] CPU=80.3% RAM=32.6% DISK=56.6% CPU_T=68.0C GPU_T=0.0C | state=NOMINAL
2026-03-15 23:11:59,514 [INFO] STATUSTEXT [sev=3] CPU HIGH 83.1
2026-03-15 23:11:59,514 [INFO] CPU=83.1% RAM=32.6% DISK=56.6% CPU_T=68.2C GPU_T=0.0C | state=NOMINAL
2026-03-15 23:12:00,550 [INFO] STATUSTEXT [sev=3] CPU HIGH 86.3
2026-03-15 23:12:00,551 [INFO] CPU=86.3% RAM=32.6% DISK=56.6% CPU_T=68.4C GPU_T=0.0C | state=NOMINAL
2026-03-15 23:12:01,582 [INFO] STATUSTEXT [sev=3] CPU HIGH 89.1
2026-03-15 23:12:01,582 [INFO] CPU=89.1% RAM=32.5% DISK=56.6% CPU_T=68.2C GPU_T=0.0C | state=NOMINAL
2026-03-15 23:12:02,620 [WARNING] CPU entered CRITICAL (avg=92.0)
2026-03-15 23:12:02,620 [INFO] CPU critical counter: 1/10
2026-03-15 23:12:02,620 [INFO] STATUSTEXT [sev=2] CPU CRITICAL 92.0
2026-03-15 23:12:02,621 [INFO] CPU=92.0% RAM=32.5% DISK=56.6% CPU_T=68.0C GPU_T=0.0C | state=NOMINAL
2026-03-15 23:12:03,657 [INFO] CPU critical counter: 2/10
2026-03-15 23:12:03,658 [INFO] STATUSTEXT [sev=2] CPU CRITICAL 93.8
2026-03-15 23:12:03,658 [INFO] CPU=93.8% RAM=32.5% DISK=56.6% CPU_T=67.8C GPU_T=0.0C | state=NOMINAL
2026-03-15 23:12:04,705 [INFO] CPU critical counter: 3/10
2026-03-15 23:12:04,706 [INFO] STATUSTEXT [sev=2] CPU CRITICAL 94.2
2026-03-15 23:12:04,706 [INFO] CPU=94.2% RAM=32.6% DISK=56.6% CPU_T=67.4C GPU_T=0.0C | state=NOMINAL
2026-03-15 23:12:05,762 [INFO] CPU critical counter: 4/10
2026-03-15 23:12:05,762 [INFO] STATUSTEXT [sev=2] CPU CRITICAL 94.3
2026-03-15 23:12:05,763 [INFO] CPU=94.3% RAM=32.6% DISK=56.6% CPU_T=66.8C GPU_T=0.0C | state=NOMINAL
2026-03-15 23:12:06,824 [INFO] CPU critical counter: 5/10
2026-03-15 23:12:06,825 [INFO] STATUSTEXT [sev=2] CPU CRITICAL 94.5
2026-03-15 23:12:06,826 [INFO] CPU=94.5% RAM=32.6% DISK=56.6% CPU_T=66.4C GPU_T=0.0C | state=NOMINAL
2026-03-15 23:12:07,863 [INFO] CPU critical counter: 6/10
2026-03-15 23:12:07,864 [INFO] STATUSTEXT [sev=2] CPU CRITICAL 94.8
2026-03-15 23:12:07,864 [INFO] CPU=94.8% RAM=32.6% DISK=56.6% CPU_T=66.2C GPU_T=0.0C | state=NOMINAL
2026-03-15 23:12:08,918 [INFO] CPU critical counter: 7/10
2026-03-15 23:12:08,918 [INFO] STATUSTEXT [sev=2] CPU CRITICAL 94.8
2026-03-15 23:12:08,919 [INFO] CPU=94.8% RAM=32.6% DISK=56.6% CPU_T=66.0C GPU_T=0.0C | state=NOMINAL
2026-03-15 23:12:09,991 [INFO] CPU critical counter: 8/10
2026-03-15 23:12:09,992 [INFO] STATUSTEXT [sev=2] CPU CRITICAL 95.0
2026-03-15 23:12:09,992 [INFO] CPU=95.0% RAM=32.5% DISK=56.6% CPU_T=66.0C GPU_T=0.0C | state=NOMINAL
2026-03-15 23:12:11,038 [INFO] CPU critical counter: 9/10
2026-03-15 23:12:11,039 [INFO] STATUSTEXT [sev=2] CPU CRITICAL 95.0
2026-03-15 23:12:11,039 [INFO] CPU=95.0% RAM=32.5% DISK=56.6% CPU_T=66.0C GPU_T=0.0C | state=NOMINAL
2026-03-15 23:12:12,088 [INFO] CPU critical counter: 10/10
2026-03-15 23:12:12,089 [INFO] STATUSTEXT [sev=2] CPU CRITICAL 95.0
2026-03-15 23:12:12,090 [WARNING] FAILSAFE TRIGGERED -> RTL | reason=CPU | previous_mode=STABILIZE
2026-03-15 23:12:12,090 [INFO] STATUSTEXT [sev=2] COMPANION FAILSAFE: CPU
2026-03-15 23:12:12,090 [INFO] CPU=95.0% RAM=32.5% DISK=56.6% CPU_T=66.0C GPU_T=0.0C | state=FAILSAFE
2026-03-15 23:12:13,149 [INFO] CPU critical counter: 11/10
2026-03-15 23:12:13,149 [INFO] STATUSTEXT [sev=2] CPU CRITICAL 94.9
2026-03-15 23:12:13,150 [INFO] CPU=94.9% RAM=32.5% DISK=56.6% CPU_T=66.0C GPU_T=0.0C | state=FAILSAFE
2026-03-15 23:12:14,201 [INFO] CPU critical counter: 12/10
2026-03-15 23:12:14,202 [INFO] STATUSTEXT [sev=2] CPU CRITICAL 95.0
2026-03-15 23:12:14,202 [INFO] CPU=95.0% RAM=32.5% DISK=56.6% CPU_T=66.2C GPU_T=0.0C | state=FAILSAFE
2026-03-15 23:12:15,250 [INFO] CPU critical counter: 13/10
2026-03-15 23:12:15,251 [INFO] STATUSTEXT [sev=2] CPU CRITICAL 95.0
2026-03-15 23:12:15,251 [INFO] CPU=95.0% RAM=32.5% DISK=56.6% CPU_T=66.2C GPU_T=0.0C | state=FAILSAFE
2026-03-15 23:12:16,287 [INFO] CPU critical counter: 14/10
2026-03-15 23:12:16,288 [INFO] STATUSTEXT [sev=2] CPU CRITICAL 94.8
2026-03-15 23:12:16,289 [INFO] CPU=94.8% RAM=32.5% DISK=56.6% CPU_T=66.2C GPU_T=0.0C | state=FAILSAFE
2026-03-15 23:12:17,325 [INFO] CPU critical counter: 15/10
2026-03-15 23:12:17,326 [INFO] STATUSTEXT [sev=2] CPU CRITICAL 94.7
2026-03-15 23:12:17,326 [INFO] CPU=94.7% RAM=32.6% DISK=56.6% CPU_T=66.2C GPU_T=0.0C | state=FAILSAFE
2026-03-15 23:12:18,374 [INFO] STATUSTEXT [sev=4] CPU WARNING 78.8
2026-03-15 23:12:18,374 [INFO] CPU entered WARNING (avg=78.8)
2026-03-15 23:12:18,375 [INFO] CPU=78.8% RAM=32.6% DISK=56.6% CPU_T=66.2C GPU_T=0.0C | state=FAILSAFE
2026-03-15 23:12:19,408 [INFO] CPU returned to NOMINAL
2026-03-15 23:12:19,409 [INFO] CPU=61.1% RAM=32.6% DISK=56.6% CPU_T=66.0C GPU_T=0.0C | state=FAILSAFE
2026-03-15 23:12:19,424 [INFO] Recovery counter: 1/5
2026-03-15 23:12:20,445 [INFO] CPU=43.4% RAM=32.6% DISK=56.6% CPU_T=66.0C GPU_T=0.0C | state=FAILSAFE
2026-03-15 23:12:20,463 [INFO] Recovery counter: 2/5
2026-03-15 23:12:21,479 [INFO] CPU=25.9% RAM=32.6% DISK=56.6% CPU_T=65.6C GPU_T=0.0C | state=FAILSAFE
2026-03-15 23:12:21,497 [INFO] Recovery counter: 3/5
2026-03-15 23:12:22,513 [INFO] CPU=8.7% RAM=32.6% DISK=56.6% CPU_T=65.6C GPU_T=0.0C | state=FAILSAFE
2026-03-15 23:12:22,530 [INFO] Recovery counter: 4/5
2026-03-15 23:12:23,541 [INFO] CPU=7.9% RAM=32.6% DISK=56.6% CPU_T=65.8C GPU_T=0.0C | state=FAILSAFE
2026-03-15 23:12:23,553 [INFO] Recovery counter: 5/5
2026-03-15 23:12:23,553 [INFO] System recovered -> restoring mode: STABILIZE
2026-03-15 23:12:23,554 [INFO] STATUSTEXT [sev=6] COMPANION RECOVERED
2026-03-15 23:12:24,569 [INFO] CPU=8.6% RAM=32.6% DISK=56.6% CPU_T=65.8C GPU_T=0.0C | state=NOMINAL
2026-03-15 23:12:25,607 [INFO] CPU=9.3% RAM=32.5% DISK=56.6% CPU_T=65.8C GPU_T=0.0C | state=NOMINAL
2026-03-15 23:12:26,636 [INFO] CPU=9.6% RAM=32.5% DISK=56.6% CPU_T=66.4C GPU_T=0.0C | state=NOMINAL
2026-03-15 23:12:27,666 [INFO] CPU=9.3% RAM=32.5% DISK=56.6% CPU_T=66.4C GPU_T=0.0C | state=NOMINAL
2026-03-15 23:12:28,866 [INFO] CPU=8.6% RAM=32.5% DISK=56.6% CPU_T=66.2C GPU_T=0.0C | state=NOMINAL
2026-03-15 23:12:29,903 [INFO] CPU=8.0% RAM=32.5% DISK=56.6% CPU_T=66.2C GPU_T=0.0C | state=NOMINAL
2026-03-15 23:12:30,934 [INFO] CPU=7.4% RAM=32.5% DISK=56.6% CPU_T=65.8C GPU_T=0.0C | state=NOMINAL
2026-03-15 23:12:31,955 [INFO] CPU=7.2% RAM=32.5% DISK=56.6% CPU_T=66.4C GPU_T=0.0C | state=NOMINAL
2026-03-15 23:12:32,980 [INFO] CPU=7.2% RAM=32.5% DISK=56.6% CPU_T=66.4C GPU_T=0.0C | state=NOMINAL
2026-03-15 23:12:34,011 [INFO] CPU=7.3% RAM=32.5% DISK=56.6% CPU_T=66.4C GPU_T=0.0C | state=NOMINAL
2026-03-15 23:12:35,053 [INFO] CPU=7.8% RAM=32.5% DISK=56.6% CPU_T=66.6C GPU_T=0.0C | state=NOMINAL
2026-03-15 23:12:36,083 [INFO] CPU=7.9% RAM=32.5% DISK=56.6% CPU_T=66.6C GPU_T=0.0C | state=NOMINAL
2026-03-15 23:12:37,123 [INFO] CPU=8.1% RAM=32.5% DISK=56.6% CPU_T=65.4C GPU_T=0.0C | state=NOMINAL
2026-03-15 23:12:38,157 [INFO] CPU=8.4% RAM=32.4% DISK=56.6% CPU_T=65.0C GPU_T=0.0C | state=NOMINAL
2026-03-15 23:12:39,197 [INFO] CPU=8.3% RAM=32.3% DISK=56.6% CPU_T=64.6C GPU_T=0.0C | state=NOMINAL
2026-03-15 23:12:40,261 [INFO] CPU=7.9% RAM=32.1% DISK=56.6% CPU_T=64.2C GPU_T=0.0C | state=NOMINAL
2026-03-15 23:12:41,306 [INFO] CPU=8.1% RAM=32.0% DISK=56.6% CPU_T=64.6C GPU_T=0.0C | state=NOMINAL
2026-03-15 23:12:42,337 [INFO] CPU=7.9% RAM=31.9% DISK=56.6% CPU_T=65.0C GPU_T=0.0C | state=NOMINAL
2026-03-15 23:12:43,370 [INFO] CPU=8.7% RAM=31.9% DISK=56.6% CPU_T=64.8C GPU_T=0.0C | state=NOMINAL
2026-03-15 23:12:44,405 [INFO] CPU=9.8% RAM=31.5% DISK=56.6% CPU_T=65.0C GPU_T=0.0C | state=NOMINAL
2026-03-15 23:12:45,437 [INFO] CPU=11.8% RAM=31.1% DISK=56.6% CPU_T=65.2C GPU_T=0.0C | state=NOMINAL
2026-03-15 23:12:46,491 [INFO] CPU=12.6% RAM=30.7% DISK=56.6% CPU_T=65.2C GPU_T=0.0C | state=NOMINAL
2026-03-15 23:12:47,527 [INFO] CPU=14.1% RAM=30.3% DISK=56.6% CPU_T=65.0C GPU_T=0.0C | state=NOMINAL
2026-03-15 23:12:48,565 [INFO] CPU=13.5% RAM=29.9% DISK=56.6% CPU_T=65.4C GPU_T=0.0C | state=NOMINAL
2026-03-15 23:12:49,597 [INFO] CPU=12.6% RAM=29.9% DISK=56.6% CPU_T=65.4C GPU_T=0.0C | state=NOMINAL
2026-03-15 23:12:50,631 [INFO] CPU=10.6% RAM=29.9% DISK=56.6% CPU_T=65.4C GPU_T=0.0C | state=NOMINAL
2026-03-15 23:12:51,669 [INFO] CPU=9.2% RAM=29.9% DISK=56.6% CPU_T=65.0C GPU_T=0.0C | state=NOMINAL
2026-03-15 23:12:52,699 [INFO] CPU=7.5% RAM=29.9% DISK=56.6% CPU_T=64.8C GPU_T=0.0C | state=NOMINAL
2026-03-15 23:12:53,741 [INFO] CPU=7.0% RAM=29.9% DISK=56.6% CPU_T=64.6C GPU_T=0.0C | state=NOMINAL
2026-03-15 23:12:54,772 [INFO] CPU=6.6% RAM=29.9% DISK=56.6% CPU_T=64.6C GPU_T=0.0C | state=NOMINAL
2026-03-15 23:12:55,810 [INFO] CPU=6.4% RAM=29.9% DISK=56.6% CPU_T=64.4C GPU_T=0.0C | state=NOMINAL
2026-03-15 23:12:56,848 [INFO] CPU=6.3% RAM=29.9% DISK=56.6% CPU_T=64.4C GPU_T=0.0C | state=NOMINAL
2026-03-15 23:12:57,882 [INFO] CPU=6.2% RAM=29.9% DISK=56.6% CPU_T=64.2C GPU_T=0.0C | state=NOMINAL
2026-03-15 23:12:58,925 [INFO] CPU=6.0% RAM=29.9% DISK=56.6% CPU_T=64.2C GPU_T=0.0C | state=NOMINAL
2026-03-15 23:12:59,967 [INFO] CPU=5.9% RAM=30.0% DISK=56.6% CPU_T=63.8C GPU_T=0.0C | state=NOMINAL
2026-03-15 23:13:01,002 [INFO] CPU=5.8% RAM=30.0% DISK=56.6% CPU_T=63.4C GPU_T=0.0C | state=NOMINAL
2026-03-15 23:13:02,061 [INFO] CPU=5.7% RAM=30.0% DISK=56.6% CPU_T=63.4C GPU_T=0.0C | state=NOMINAL
2026-03-15 23:13:03,094 [INFO] CPU=6.4% RAM=30.0% DISK=56.6% CPU_T=63.6C GPU_T=0.0C | state=NOMINAL
2026-03-15 23:13:04,136 [INFO] CPU=6.6% RAM=30.0% DISK=56.6% CPU_T=63.4C GPU_T=0.0C | state=NOMINAL
2026-03-15 23:13:05,169 [INFO] CPU=6.5% RAM=30.0% DISK=56.6% CPU_T=63.4C GPU_T=0.0C | state=NOMINAL
2026-03-15 23:13:06,205 [INFO] CPU=6.5% RAM=30.0% DISK=56.6% CPU_T=63.4C GPU_T=0.0C | state=NOMINAL
2026-03-15 23:13:07,272 [INFO] CPU=6.9% RAM=30.0% DISK=56.6% CPU_T=63.4C GPU_T=0.0C | state=NOMINAL
2026-03-15 23:13:08,305 [INFO] CPU=6.1% RAM=30.0% DISK=56.6% CPU_T=63.2C GPU_T=0.0C | state=NOMINAL
2026-03-15 23:13:09,341 [INFO] CPU=6.0% RAM=30.0% DISK=56.6% CPU_T=63.4C GPU_T=0.0C | state=NOMINAL
2026-03-15 23:13:10,584 [INFO] CPU=6.0% RAM=30.0% DISK=56.6% CPU_T=63.6C GPU_T=0.0C | state=NOMINAL
2026-03-15 23:13:11,618 [INFO] CPU=5.9% RAM=30.0% DISK=56.6% CPU_T=63.6C GPU_T=0.0C | state=NOMINAL
2026-03-15 23:13:12,679 [INFO] CPU=5.6% RAM=30.0% DISK=56.6% CPU_T=63.4C GPU_T=0.0C | state=NOMINAL
2026-03-15 23:13:13,710 [INFO] CPU=5.6% RAM=30.0% DISK=56.6% CPU_T=63.6C GPU_T=0.0C | state=NOMINAL
2026-03-15 23:13:14,741 [INFO] CPU=6.2% RAM=30.0% DISK=56.6% CPU_T=63.4C GPU_T=0.0C | state=NOMINAL
2026-03-15 23:13:15,768 [INFO] CPU=6.5% RAM=30.0% DISK=56.6% CPU_T=63.4C GPU_T=0.0C | state=NOMINAL
2026-03-15 23:13:16,799 [INFO] CPU=7.1% RAM=30.0% DISK=56.6% CPU_T=63.6C GPU_T=0.0C | state=NOMINAL
2026-03-15 23:13:17,835 [INFO] CPU=7.8% RAM=30.2% DISK=56.6% CPU_T=63.8C GPU_T=0.0C | state=NOMINAL
2026-03-15 23:13:18,863 [INFO] CPU=9.4% RAM=30.4% DISK=56.6% CPU_T=64.2C GPU_T=0.0C | state=NOMINAL
2026-03-15 23:13:19,887 [INFO] CPU=10.5% RAM=30.6% DISK=56.6% CPU_T=64.6C GPU_T=0.0C | state=NOMINAL
2026-03-15 23:13:20,914 [INFO] CPU=10.8% RAM=31.0% DISK=56.6% CPU_T=65.0C GPU_T=0.0C | state=NOMINAL
2026-03-15 23:13:21,942 [INFO] CPU=11.6% RAM=31.2% DISK=56.6% CPU_T=65.4C GPU_T=0.0C | state=NOMINAL
2026-03-15 23:13:22,964 [INFO] CPU=12.0% RAM=31.2% DISK=56.6% CPU_T=65.8C GPU_T=0.0C | state=NOMINAL
2026-03-15 23:13:23,992 [INFO] CPU=12.3% RAM=31.4% DISK=56.6% CPU_T=66.2C GPU_T=0.0C | state=NOMINAL
2026-03-15 23:13:25,019 [INFO] CPU=11.4% RAM=31.6% DISK=56.6% CPU_T=66.4C GPU_T=0.0C | state=NOMINAL
2026-03-15 23:13:26,056 [INFO] CPU=11.2% RAM=31.6% DISK=56.6% CPU_T=66.4C GPU_T=0.0C | state=NOMINAL
2026-03-15 23:13:27,089 [INFO] CPU=10.2% RAM=31.8% DISK=56.6% CPU_T=66.2C GPU_T=0.0C | state=NOMINAL
2026-03-15 23:13:28,123 [INFO] CPU=9.7% RAM=32.0% DISK=56.6% CPU_T=66.2C GPU_T=0.0C | state=NOMINAL
2026-03-15 23:13:29,166 [INFO] CPU=8.3% RAM=32.0% DISK=56.6% CPU_T=65.8C GPU_T=0.0C | state=NOMINAL
2026-03-15 23:13:30,205 [INFO] CPU=8.4% RAM=32.1% DISK=56.6% CPU_T=65.8C GPU_T=0.0C | state=NOMINAL
2026-03-15 23:13:31,241 [INFO] CPU=8.5% RAM=32.1% DISK=56.6% CPU_T=65.6C GPU_T=0.0C | state=NOMINAL
2026-03-15 23:13:32,276 [INFO] CPU=8.5% RAM=32.1% DISK=56.6% CPU_T=65.6C GPU_T=0.0C | state=NOMINAL
2026-03-15 23:13:33,312 [INFO] CPU=8.3% RAM=32.1% DISK=56.6% CPU_T=65.6C GPU_T=0.0C | state=NOMINAL
2026-03-15 23:13:34,354 [INFO] CPU=8.5% RAM=32.1% DISK=56.6% CPU_T=65.6C GPU_T=0.0C | state=NOMINAL
2026-03-15 23:13:35,388 [INFO] CPU=7.8% RAM=32.0% DISK=56.6% CPU_T=65.2C GPU_T=0.0C | state=NOMINAL
2026-03-15 23:13:36,433 [INFO] CPU=7.7% RAM=32.1% DISK=56.6% CPU_T=65.0C GPU_T=0.0C | state=NOMINAL
2026-03-15 23:13:37,469 [INFO] CPU=7.6% RAM=32.1% DISK=56.6% CPU_T=64.8C GPU_T=0.0C | state=NOMINAL
2026-03-15 23:13:38,505 [INFO] CPU=7.8% RAM=32.3% DISK=56.6% CPU_T=64.2C GPU_T=0.0C | state=NOMINAL
2026-03-15 23:13:39,556 [INFO] CPU=7.9% RAM=32.4% DISK=56.6% CPU_T=63.8C GPU_T=0.0C | state=NOMINAL
2026-03-15 23:13:40,611 [INFO] CPU=8.0% RAM=32.5% DISK=56.6% CPU_T=63.6C GPU_T=0.0C | state=NOMINAL
2026-03-15 23:13:41,645 [INFO] CPU=8.2% RAM=32.6% DISK=56.6% CPU_T=63.6C GPU_T=0.0C | state=NOMINAL
2026-03-15 23:13:42,676 [INFO] CPU=8.8% RAM=32.7% DISK=56.6% CPU_T=63.8C GPU_T=0.0C | state=NOMINAL
2026-03-15 23:13:43,717 [INFO] CPU=8.7% RAM=32.7% DISK=56.6% CPU_T=64.2C GPU_T=0.0C | state=NOMINAL
2026-03-15 23:13:44,752 [INFO] CPU=8.5% RAM=32.7% DISK=56.6% CPU_T=64.6C GPU_T=0.0C | state=NOMINAL
2026-03-15 23:13:45,788 [INFO] CPU=8.9% RAM=32.8% DISK=56.6% CPU_T=64.8C GPU_T=0.0C | state=NOMINAL
2026-03-15 23:13:46,819 [INFO] CPU=9.4% RAM=32.8% DISK=56.6% CPU_T=65.0C GPU_T=0.0C | state=NOMINAL
2026-03-15 23:13:47,857 [INFO] CPU=10.1% RAM=32.8% DISK=56.6% CPU_T=65.0C GPU_T=0.0C | state=NOMINAL
2026-03-15 23:13:48,888 [INFO] CPU=10.2% RAM=32.8% DISK=56.6% CPU_T=65.0C GPU_T=0.0C | state=NOMINAL
2026-03-15 23:13:49,926 [INFO] CPU=10.2% RAM=32.9% DISK=56.6% CPU_T=64.8C GPU_T=0.0C | state=NOMINAL
2026-03-15 23:13:50,949 [INFO] CPU=10.6% RAM=32.9% DISK=56.6% CPU_T=66.8C GPU_T=0.0C | state=NOMINAL
2026-03-15 23:13:51,977 [INFO] CPU=10.2% RAM=32.9% DISK=56.6% CPU_T=67.0C GPU_T=0.0C | state=NOMINAL
2026-03-15 23:13:53,035 [INFO] CPU=9.2% RAM=32.9% DISK=56.6% CPU_T=67.2C GPU_T=0.0C | state=NOMINAL
2026-03-15 23:13:54,073 [INFO] CPU=9.3% RAM=32.9% DISK=56.6% CPU_T=67.2C GPU_T=0.0C | state=NOMINAL
2026-03-15 23:13:55,115 [INFO] CPU=9.6% RAM=32.9% DISK=56.6% CPU_T=67.2C GPU_T=0.0C | state=NOMINAL
2026-03-15 23:13:56,152 [INFO] CPU=9.4% RAM=32.8% DISK=56.6% CPU_T=65.4C GPU_T=0.0C | state=NOMINAL
2026-03-15 23:13:57,186 [INFO] CPU=9.4% RAM=32.8% DISK=56.6% CPU_T=65.0C GPU_T=0.0C | state=NOMINAL
2026-03-15 23:13:58,218 [INFO] CPU=9.4% RAM=32.8% DISK=56.6% CPU_T=64.4C GPU_T=0.0C | state=NOMINAL
2026-03-15 23:13:59,254 [INFO] CPU=9.1% RAM=32.8% DISK=56.6% CPU_T=64.2C GPU_T=0.0C | state=NOMINAL
2026-03-15 23:14:00,290 [INFO] CPU=9.3% RAM=32.8% DISK=56.6% CPU_T=64.4C GPU_T=0.0C | state=NOMINAL
2026-03-15 23:14:01,325 [INFO] CPU=9.4% RAM=32.8% DISK=56.6% CPU_T=64.2C GPU_T=0.0C | state=NOMINAL
2026-03-15 23:14:02,363 [INFO] CPU=9.5% RAM=32.8% DISK=56.6% CPU_T=64.4C GPU_T=0.0C | state=NOMINAL
2026-03-15 23:14:03,397 [INFO] CPU=9.6% RAM=32.8% DISK=56.6% CPU_T=64.6C GPU_T=0.0C | state=NOMINAL
2026-03-15 23:14:04,432 [INFO] CPU=9.8% RAM=32.8% DISK=56.6% CPU_T=64.8C GPU_T=0.0C | state=NOMINAL
2026-03-15 23:14:05,459 [INFO] CPU=9.7% RAM=32.8% DISK=56.6% CPU_T=64.6C GPU_T=0.0C | state=NOMINAL
2026-03-15 23:14:06,496 [INFO] CPU=9.7% RAM=32.8% DISK=56.6% CPU_T=64.6C GPU_T=0.0C | state=NOMINAL
2026-03-15 23:14:07,534 [INFO] CPU=10.8% RAM=32.8% DISK=56.6% CPU_T=64.8C GPU_T=0.0C | state=NOMINAL
2026-03-15 23:14:08,596 [INFO] CPU=11.0% RAM=32.8% DISK=56.6% CPU_T=64.8C GPU_T=0.0C | state=NOMINAL
2026-03-15 23:14:09,630 [INFO] CPU=12.4% RAM=32.8% DISK=56.6% CPU_T=64.8C GPU_T=0.0C | state=NOMINAL
2026-03-15 23:14:10,663 [INFO] CPU=14.0% RAM=32.8% DISK=56.6% CPU_T=65.0C GPU_T=0.0C | state=NOMINAL
2026-03-15 23:14:11,689 [INFO] CPU=15.2% RAM=32.8% DISK=56.6% CPU_T=65.8C GPU_T=0.0C | state=NOMINAL
2026-03-15 23:14:12,727 [INFO] CPU=14.6% RAM=32.8% DISK=56.6% CPU_T=65.4C GPU_T=0.0C | state=NOMINAL
2026-03-15 23:14:13,768 [INFO] CPU=13.4% RAM=32.8% DISK=56.6% CPU_T=65.6C GPU_T=0.0C | state=NOMINAL
2026-03-15 23:14:14,800 [INFO] CPU=10.7% RAM=32.9% DISK=56.6% CPU_T=65.2C GPU_T=0.0C | state=NOMINAL
2026-03-15 23:14:15,836 [INFO] CPU=8.0% RAM=32.9% DISK=56.6% CPU_T=64.8C GPU_T=0.0C | state=NOMINAL
2026-03-15 23:14:16,870 [INFO] CPU=5.4% RAM=32.9% DISK=56.6% CPU_T=64.0C GPU_T=0.0C | state=NOMINAL
2026-03-15 23:14:17,909 [INFO] CPU=3.8% RAM=32.9% DISK=56.6% CPU_T=64.2C GPU_T=0.0C | state=NOMINAL
2026-03-15 23:14:18,977 [INFO] CPU=3.9% RAM=32.9% DISK=56.6% CPU_T=63.8C GPU_T=0.0C | state=NOMINAL
2026-03-15 23:14:20,002 [INFO] CPU=3.9% RAM=32.9% DISK=56.6% CPU_T=63.8C GPU_T=0.0C | state=NOMINAL
2026-03-15 23:14:21,044 [INFO] CPU=3.8% RAM=32.9% DISK=56.6% CPU_T=63.6C GPU_T=0.0C | state=NOMINAL
2026-03-15 23:14:22,085 [INFO] CPU=3.9% RAM=32.9% DISK=56.6% CPU_T=63.2C GPU_T=0.0C | state=NOMINAL
2026-03-15 23:14:23,123 [INFO] CPU=4.0% RAM=32.9% DISK=56.6% CPU_T=63.0C GPU_T=0.0C | state=NOMINAL
2026-03-15 23:14:24,161 [INFO] CPU=4.1% RAM=32.9% DISK=56.6% CPU_T=63.0C GPU_T=0.0C | state=NOMINAL
2026-03-15 23:14:25,195 [INFO] CPU=4.0% RAM=32.9% DISK=56.6% CPU_T=62.8C GPU_T=0.0C | state=NOMINAL
2026-03-15 23:14:26,226 [INFO] CPU=3.8% RAM=32.9% DISK=56.6% CPU_T=62.6C GPU_T=0.0C | state=NOMINAL
2026-03-15 23:14:27,259 [INFO] CPU=3.8% RAM=32.9% DISK=56.6% CPU_T=62.6C GPU_T=0.0C | state=NOMINAL
2026-03-15 23:14:28,329 [INFO] CPU=3.9% RAM=32.9% DISK=56.6% CPU_T=62.4C GPU_T=0.0C | state=NOMINAL
2026-03-15 23:14:29,365 [INFO] CPU=3.8% RAM=32.9% DISK=56.6% CPU_T=62.2C GPU_T=0.0C | state=NOMINAL
2026-03-15 23:14:30,411 [INFO] CPU=4.1% RAM=33.0% DISK=56.6% CPU_T=62.4C GPU_T=0.0C | state=NOMINAL
2026-03-15 23:14:31,448 [INFO] CPU=4.1% RAM=33.0% DISK=56.6% CPU_T=62.4C GPU_T=0.0C | state=NOMINAL
2026-03-15 23:14:32,484 [INFO] CPU=4.1% RAM=33.0% DISK=56.6% CPU_T=62.6C GPU_T=0.0C | state=NOMINAL
2026-03-15 23:14:33,526 [INFO] CPU=3.7% RAM=33.0% DISK=56.6% CPU_T=62.4C GPU_T=0.0C | state=NOMINAL
2026-03-15 23:14:34,805 [INFO] CPU=3.1% RAM=33.0% DISK=56.6% CPU_T=62.4C GPU_T=0.0C | state=NOMINAL
2026-03-15 23:14:35,844 [INFO] CPU=3.1% RAM=33.0% DISK=56.6% CPU_T=62.4C GPU_T=0.0C | state=NOMINAL
2026-03-15 23:14:36,882 [INFO] CPU=2.8% RAM=33.0% DISK=56.6% CPU_T=62.6C GPU_T=0.0C | state=NOMINAL
2026-03-15 23:14:37,915 [INFO] CPU=2.5% RAM=33.0% DISK=56.6% CPU_T=62.4C GPU_T=0.0C | state=NOMINAL
2026-03-15 23:14:38,969 [INFO] CPU=2.6% RAM=33.0% DISK=56.6% CPU_T=62.6C GPU_T=0.0C | state=NOMINAL
2026-03-15 23:14:39,996 [INFO] CPU=2.9% RAM=33.0% DISK=56.6% CPU_T=62.6C GPU_T=0.0C | state=NOMINAL
2026-03-15 23:14:41,036 [INFO] CPU=2.4% RAM=33.0% DISK=56.6% CPU_T=62.4C GPU_T=0.0C | state=NOMINAL
2026-03-15 23:14:42,070 [INFO] CPU=2.3% RAM=33.0% DISK=56.6% CPU_T=62.0C GPU_T=0.0C | state=NOMINAL
2026-03-15 23:14:43,108 [INFO] CPU=2.1% RAM=33.0% DISK=56.6% CPU_T=62.0C GPU_T=0.0C | state=NOMINAL
2026-03-15 23:14:44,141 [INFO] CPU=1.6% RAM=33.0% DISK=56.6% CPU_T=61.6C GPU_T=0.0C | state=NOMINAL
2026-03-15 23:14:45,170 [INFO] CPU=2.0% RAM=33.0% DISK=56.6% CPU_T=63.4C GPU_T=0.0C | state=NOMINAL
2026-03-15 23:14:46,194 [INFO] CPU=4.0% RAM=33.1% DISK=56.6% CPU_T=64.4C GPU_T=0.0C | state=NOMINAL
2026-03-15 23:14:47,218 [INFO] CPU=4.9% RAM=33.1% DISK=56.6% CPU_T=64.8C GPU_T=0.0C | state=NOMINAL
2026-03-15 23:14:48,252 [INFO] CPU=6.0% RAM=33.1% DISK=56.6% CPU_T=65.0C GPU_T=0.0C | state=NOMINAL
2026-03-15 23:14:49,287 [INFO] CPU=6.6% RAM=33.1% DISK=56.6% CPU_T=65.2C GPU_T=0.0C | state=NOMINAL
2026-03-15 23:14:50,319 [INFO] CPU=7.0% RAM=33.1% DISK=56.6% CPU_T=63.4C GPU_T=0.0C | state=NOMINAL
2026-03-15 23:14:51,361 [INFO] CPU=6.1% RAM=33.1% DISK=56.6% CPU_T=62.4C GPU_T=0.0C | state=NOMINAL
2026-03-15 23:14:52,397 [INFO] CPU=6.5% RAM=33.0% DISK=56.6% CPU_T=62.4C GPU_T=0.0C | state=NOMINAL
2026-03-15 23:14:53,428 [INFO] CPU=7.2% RAM=32.9% DISK=56.6% CPU_T=62.4C GPU_T=0.0C | state=NOMINAL
2026-03-15 23:14:54,460 [INFO] CPU=8.5% RAM=32.9% DISK=56.6% CPU_T=62.4C GPU_T=0.0C | state=NOMINAL
2026-03-15 23:14:55,490 [INFO] CPU=8.9% RAM=32.9% DISK=56.6% CPU_T=62.8C GPU_T=0.0C | state=NOMINAL
2026-03-15 23:14:56,525 [INFO] CPU=9.4% RAM=32.9% DISK=56.6% CPU_T=63.2C GPU_T=0.0C | state=NOMINAL
2026-03-15 23:14:57,562 [INFO] CPU=9.5% RAM=32.9% DISK=56.6% CPU_T=63.2C GPU_T=0.0C | state=NOMINAL
2026-03-15 23:14:58,591 [INFO] CPU=10.4% RAM=32.9% DISK=56.6% CPU_T=63.2C GPU_T=0.0C | state=NOMINAL
2026-03-15 23:14:59,623 [INFO] CPU=10.6% RAM=32.9% DISK=56.6% CPU_T=63.6C GPU_T=0.0C | state=NOMINAL
2026-03-15 23:15:00,651 [INFO] CPU=10.8% RAM=32.9% DISK=56.6% CPU_T=63.4C GPU_T=0.0C | state=NOMINAL
2026-03-15 23:15:01,688 [INFO] CPU=10.9% RAM=32.9% DISK=56.6% CPU_T=63.4C GPU_T=0.0C | state=NOMINAL
2026-03-15 23:15:02,723 [INFO] CPU=10.9% RAM=32.9% DISK=56.6% CPU_T=63.4C GPU_T=0.0C | state=NOMINAL
2026-03-15 23:15:03,756 [INFO] CPU=9.7% RAM=33.0% DISK=56.6% CPU_T=63.2C GPU_T=0.0C | state=NOMINAL
2026-03-15 23:15:04,784 [INFO] CPU=8.8% RAM=33.0% DISK=56.6% CPU_T=63.0C GPU_T=0.0C | state=NOMINAL
2026-03-15 23:15:05,821 [INFO] CPU=8.2% RAM=33.0% DISK=56.6% CPU_T=63.0C GPU_T=0.0C | state=NOMINAL
2026-03-15 23:15:06,857 [INFO] CPU=7.5% RAM=33.1% DISK=56.6% CPU_T=63.0C GPU_T=0.0C | state=NOMINAL
2026-03-15 23:15:07,897 [INFO] CPU=7.1% RAM=33.0% DISK=56.6% CPU_T=63.0C GPU_T=0.0C | state=NOMINAL
2026-03-15 23:15:08,928 [INFO] CPU=6.6% RAM=33.0% DISK=56.6% CPU_T=63.2C GPU_T=0.0C | state=NOMINAL
2026-03-15 23:15:09,953 [INFO] CPU=6.5% RAM=33.0% DISK=56.6% CPU_T=65.4C GPU_T=0.0C | state=NOMINAL
2026-03-15 23:15:10,975 [INFO] CPU=6.3% RAM=32.9% DISK=56.6% CPU_T=65.4C GPU_T=0.0C | state=NOMINAL
2026-03-15 23:15:12,006 [INFO] CPU=6.2% RAM=32.9% DISK=56.6% CPU_T=65.0C GPU_T=0.0C | state=NOMINAL
2026-03-15 23:15:13,046 [INFO] CPU=6.9% RAM=32.8% DISK=56.6% CPU_T=65.0C GPU_T=0.0C | state=NOMINAL
2026-03-15 23:15:14,080 [INFO] CPU=6.9% RAM=32.8% DISK=56.6% CPU_T=65.0C GPU_T=0.0C | state=NOMINAL
2026-03-15 23:15:15,111 [INFO] CPU=6.8% RAM=32.8% DISK=56.6% CPU_T=63.0C GPU_T=0.0C | state=NOMINAL
2026-03-15 23:15:16,147 [INFO] CPU=6.7% RAM=32.8% DISK=56.6% CPU_T=63.2C GPU_T=0.0C | state=NOMINAL
2026-03-15 23:15:17,181 [INFO] CPU=6.6% RAM=32.7% DISK=56.6% CPU_T=63.6C GPU_T=0.0C | state=NOMINAL
2026-03-15 23:15:18,220 [INFO] CPU=5.8% RAM=32.7% DISK=56.6% CPU_T=63.6C GPU_T=0.0C | state=NOMINAL
2026-03-15 23:15:19,265 [INFO] CPU=5.9% RAM=32.7% DISK=56.6% CPU_T=63.6C GPU_T=0.0C | state=NOMINAL
2026-03-15 23:15:20,308 [INFO] CPU=5.7% RAM=32.7% DISK=56.6% CPU_T=63.4C GPU_T=0.0C | state=NOMINAL
2026-03-15 23:15:21,344 [INFO] CPU=6.0% RAM=32.7% DISK=56.6% CPU_T=63.0C GPU_T=0.0C | state=NOMINAL
2026-03-15 23:15:22,373 [INFO] CPU=6.2% RAM=32.6% DISK=56.6% CPU_T=62.6C GPU_T=0.0C | state=NOMINAL
2026-03-15 23:15:23,409 [INFO] CPU=6.5% RAM=32.6% DISK=56.6% CPU_T=62.6C GPU_T=0.0C | state=NOMINAL
2026-03-15 23:15:24,448 [INFO] CPU=6.7% RAM=32.6% DISK=56.6% CPU_T=62.4C GPU_T=0.0C | state=NOMINAL
2026-03-15 23:15:25,512 [INFO] CPU=6.9% RAM=32.6% DISK=56.6% CPU_T=62.4C GPU_T=0.0C | state=NOMINAL
2026-03-15 23:15:26,549 [INFO] CPU=6.7% RAM=32.6% DISK=56.6% CPU_T=62.4C GPU_T=0.0C | state=NOMINAL
2026-03-15 23:15:27,587 [INFO] CPU=6.7% RAM=32.6% DISK=56.6% CPU_T=62.6C GPU_T=0.0C | state=NOMINAL
2026-03-15 23:15:28,622 [INFO] CPU=6.5% RAM=32.6% DISK=56.6% CPU_T=62.6C GPU_T=0.0C | state=NOMINAL
2026-03-15 23:15:29,659 [INFO] CPU=6.3% RAM=32.6% DISK=56.6% CPU_T=62.6C GPU_T=0.0C | state=NOMINAL
2026-03-15 23:15:30,724 [INFO] CPU=6.2% RAM=32.6% DISK=56.6% CPU_T=62.4C GPU_T=0.0C | state=NOMINAL
2026-03-15 23:15:31,782 [INFO] CPU=6.2% RAM=32.6% DISK=56.6% CPU_T=62.4C GPU_T=0.0C | state=NOMINAL
2026-03-15 23:15:32,822 [INFO] CPU=6.1% RAM=32.6% DISK=56.6% CPU_T=62.4C GPU_T=0.0C | state=NOMINAL
2026-03-15 23:15:33,856 [INFO] CPU=6.2% RAM=32.6% DISK=56.6% CPU_T=62.4C GPU_T=0.0C | state=NOMINAL
2026-03-15 23:15:34,889 [INFO] CPU=6.0% RAM=32.6% DISK=56.6% CPU_T=62.6C GPU_T=0.0C | state=NOMINAL
2026-03-15 23:15:35,925 [INFO] CPU=6.1% RAM=32.6% DISK=56.6% CPU_T=62.8C GPU_T=0.0C | state=NOMINAL
2026-03-15 23:15:36,949 [INFO] CPU=6.2% RAM=32.7% DISK=56.6% CPU_T=65.0C GPU_T=0.0C | state=NOMINAL
2026-03-15 23:15:37,974 [INFO] CPU=6.2% RAM=32.7% DISK=56.6% CPU_T=64.8C GPU_T=0.0C | state=NOMINAL
2026-03-15 23:15:39,003 [INFO] CPU=6.1% RAM=32.7% DISK=56.6% CPU_T=64.6C GPU_T=0.0C | state=NOMINAL
2026-03-15 23:15:40,039 [INFO] CPU=6.1% RAM=32.8% DISK=56.6% CPU_T=64.6C GPU_T=0.0C | state=NOMINAL
2026-03-15 23:15:41,076 [INFO] CPU=6.1% RAM=32.8% DISK=56.6% CPU_T=64.4C GPU_T=0.0C | state=NOMINAL
2026-03-15 23:15:42,142 [INFO] CPU=6.0% RAM=32.8% DISK=56.6% CPU_T=62.4C GPU_T=0.0C | state=NOMINAL
2026-03-15 23:15:43,206 [INFO] CPU=6.0% RAM=32.8% DISK=56.6% CPU_T=62.4C GPU_T=0.0C | state=NOMINAL
2026-03-15 23:15:44,239 [INFO] CPU=6.0% RAM=32.8% DISK=56.6% CPU_T=62.6C GPU_T=0.0C | state=NOMINAL
2026-03-15 23:15:45,270 [INFO] CPU=6.0% RAM=32.8% DISK=56.6% CPU_T=62.6C GPU_T=0.0C | state=NOMINAL
2026-03-15 23:15:46,305 [INFO] CPU=5.8% RAM=32.8% DISK=56.6% CPU_T=62.6C GPU_T=0.0C | state=NOMINAL
2026-03-15 23:15:47,365 [INFO] CPU=5.9% RAM=32.8% DISK=56.6% CPU_T=62.4C GPU_T=0.0C | state=NOMINAL
2026-03-15 23:15:48,427 [INFO] CPU=6.0% RAM=32.8% DISK=56.6% CPU_T=62.4C GPU_T=0.0C | state=NOMINAL
2026-03-15 23:15:49,462 [INFO] CPU=6.1% RAM=32.8% DISK=56.6% CPU_T=62.2C GPU_T=0.0C | state=NOMINAL
2026-03-15 23:15:50,500 [INFO] CPU=6.2% RAM=32.8% DISK=56.6% CPU_T=62.2C GPU_T=0.0C | state=NOMINAL
2026-03-15 23:15:51,537 [INFO] CPU=6.3% RAM=32.7% DISK=56.6% CPU_T=62.2C GPU_T=0.0C | state=NOMINAL
2026-03-15 23:15:52,604 [INFO] CPU=6.2% RAM=32.7% DISK=56.6% CPU_T=62.4C GPU_T=0.0C | state=NOMINAL
2026-03-15 23:15:53,669 [INFO] CPU=6.0% RAM=32.7% DISK=56.6% CPU_T=62.6C GPU_T=0.0C | state=NOMINAL
2026-03-15 23:15:54,726 [INFO] CPU=5.8% RAM=32.7% DISK=56.6% CPU_T=62.8C GPU_T=0.0C | state=NOMINAL
2026-03-15 23:15:55,761 [INFO] CPU=5.7% RAM=32.7% DISK=56.6% CPU_T=62.6C GPU_T=0.0C | state=NOMINAL
2026-03-15 23:15:56,796 [INFO] CPU=5.6% RAM=32.7% DISK=56.6% CPU_T=62.6C GPU_T=0.0C | state=NOMINAL
2026-03-15 23:15:57,839 [INFO] CPU=5.6% RAM=32.7% DISK=56.6% CPU_T=62.4C GPU_T=0.0C | state=NOMINAL
2026-03-15 23:15:58,899 [INFO] CPU=5.7% RAM=32.7% DISK=56.6% CPU_T=62.2C GPU_T=0.0C | state=NOMINAL
2026-03-15 23:15:59,954 [INFO] CPU=5.7% RAM=32.7% DISK=56.6% CPU_T=63.2C GPU_T=0.0C | state=NOMINAL
2026-03-15 23:16:01,012 [INFO] CPU=5.7% RAM=32.7% DISK=56.6% CPU_T=63.4C GPU_T=0.0C | state=NOMINAL
2026-03-15 23:16:02,051 [INFO] CPU=5.6% RAM=32.7% DISK=56.6% CPU_T=63.4C GPU_T=0.0C | state=NOMINAL
2026-03-15 23:16:03,085 [INFO] CPU=5.6% RAM=32.7% DISK=56.6% CPU_T=63.4C GPU_T=0.0C | state=NOMINAL
2026-03-15 23:16:04,117 [INFO] CPU=5.6% RAM=32.7% DISK=56.6% CPU_T=65.2C GPU_T=0.0C | state=NOMINAL
2026-03-15 23:16:05,379 [INFO] CPU=5.6% RAM=32.7% DISK=56.6% CPU_T=64.0C GPU_T=0.0C | state=NOMINAL
2026-03-15 23:16:06,412 [INFO] CPU=5.5% RAM=32.7% DISK=56.6% CPU_T=63.8C GPU_T=0.0C | state=NOMINAL
2026-03-15 23:16:07,450 [INFO] CPU=5.6% RAM=32.7% DISK=56.6% CPU_T=63.8C GPU_T=0.0C | state=NOMINAL
2026-03-15 23:16:08,488 [INFO] CPU=5.6% RAM=32.7% DISK=56.6% CPU_T=64.0C GPU_T=0.0C | state=NOMINAL
2026-03-15 23:16:09,524 [INFO] CPU=5.7% RAM=32.7% DISK=56.6% CPU_T=62.4C GPU_T=0.0C | state=NOMINAL
2026-03-15 23:16:10,584 [INFO] CPU=5.7% RAM=32.7% DISK=56.6% CPU_T=62.4C GPU_T=0.0C | state=NOMINAL
2026-03-15 23:16:11,622 [INFO] CPU=5.6% RAM=32.7% DISK=56.6% CPU_T=62.6C GPU_T=0.0C | state=NOMINAL
2026-03-15 23:16:12,660 [INFO] CPU=5.6% RAM=32.7% DISK=56.6% CPU_T=62.6C GPU_T=0.0C | state=NOMINAL
2026-03-15 23:16:13,697 [INFO] CPU=6.0% RAM=32.7% DISK=56.6% CPU_T=62.4C GPU_T=0.0C | state=NOMINAL
2026-03-15 23:16:14,730 [INFO] CPU=6.9% RAM=32.7% DISK=56.6% CPU_T=62.4C GPU_T=0.0C | state=NOMINAL
2026-03-15 23:16:15,791 [INFO] CPU=7.1% RAM=32.7% DISK=56.6% CPU_T=62.4C GPU_T=0.0C | state=NOMINAL
2026-03-15 23:16:16,828 [INFO] CPU=7.0% RAM=32.7% DISK=56.6% CPU_T=62.2C GPU_T=0.0C | state=NOMINAL
2026-03-15 23:16:17,868 [INFO] CPU=7.2% RAM=32.7% DISK=56.6% CPU_T=62.2C GPU_T=0.0C | state=NOMINAL
2026-03-15 23:16:18,907 [INFO] CPU=7.1% RAM=32.7% DISK=56.6% CPU_T=62.2C GPU_T=0.0C | state=NOMINAL
2026-03-15 23:16:19,938 [INFO] CPU=5.8% RAM=32.7% DISK=56.6% CPU_T=62.0C GPU_T=0.0C | state=NOMINAL
2026-03-15 23:16:20,969 [INFO] CPU=5.8% RAM=32.7% DISK=56.6% CPU_T=62.0C GPU_T=0.0C | state=NOMINAL
2026-03-15 23:16:22,005 [INFO] CPU=5.8% RAM=32.7% DISK=56.6% CPU_T=62.0C GPU_T=0.0C | state=NOMINAL
2026-03-15 23:16:23,037 [INFO] CPU=5.1% RAM=32.7% DISK=56.6% CPU_T=64.6C GPU_T=0.0C | state=NOMINAL
2026-03-15 23:16:24,067 [INFO] CPU=4.8% RAM=32.7% DISK=56.6% CPU_T=64.6C GPU_T=0.0C | state=NOMINAL
2026-03-15 23:16:25,106 [INFO] CPU=5.0% RAM=32.7% DISK=56.6% CPU_T=64.6C GPU_T=0.0C | state=NOMINAL
2026-03-15 23:16:26,140 [INFO] CPU=4.4% RAM=32.7% DISK=56.6% CPU_T=64.6C GPU_T=0.0C | state=NOMINAL
2026-03-15 23:16:27,174 [INFO] CPU=4.6% RAM=32.6% DISK=56.6% CPU_T=64.6C GPU_T=0.0C | state=NOMINAL
2026-03-15 23:16:28,210 [INFO] CPU=4.6% RAM=32.6% DISK=56.6% CPU_T=62.0C GPU_T=0.0C | state=NOMINAL
2026-03-15 23:16:29,242 [INFO] CPU=4.4% RAM=32.6% DISK=56.6% CPU_T=62.0C GPU_T=0.0C | state=NOMINAL
2026-03-15 23:16:30,277 [INFO] CPU=4.0% RAM=32.6% DISK=56.6% CPU_T=61.8C GPU_T=0.0C | state=NOMINAL
2026-03-15 23:16:31,309 [INFO] CPU=4.1% RAM=32.6% DISK=56.6% CPU_T=61.8C GPU_T=0.0C | state=NOMINAL
2026-03-15 23:16:32,351 [INFO] CPU=3.5% RAM=32.6% DISK=56.6% CPU_T=61.6C GPU_T=0.0C | state=NOMINAL
2026-03-15 23:16:33,385 [INFO] CPU=3.6% RAM=32.6% DISK=56.6% CPU_T=61.6C GPU_T=0.0C | state=NOMINAL
2026-03-15 23:16:34,422 [INFO] CPU=5.0% RAM=32.6% DISK=56.6% CPU_T=61.6C GPU_T=0.0C | state=NOMINAL
2026-03-15 23:16:35,469 [INFO] CPU=6.3% RAM=32.6% DISK=56.6% CPU_T=61.8C GPU_T=0.0C | state=NOMINAL
2026-03-15 23:16:36,496 [INFO] CPU=7.1% RAM=32.6% DISK=56.6% CPU_T=61.8C GPU_T=0.0C | state=NOMINAL
2026-03-15 23:16:37,532 [INFO] CPU=8.0% RAM=32.7% DISK=56.6% CPU_T=62.2C GPU_T=0.0C | state=NOMINAL
2026-03-15 23:16:38,565 [INFO] CPU=9.1% RAM=32.7% DISK=56.6% CPU_T=62.0C GPU_T=0.0C | state=NOMINAL
2026-03-15 23:16:39,598 [INFO] CPU=8.7% RAM=32.7% DISK=56.6% CPU_T=62.0C GPU_T=0.0C | state=NOMINAL
2026-03-15 23:16:40,632 [INFO] CPU=8.4% RAM=32.8% DISK=56.6% CPU_T=62.0C GPU_T=0.0C | state=NOMINAL
2026-03-15 23:16:41,662 [INFO] CPU=8.8% RAM=32.8% DISK=56.6% CPU_T=62.0C GPU_T=0.0C | state=NOMINAL
2026-03-15 23:16:42,699 [INFO] CPU=9.4% RAM=32.8% DISK=56.6% CPU_T=62.0C GPU_T=0.0C | state=NOMINAL
2026-03-15 23:16:43,733 [INFO] CPU=9.4% RAM=32.8% DISK=56.6% CPU_T=62.2C GPU_T=0.0C | state=NOMINAL
2026-03-15 23:16:44,765 [INFO] CPU=9.3% RAM=32.9% DISK=56.6% CPU_T=62.2C GPU_T=0.0C | state=NOMINAL
2026-03-15 23:16:45,793 [INFO] CPU=9.9% RAM=32.9% DISK=56.6% CPU_T=62.2C GPU_T=0.0C | state=NOMINAL
2026-03-15 23:16:46,817 [INFO] CPU=11.6% RAM=33.0% DISK=56.6% CPU_T=62.4C GPU_T=0.0C | state=NOMINAL
2026-03-15 23:16:47,841 [INFO] CPU=12.1% RAM=33.1% DISK=56.6% CPU_T=62.4C GPU_T=0.0C | state=NOMINAL
2026-03-15 23:16:48,878 [INFO] CPU=12.4% RAM=33.1% DISK=56.6% CPU_T=62.6C GPU_T=0.0C | state=NOMINAL
2026-03-15 23:16:50,117 [INFO] CPU=12.9% RAM=33.2% DISK=56.6% CPU_T=62.8C GPU_T=0.0C | state=NOMINAL
2026-03-15 23:16:51,152 [INFO] CPU=12.4% RAM=33.2% DISK=56.6% CPU_T=63.0C GPU_T=0.0C | state=NOMINAL
2026-03-15 23:16:52,187 [INFO] CPU=11.0% RAM=33.2% DISK=56.6% CPU_T=62.8C GPU_T=0.0C | state=NOMINAL
2026-03-15 23:16:53,213 [INFO] CPU=10.4% RAM=33.2% DISK=56.6% CPU_T=62.8C GPU_T=0.0C | state=NOMINAL
2026-03-15 23:16:54,241 [INFO] CPU=10.7% RAM=33.1% DISK=56.6% CPU_T=62.8C GPU_T=0.0C | state=NOMINAL
2026-03-15 23:16:55,276 [INFO] CPU=10.3% RAM=33.1% DISK=56.6% CPU_T=62.8C GPU_T=0.0C | state=NOMINAL
2026-03-15 23:16:56,309 [INFO] CPU=10.1% RAM=33.0% DISK=56.6% CPU_T=62.6C GPU_T=0.0C | state=NOMINAL
2026-03-15 23:16:57,369 [INFO] CPU=9.3% RAM=33.0% DISK=56.6% CPU_T=62.8C GPU_T=0.0C | state=NOMINAL
2026-03-15 23:16:58,405 [INFO] CPU=8.8% RAM=32.9% DISK=56.6% CPU_T=62.8C GPU_T=0.0C | state=NOMINAL
2026-03-15 23:16:59,444 [INFO] CPU=7.9% RAM=32.9% DISK=56.6% CPU_T=62.8C GPU_T=0.0C | state=NOMINAL
2026-03-15 23:17:00,483 [INFO] CPU=7.5% RAM=32.8% DISK=56.6% CPU_T=62.6C GPU_T=0.0C | state=NOMINAL
2026-03-15 23:17:01,520 [INFO] CPU=7.1% RAM=32.8% DISK=56.6% CPU_T=62.6C GPU_T=0.0C | state=NOMINAL
2026-03-15 23:17:02,579 [INFO] CPU=7.3% RAM=32.8% DISK=56.6% CPU_T=62.6C GPU_T=0.0C | state=NOMINAL
2026-03-15 23:17:03,612 [INFO] CPU=7.3% RAM=32.8% DISK=56.6% CPU_T=62.6C GPU_T=0.0C | state=NOMINAL
2026-03-15 23:17:04,649 [INFO] CPU=7.7% RAM=32.7% DISK=56.6% CPU_T=62.4C GPU_T=0.0C | state=NOMINAL
2026-03-15 23:17:05,683 [INFO] CPU=8.1% RAM=32.7% DISK=56.6% CPU_T=62.4C GPU_T=0.0C | state=NOMINAL
2026-03-15 23:17:06,719 [INFO] CPU=8.6% RAM=32.7% DISK=56.6% CPU_T=62.4C GPU_T=0.0C | state=NOMINAL
2026-03-15 23:17:07,755 [INFO] CPU=9.3% RAM=32.7% DISK=56.6% CPU_T=62.4C GPU_T=0.0C | state=NOMINAL
2026-03-15 23:17:08,780 [INFO] CPU=9.2% RAM=32.7% DISK=56.6% CPU_T=62.4C GPU_T=0.0C | state=NOMINAL
2026-03-15 23:17:09,809 [INFO] CPU=10.3% RAM=32.7% DISK=56.6% CPU_T=62.6C GPU_T=0.0C | state=NOMINAL
2026-03-15 23:17:10,856 [INFO] CPU=10.5% RAM=32.7% DISK=56.6% CPU_T=62.8C GPU_T=0.0C | state=NOMINAL
2026-03-15 23:17:11,889 [INFO] CPU=10.0% RAM=32.7% DISK=56.6% CPU_T=63.0C GPU_T=0.0C | state=NOMINAL
2026-03-15 23:17:12,943 [INFO] CPU=8.9% RAM=32.7% DISK=56.6% CPU_T=64.4C GPU_T=0.0C | state=NOMINAL
2026-03-15 23:17:13,965 [INFO] CPU=8.8% RAM=32.7% DISK=56.6% CPU_T=64.4C GPU_T=0.0C | state=NOMINAL
2026-03-15 23:17:14,997 [INFO] CPU=7.1% RAM=32.7% DISK=56.6% CPU_T=64.2C GPU_T=0.0C | state=NOMINAL
2026-03-15 23:17:16,060 [INFO] CPU=6.5% RAM=32.7% DISK=56.6% CPU_T=64.0C GPU_T=0.0C | state=NOMINAL
2026-03-15 23:17:17,101 [INFO] CPU=6.6% RAM=32.7% DISK=56.6% CPU_T=63.8C GPU_T=0.0C | state=NOMINAL
2026-03-15 23:17:18,138 [INFO] CPU=6.7% RAM=32.8% DISK=56.6% CPU_T=62.4C GPU_T=0.0C | state=NOMINAL
2026-03-15 23:17:19,176 [INFO] CPU=6.8% RAM=32.8% DISK=56.6% CPU_T=62.2C GPU_T=0.0C | state=NOMINAL
2026-03-15 23:17:20,209 [INFO] CPU=6.9% RAM=32.7% DISK=56.6% CPU_T=62.2C GPU_T=0.0C | state=NOMINAL
2026-03-15 23:17:21,244 [INFO] CPU=6.9% RAM=32.8% DISK=56.6% CPU_T=62.2C GPU_T=0.0C | state=NOMINAL
2026-03-15 23:17:22,280 [INFO] CPU=6.8% RAM=32.8% DISK=56.6% CPU_T=62.2C GPU_T=0.0C | state=NOMINAL
2026-03-15 23:17:23,323 [INFO] CPU=6.8% RAM=32.9% DISK=56.6% CPU_T=62.0C GPU_T=0.0C | state=NOMINAL
2026-03-15 23:17:24,359 [INFO] CPU=6.8% RAM=32.9% DISK=56.6% CPU_T=62.0C GPU_T=0.0C | state=NOMINAL
2026-03-15 23:17:25,393 [INFO] CPU=6.6% RAM=32.9% DISK=56.6% CPU_T=62.0C GPU_T=0.0C | state=NOMINAL
2026-03-15 23:17:26,430 [INFO] CPU=6.5% RAM=33.0% DISK=56.6% CPU_T=62.0C GPU_T=0.0C | state=NOMINAL
2026-03-15 23:17:27,492 [INFO] CPU=6.5% RAM=33.0% DISK=56.6% CPU_T=62.2C GPU_T=0.0C | state=NOMINAL
2026-03-15 23:17:28,531 [INFO] CPU=6.3% RAM=33.0% DISK=56.6% CPU_T=62.2C GPU_T=0.0C | state=NOMINAL
2026-03-15 23:17:29,567 [INFO] CPU=6.0% RAM=33.0% DISK=56.6% CPU_T=62.2C GPU_T=0.0C | state=NOMINAL
2026-03-15 23:17:30,606 [INFO] CPU=6.7% RAM=33.0% DISK=56.6% CPU_T=62.2C GPU_T=0.0C | state=NOMINAL
2026-03-15 23:17:31,645 [INFO] CPU=6.6% RAM=32.9% DISK=56.6% CPU_T=62.2C GPU_T=0.0C | state=NOMINAL
2026-03-15 23:17:32,680 [INFO] CPU=6.9% RAM=32.9% DISK=56.6% CPU_T=62.2C GPU_T=0.0C | state=NOMINAL
2026-03-15 23:17:33,713 [INFO] CPU=6.9% RAM=32.8% DISK=56.6% CPU_T=62.4C GPU_T=0.0C | state=NOMINAL
2026-03-15 23:17:34,746 [INFO] CPU=6.8% RAM=32.8% DISK=56.6% CPU_T=62.6C GPU_T=0.0C | state=NOMINAL
2026-03-15 23:17:36,006 [INFO] CPU=5.9% RAM=32.9% DISK=56.6% CPU_T=62.8C GPU_T=0.0C | state=NOMINAL
2026-03-15 23:17:37,067 [INFO] CPU=5.9% RAM=32.9% DISK=56.6% CPU_T=63.0C GPU_T=0.0C | state=NOMINAL
2026-03-15 23:17:38,107 [INFO] CPU=5.7% RAM=32.9% DISK=56.6% CPU_T=62.6C GPU_T=0.0C | state=NOMINAL
2026-03-15 23:17:39,150 [INFO] CPU=5.7% RAM=32.9% DISK=56.6% CPU_T=62.4C GPU_T=0.0C | state=NOMINAL
2026-03-15 23:17:40,214 [INFO] CPU=6.0% RAM=32.9% DISK=56.6% CPU_T=62.2C GPU_T=0.0C | state=NOMINAL
2026-03-15 23:17:41,277 [INFO] CPU=6.4% RAM=32.9% DISK=56.6% CPU_T=62.0C GPU_T=0.0C | state=NOMINAL
2026-03-15 23:17:42,309 [INFO] CPU=6.1% RAM=32.9% DISK=56.6% CPU_T=61.8C GPU_T=0.0C | state=NOMINAL
2026-03-15 23:17:43,351 [INFO] CPU=5.8% RAM=32.8% DISK=56.6% CPU_T=62.0C GPU_T=0.0C | state=NOMINAL
2026-03-15 23:17:44,389 [INFO] CPU=5.5% RAM=32.8% DISK=56.6% CPU_T=62.2C GPU_T=0.0C | state=NOMINAL
2026-03-15 23:17:45,432 [INFO] CPU=5.1% RAM=32.8% DISK=56.6% CPU_T=62.2C GPU_T=0.0C | state=NOMINAL
2026-03-15 23:17:46,464 [INFO] CPU=4.0% RAM=32.8% DISK=56.6% CPU_T=62.2C GPU_T=0.0C | state=NOMINAL
2026-03-15 23:17:47,504 [INFO] CPU=3.8% RAM=32.8% DISK=56.6% CPU_T=62.4C GPU_T=0.0C | state=NOMINAL
2026-03-15 23:17:48,535 [INFO] CPU=3.9% RAM=32.8% DISK=56.6% CPU_T=62.4C GPU_T=0.0C | state=NOMINAL
2026-03-15 23:17:49,564 [INFO] CPU=4.0% RAM=32.8% DISK=56.6% CPU_T=62.4C GPU_T=0.0C | state=NOMINAL
2026-03-15 23:17:50,594 [INFO] CPU=4.3% RAM=32.8% DISK=56.6% CPU_T=62.6C GPU_T=0.0C | state=NOMINAL
2026-03-15 23:17:51,655 [INFO] CPU=5.1% RAM=32.8% DISK=56.6% CPU_T=62.6C GPU_T=0.0C | state=NOMINAL
2026-03-15 23:17:52,715 [INFO] CPU=4.9% RAM=32.8% DISK=56.6% CPU_T=62.6C GPU_T=0.0C | state=NOMINAL
2026-03-15 23:17:53,752 [INFO] CPU=4.7% RAM=32.8% DISK=56.6% CPU_T=62.8C GPU_T=0.0C | state=NOMINAL
2026-03-15 23:17:54,789 [INFO] CPU=4.7% RAM=32.8% DISK=56.6% CPU_T=62.6C GPU_T=0.0C | state=NOMINAL
2026-03-15 23:17:55,824 [INFO] CPU=4.6% RAM=32.8% DISK=56.6% CPU_T=62.4C GPU_T=0.0C | state=NOMINAL
2026-03-15 23:17:56,884 [INFO] CPU=4.6% RAM=32.8% DISK=56.6% CPU_T=62.4C GPU_T=0.0C | state=NOMINAL
2026-03-15 23:17:57,924 [INFO] CPU=5.2% RAM=32.8% DISK=56.6% CPU_T=62.2C GPU_T=0.0C | state=NOMINAL
2026-03-15 23:17:58,948 [INFO] CPU=5.6% RAM=32.8% DISK=56.6% CPU_T=63.8C GPU_T=0.0C | state=NOMINAL
2026-03-15 23:17:59,969 [INFO] CPU=5.6% RAM=32.8% DISK=56.6% CPU_T=64.0C GPU_T=0.0C | state=NOMINAL
2026-03-15 23:18:01,003 [INFO] CPU=5.6% RAM=32.8% DISK=56.6% CPU_T=64.0C GPU_T=0.0C | state=NOMINAL
2026-03-15 23:18:02,033 [INFO] CPU=5.6% RAM=32.8% DISK=56.6% CPU_T=64.0C GPU_T=0.0C | state=NOMINAL
2026-03-15 23:18:03,071 [INFO] CPU=5.5% RAM=32.8% DISK=56.6% CPU_T=64.0C GPU_T=0.0C | state=NOMINAL
2026-03-15 23:18:04,111 [INFO] CPU=5.3% RAM=32.8% DISK=56.6% CPU_T=62.2C GPU_T=0.0C | state=NOMINAL
2026-03-15 23:18:05,152 [INFO] CPU=5.3% RAM=32.8% DISK=56.6% CPU_T=62.0C GPU_T=0.0C | state=NOMINAL
2026-03-15 23:18:06,191 [INFO] CPU=5.3% RAM=32.9% DISK=56.6% CPU_T=62.2C GPU_T=0.0C | state=NOMINAL
2026-03-15 23:18:07,256 [INFO] CPU=5.2% RAM=32.9% DISK=56.6% CPU_T=62.2C GPU_T=0.0C | state=NOMINAL
2026-03-15 23:18:08,296 [INFO] CPU=5.3% RAM=32.9% DISK=56.6% CPU_T=62.2C GPU_T=0.0C | state=NOMINAL
2026-03-15 23:18:09,331 [INFO] CPU=5.4% RAM=32.9% DISK=56.6% CPU_T=62.2C GPU_T=0.0C | state=NOMINAL
2026-03-15 23:18:10,365 [INFO] CPU=5.4% RAM=32.9% DISK=56.6% CPU_T=62.4C GPU_T=0.0C | state=NOMINAL
2026-03-15 23:18:11,397 [INFO] CPU=5.5% RAM=32.9% DISK=56.6% CPU_T=62.4C GPU_T=0.0C | state=NOMINAL
2026-03-15 23:18:12,441 [INFO] CPU=5.7% RAM=32.9% DISK=56.6% CPU_T=62.6C GPU_T=0.0C | state=NOMINAL
2026-03-15 23:18:13,480 [INFO] CPU=5.8% RAM=32.9% DISK=56.6% CPU_T=62.6C GPU_T=0.0C | state=NOMINAL
2026-03-15 23:18:14,517 [INFO] CPU=5.7% RAM=32.9% DISK=56.6% CPU_T=62.6C GPU_T=0.0C | state=NOMINAL
2026-03-15 23:18:15,554 [INFO] CPU=5.8% RAM=32.9% DISK=56.6% CPU_T=62.4C GPU_T=0.0C | state=NOMINAL
2026-03-15 23:18:16,593 [INFO] CPU=5.8% RAM=32.9% DISK=56.6% CPU_T=62.2C GPU_T=0.0C | state=NOMINAL
2026-03-15 23:18:17,855 [INFO] CPU=5.6% RAM=32.9% DISK=56.6% CPU_T=62.0C GPU_T=0.0C | state=NOMINAL
2026-03-15 23:18:18,920 [INFO] CPU=5.7% RAM=32.9% DISK=56.6% CPU_T=62.0C GPU_T=0.0C | state=NOMINAL
2026-03-15 23:18:19,945 [INFO] CPU=5.9% RAM=32.9% DISK=56.6% CPU_T=63.6C GPU_T=0.0C | state=NOMINAL
2026-03-15 23:18:20,965 [INFO] CPU=6.2% RAM=32.9% DISK=56.6% CPU_T=65.4C GPU_T=0.0C | state=NOMINAL
2026-03-15 23:18:22,003 [INFO] CPU=7.3% RAM=32.9% DISK=56.6% CPU_T=65.4C GPU_T=0.0C | state=NOMINAL
2026-03-15 23:18:23,042 [INFO] CPU=8.1% RAM=33.0% DISK=56.6% CPU_T=65.8C GPU_T=0.0C | state=NOMINAL
2026-03-15 23:18:24,078 [INFO] CPU=8.2% RAM=33.0% DISK=56.6% CPU_T=65.8C GPU_T=0.0C | state=NOMINAL
2026-03-15 23:18:25,114 [INFO] CPU=8.2% RAM=33.1% DISK=56.6% CPU_T=64.4C GPU_T=0.0C | state=NOMINAL
2026-03-15 23:18:26,155 [INFO] CPU=7.9% RAM=33.1% DISK=56.6% CPU_T=62.6C GPU_T=0.0C | state=NOMINAL
2026-03-15 23:18:27,191 [INFO] CPU=7.0% RAM=33.1% DISK=56.6% CPU_T=62.6C GPU_T=0.0C | state=NOMINAL
2026-03-15 23:18:28,231 [INFO] CPU=6.4% RAM=33.1% DISK=56.6% CPU_T=62.2C GPU_T=0.0C | state=NOMINAL
2026-03-15 23:18:29,263 [INFO] CPU=6.9% RAM=33.1% DISK=56.6% CPU_T=62.4C GPU_T=0.0C | state=NOMINAL
2026-03-15 23:18:30,294 [INFO] CPU=7.2% RAM=33.1% DISK=56.6% CPU_T=62.4C GPU_T=0.0C | state=NOMINAL
2026-03-15 23:18:31,327 [INFO] CPU=7.4% RAM=33.1% DISK=56.6% CPU_T=62.4C GPU_T=0.0C | state=NOMINAL
2026-03-15 23:18:32,359 [INFO] CPU=8.1% RAM=33.1% DISK=56.6% CPU_T=62.6C GPU_T=0.0C | state=NOMINAL
2026-03-15 23:18:33,390 [INFO] CPU=8.6% RAM=33.1% DISK=56.6% CPU_T=62.6C GPU_T=0.0C | state=NOMINAL
2026-03-15 23:18:34,419 [INFO] CPU=8.8% RAM=33.1% DISK=56.6% CPU_T=62.4C GPU_T=0.0C | state=NOMINAL
2026-03-15 23:18:35,455 [INFO] CPU=8.3% RAM=33.1% DISK=56.6% CPU_T=62.2C GPU_T=0.0C | state=NOMINAL
2026-03-15 23:18:36,487 [INFO] CPU=8.3% RAM=33.1% DISK=56.6% CPU_T=62.4C GPU_T=0.0C | state=NOMINAL
2026-03-15 23:18:37,515 [INFO] CPU=7.9% RAM=33.1% DISK=56.6% CPU_T=62.0C GPU_T=0.0C | state=NOMINAL
2026-03-15 23:18:38,555 [INFO] CPU=7.4% RAM=33.1% DISK=56.6% CPU_T=62.0C GPU_T=0.0C | state=NOMINAL
2026-03-15 23:18:39,593 [INFO] CPU=7.0% RAM=33.1% DISK=56.6% CPU_T=62.0C GPU_T=0.0C | state=NOMINAL
2026-03-15 23:18:40,621 [INFO] CPU=7.1% RAM=33.1% DISK=56.6% CPU_T=62.0C GPU_T=0.0C | state=NOMINAL
2026-03-15 23:18:41,655 [INFO] CPU=7.0% RAM=33.1% DISK=56.6% CPU_T=61.8C GPU_T=0.0C | state=NOMINAL
2026-03-15 23:18:42,687 [INFO] CPU=6.6% RAM=33.1% DISK=56.6% CPU_T=62.0C GPU_T=0.0C | state=NOMINAL
2026-03-15 23:18:43,729 [INFO] CPU=6.4% RAM=33.2% DISK=56.6% CPU_T=62.0C GPU_T=0.0C | state=NOMINAL
2026-03-15 23:18:44,771 [INFO] CPU=6.1% RAM=33.2% DISK=56.6% CPU_T=62.0C GPU_T=0.0C | state=NOMINAL
2026-03-15 23:18:45,812 [INFO] CPU=5.9% RAM=33.2% DISK=56.6% CPU_T=62.0C GPU_T=0.0C | state=NOMINAL
2026-03-15 23:18:46,856 [INFO] CPU=5.8% RAM=33.2% DISK=56.6% CPU_T=62.0C GPU_T=0.0C | state=NOMINAL
2026-03-15 23:18:47,881 [INFO] CPU=6.3% RAM=33.1% DISK=56.6% CPU_T=62.2C GPU_T=0.0C | state=NOMINAL
2026-03-15 23:18:48,912 [INFO] CPU=6.6% RAM=33.1% DISK=56.6% CPU_T=62.2C GPU_T=0.0C | state=NOMINAL
2026-03-15 23:18:49,943 [INFO] CPU=6.7% RAM=33.1% DISK=56.6% CPU_T=63.0C GPU_T=0.0C | state=NOMINAL
2026-03-15 23:18:50,963 [INFO] CPU=7.0% RAM=33.1% DISK=56.6% CPU_T=63.4C GPU_T=0.0C | state=NOMINAL
2026-03-15 23:18:51,990 [INFO] CPU=7.0% RAM=33.1% DISK=56.6% CPU_T=63.4C GPU_T=0.0C | state=NOMINAL
2026-03-15 23:18:53,026 [INFO] CPU=6.6% RAM=33.1% DISK=56.6% CPU_T=63.2C GPU_T=0.0C | state=NOMINAL
2026-03-15 23:18:54,061 [INFO] CPU=6.5% RAM=33.1% DISK=56.6% CPU_T=63.2C GPU_T=0.0C | state=NOMINAL
2026-03-15 23:18:55,100 [INFO] CPU=6.5% RAM=33.1% DISK=56.6% CPU_T=62.4C GPU_T=0.0C | state=NOMINAL
2026-03-15 23:18:56,136 [INFO] CPU=6.6% RAM=33.1% DISK=56.6% CPU_T=62.0C GPU_T=0.0C | state=NOMINAL
2026-03-15 23:18:57,169 [INFO] CPU=6.6% RAM=33.1% DISK=56.6% CPU_T=62.2C GPU_T=0.0C | state=NOMINAL
2026-03-15 23:18:58,205 [INFO] CPU=6.8% RAM=33.2% DISK=56.6% CPU_T=62.2C GPU_T=0.0C | state=NOMINAL
2026-03-15 23:18:59,243 [INFO] CPU=6.8% RAM=33.2% DISK=56.6% CPU_T=62.2C GPU_T=0.0C | state=NOMINAL
2026-03-15 23:19:00,286 [INFO] CPU=6.6% RAM=33.2% DISK=56.6% CPU_T=62.4C GPU_T=0.0C | state=NOMINAL
2026-03-15 23:19:01,324 [INFO] CPU=6.3% RAM=33.2% DISK=56.6% CPU_T=62.4C GPU_T=0.0C | state=NOMINAL
2026-03-15 23:19:02,365 [INFO] CPU=6.5% RAM=33.2% DISK=56.6% CPU_T=62.4C GPU_T=0.0C | state=NOMINAL
2026-03-15 23:19:03,404 [INFO] CPU=6.4% RAM=33.2% DISK=56.6% CPU_T=62.4C GPU_T=0.0C | state=NOMINAL
2026-03-15 23:19:04,444 [INFO] CPU=6.6% RAM=33.2% DISK=56.6% CPU_T=62.4C GPU_T=0.0C | state=NOMINAL
2026-03-15 23:19:05,482 [INFO] CPU=6.8% RAM=33.2% DISK=56.6% CPU_T=62.2C GPU_T=0.0C | state=NOMINAL
2026-03-15 23:19:06,510 [INFO] CPU=6.9% RAM=33.2% DISK=56.6% CPU_T=62.4C GPU_T=0.0C | state=NOMINAL
2026-03-15 23:19:07,553 [INFO] CPU=7.2% RAM=33.2% DISK=56.6% CPU_T=62.2C GPU_T=0.0C | state=NOMINAL
2026-03-15 23:19:08,585 [INFO] CPU=7.0% RAM=33.2% DISK=56.6% CPU_T=62.2C GPU_T=0.0C | state=NOMINAL
2026-03-15 23:19:09,620 [INFO] CPU=6.9% RAM=33.2% DISK=56.6% CPU_T=62.2C GPU_T=0.0C | state=NOMINAL
2026-03-15 23:19:10,650 [INFO] CPU=7.1% RAM=33.2% DISK=56.6% CPU_T=62.2C GPU_T=0.0C | state=NOMINAL
2026-03-15 23:19:11,694 [INFO] CPU=7.4% RAM=33.2% DISK=56.6% CPU_T=62.0C GPU_T=0.0C | state=NOMINAL
2026-03-15 23:19:12,726 [INFO] CPU=7.0% RAM=33.2% DISK=56.6% CPU_T=62.2C GPU_T=0.0C | state=NOMINAL
2026-03-15 23:19:13,763 [INFO] CPU=7.1% RAM=33.2% DISK=56.6% CPU_T=62.2C GPU_T=0.0C | state=NOMINAL
2026-03-15 23:19:14,799 [INFO] CPU=6.9% RAM=33.1% DISK=56.6% CPU_T=62.2C GPU_T=0.0C | state=NOMINAL
2026-03-15 23:19:15,867 [INFO] CPU=6.4% RAM=33.1% DISK=56.6% CPU_T=62.2C GPU_T=0.0C | state=NOMINAL
2026-03-15 23:19:16,924 [INFO] CPU=6.1% RAM=33.1% DISK=56.6% CPU_T=62.2C GPU_T=0.0C | state=NOMINAL
2026-03-15 23:19:17,970 [INFO] CPU=6.1% RAM=33.2% DISK=56.6% CPU_T=62.2C GPU_T=0.0C | state=NOMINAL
2026-03-15 23:19:19,005 [INFO] CPU=6.0% RAM=33.2% DISK=56.6% CPU_T=62.2C GPU_T=0.0C | state=NOMINAL
2026-03-15 23:19:20,045 [INFO] CPU=6.4% RAM=33.1% DISK=56.6% CPU_T=62.2C GPU_T=0.0C | state=NOMINAL
2026-03-15 23:19:21,080 [INFO] CPU=6.4% RAM=33.0% DISK=56.6% CPU_T=62.4C GPU_T=0.0C | state=NOMINAL
2026-03-15 23:19:22,121 [INFO] CPU=6.4% RAM=33.0% DISK=56.6% CPU_T=62.4C GPU_T=0.0C | state=NOMINAL
2026-03-15 23:19:23,153 [INFO] CPU=6.3% RAM=32.9% DISK=56.6% CPU_T=62.2C GPU_T=0.0C | state=NOMINAL
2026-03-15 23:19:24,181 [INFO] CPU=6.2% RAM=32.8% DISK=56.6% CPU_T=62.2C GPU_T=0.0C | state=NOMINAL
2026-03-15 23:19:25,213 [INFO] CPU=6.0% RAM=32.8% DISK=56.6% CPU_T=62.2C GPU_T=0.0C | state=NOMINAL
2026-03-15 23:19:26,249 [INFO] CPU=5.9% RAM=32.8% DISK=56.6% CPU_T=62.2C GPU_T=0.0C | state=NOMINAL
2026-03-15 23:19:27,286 [INFO] CPU=5.7% RAM=32.8% DISK=56.6% CPU_T=62.2C GPU_T=0.0C | state=NOMINAL
2026-03-15 23:19:28,323 [INFO] CPU=5.6% RAM=32.8% DISK=56.6% CPU_T=62.4C GPU_T=0.0C | state=NOMINAL
2026-03-15 23:19:29,359 [INFO] CPU=5.5% RAM=32.8% DISK=56.6% CPU_T=62.4C GPU_T=0.0C | state=NOMINAL
2026-03-15 23:19:30,392 [INFO] CPU=5.3% RAM=32.8% DISK=56.6% CPU_T=62.4C GPU_T=0.0C | state=NOMINAL
2026-03-15 23:19:31,461 [INFO] CPU=5.3% RAM=32.8% DISK=56.6% CPU_T=62.2C GPU_T=0.0C | state=NOMINAL
2026-03-15 23:19:32,501 [INFO] CPU=5.4% RAM=32.8% DISK=56.6% CPU_T=62.2C GPU_T=0.0C | state=NOMINAL
2026-03-15 23:19:33,544 [INFO] CPU=5.6% RAM=32.8% DISK=56.6% CPU_T=61.8C GPU_T=0.0C | state=NOMINAL
2026-03-15 23:19:34,580 [INFO] CPU=5.6% RAM=32.8% DISK=56.6% CPU_T=61.8C GPU_T=0.0C | state=NOMINAL
2026-03-15 23:19:35,614 [INFO] CPU=5.5% RAM=32.8% DISK=56.6% CPU_T=61.8C GPU_T=0.0C | state=NOMINAL
2026-03-15 23:19:36,677 [INFO] CPU=5.5% RAM=32.8% DISK=56.6% CPU_T=61.8C GPU_T=0.0C | state=NOMINAL
2026-03-15 23:19:37,710 [INFO] CPU=5.9% RAM=32.8% DISK=56.6% CPU_T=61.6C GPU_T=0.0C | state=NOMINAL
2026-03-15 23:19:38,749 [INFO] CPU=5.8% RAM=32.8% DISK=56.6% CPU_T=61.8C GPU_T=0.0C | state=NOMINAL
2026-03-15 23:19:39,795 [INFO] CPU=5.8% RAM=32.7% DISK=56.6% CPU_T=61.8C GPU_T=0.0C | state=NOMINAL
2026-03-15 23:19:40,825 [INFO] CPU=5.9% RAM=32.7% DISK=56.6% CPU_T=61.8C GPU_T=0.0C | state=NOMINAL
2026-03-15 23:19:41,864 [INFO] CPU=5.9% RAM=32.7% DISK=56.6% CPU_T=61.8C GPU_T=0.0C | state=NOMINAL
2026-03-15 23:19:42,899 [INFO] CPU=5.5% RAM=32.7% DISK=56.6% CPU_T=62.0C GPU_T=0.0C | state=NOMINAL
2026-03-15 23:19:43,934 [INFO] CPU=5.3% RAM=32.7% DISK=56.6% CPU_T=62.0C GPU_T=0.0C | state=NOMINAL
2026-03-15 23:19:44,998 [INFO] CPU=4.5% RAM=32.7% DISK=56.6% CPU_T=62.0C GPU_T=0.0C | state=NOMINAL
2026-03-15 23:19:46,039 [INFO] CPU=3.8% RAM=32.7% DISK=56.6% CPU_T=62.0C GPU_T=0.0C | state=NOMINAL
2026-03-15 23:19:47,083 [INFO] CPU=3.1% RAM=32.7% DISK=56.6% CPU_T=61.8C GPU_T=0.0C | state=NOMINAL
2026-03-15 23:19:48,120 [INFO] CPU=2.7% RAM=32.7% DISK=56.6% CPU_T=61.8C GPU_T=0.0C | state=NOMINAL
2026-03-15 23:19:49,159 [INFO] CPU=3.0% RAM=32.7% DISK=56.6% CPU_T=61.8C GPU_T=0.0C | state=NOMINAL
2026-03-15 23:19:50,196 [INFO] CPU=3.6% RAM=32.7% DISK=56.6% CPU_T=62.0C GPU_T=0.0C | state=NOMINAL
2026-03-15 23:19:51,225 [INFO] CPU=4.8% RAM=32.7% DISK=56.6% CPU_T=62.2C GPU_T=0.0C | state=NOMINAL
2026-03-15 23:19:52,253 [INFO] CPU=5.8% RAM=32.8% DISK=56.6% CPU_T=62.6C GPU_T=0.0C | state=NOMINAL
2026-03-15 23:19:53,290 [INFO] CPU=6.2% RAM=32.8% DISK=56.6% CPU_T=62.6C GPU_T=0.0C | state=NOMINAL
2026-03-15 23:19:54,328 [INFO] CPU=6.3% RAM=32.8% DISK=56.6% CPU_T=62.6C GPU_T=0.0C | state=NOMINAL
2026-03-15 23:19:55,366 [INFO] CPU=6.4% RAM=32.8% DISK=56.6% CPU_T=62.4C GPU_T=0.0C | state=NOMINAL
2026-03-15 23:19:56,405 [INFO] CPU=6.0% RAM=32.8% DISK=56.6% CPU_T=62.2C GPU_T=0.0C | state=NOMINAL
2026-03-15 23:19:57,442 [INFO] CPU=5.8% RAM=32.8% DISK=56.6% CPU_T=62.2C GPU_T=0.0C | state=NOMINAL
2026-03-15 23:19:58,477 [INFO] CPU=5.7% RAM=32.8% DISK=56.6% CPU_T=62.2C GPU_T=0.0C | state=NOMINAL
2026-03-15 23:19:59,521 [INFO] CPU=5.6% RAM=32.8% DISK=56.6% CPU_T=62.2C GPU_T=0.0C | state=NOMINAL
2026-03-15 23:20:00,558 [INFO] CPU=5.3% RAM=32.8% DISK=56.6% CPU_T=62.2C GPU_T=0.0C | state=NOMINAL
2026-03-15 23:20:01,600 [INFO] CPU=4.7% RAM=32.8% DISK=56.6% CPU_T=62.2C GPU_T=0.0C | state=NOMINAL
2026-03-15 23:20:02,632 [INFO] CPU=4.0% RAM=32.8% DISK=56.6% CPU_T=62.0C GPU_T=0.0C | state=NOMINAL
2026-03-15 23:20:03,670 [INFO] CPU=3.4% RAM=32.8% DISK=56.6% CPU_T=62.0C GPU_T=0.0C | state=NOMINAL
2026-03-15 23:20:04,702 [INFO] CPU=2.8% RAM=32.8% DISK=56.6% CPU_T=62.0C GPU_T=0.0C | state=NOMINAL
2026-03-15 23:20:05,735 [INFO] CPU=3.1% RAM=32.8% DISK=56.6% CPU_T=62.0C GPU_T=0.0C | state=NOMINAL
2026-03-15 23:20:06,775 [INFO] CPU=3.7% RAM=32.8% DISK=56.6% CPU_T=62.2C GPU_T=0.0C | state=NOMINAL
2026-03-15 23:20:07,811 [INFO] CPU=4.6% RAM=32.8% DISK=56.6% CPU_T=62.4C GPU_T=0.0C | state=NOMINAL
2026-03-15 23:20:08,848 [INFO] CPU=5.3% RAM=32.8% DISK=56.6% CPU_T=62.4C GPU_T=0.0C | state=NOMINAL
2026-03-15 23:20:09,890 [INFO] CPU=6.0% RAM=32.8% DISK=56.6% CPU_T=62.4C GPU_T=0.0C | state=NOMINAL
2026-03-15 23:20:10,946 [INFO] CPU=5.9% RAM=32.8% DISK=56.6% CPU_T=64.2C GPU_T=0.0C | state=NOMINAL
2026-03-15 23:20:11,974 [INFO] CPU=7.3% RAM=32.1% DISK=56.6% CPU_T=64.0C GPU_T=0.0C | state=NOMINAL
2026-03-15 23:20:13,016 [INFO] CPU=7.0% RAM=31.5% DISK=56.6% CPU_T=63.8C GPU_T=0.0C | state=NOMINAL
2026-03-15 23:20:14,055 [INFO] CPU=6.8% RAM=30.8% DISK=56.6% CPU_T=63.8C GPU_T=0.0C | state=NOMINAL
2026-03-15 23:20:15,087 [INFO] CPU=6.3% RAM=30.1% DISK=56.6% CPU_T=63.8C GPU_T=0.0C | state=NOMINAL
2026-03-15 23:20:16,148 [INFO] CPU=6.8% RAM=29.5% DISK=56.6% CPU_T=62.2C GPU_T=0.0C | state=NOMINAL
2026-03-15 23:20:17,185 [INFO] CPU=5.2% RAM=29.4% DISK=56.6% CPU_T=62.2C GPU_T=0.0C | state=NOMINAL
2026-03-15 23:20:18,221 [INFO] CPU=5.3% RAM=29.4% DISK=56.6% CPU_T=62.2C GPU_T=0.0C | state=NOMINAL
2026-03-15 23:20:19,281 [INFO] CPU=6.4% RAM=29.4% DISK=56.6% CPU_T=62.2C GPU_T=0.0C | state=NOMINAL
2026-03-15 23:20:20,345 [INFO] CPU=7.9% RAM=29.5% DISK=56.6% CPU_T=62.2C GPU_T=0.0C | state=NOMINAL
2026-03-15 23:20:21,377 [INFO] CPU=6.6% RAM=29.5% DISK=56.6% CPU_T=61.8C GPU_T=0.0C | state=NOMINAL
2026-03-15 23:20:22,420 [INFO] CPU=6.1% RAM=29.6% DISK=56.6% CPU_T=61.8C GPU_T=0.0C | state=NOMINAL
2026-03-15 23:20:23,460 [INFO] CPU=5.5% RAM=29.6% DISK=56.6% CPU_T=61.8C GPU_T=0.0C | state=NOMINAL
2026-03-15 23:20:24,496 [INFO] CPU=3.8% RAM=29.6% DISK=56.6% CPU_T=61.8C GPU_T=0.0C | state=NOMINAL
2026-03-15 23:20:25,535 [INFO] CPU=1.9% RAM=29.6% DISK=56.6% CPU_T=61.8C GPU_T=0.0C | state=NOMINAL
2026-03-15 23:20:26,568 [INFO] CPU=1.8% RAM=29.6% DISK=56.6% CPU_T=61.8C GPU_T=0.0C | state=NOMINAL
2026-03-15 23:20:27,639 [INFO] CPU=1.6% RAM=29.6% DISK=56.6% CPU_T=61.8C GPU_T=0.0C | state=NOMINAL
2026-03-15 23:20:28,685 [INFO] CPU=1.4% RAM=29.6% DISK=56.6% CPU_T=61.6C GPU_T=0.0C | state=NOMINAL
2026-03-15 23:20:29,723 [INFO] CPU=1.1% RAM=29.6% DISK=56.6% CPU_T=61.4C GPU_T=0.0C | state=NOMINAL
2026-03-15 23:20:30,754 [INFO] CPU=1.2% RAM=29.6% DISK=56.6% CPU_T=61.2C GPU_T=0.0C | state=NOMINAL
2026-03-15 23:20:31,794 [INFO] CPU=1.1% RAM=29.5% DISK=56.6% CPU_T=61.2C GPU_T=0.0C | state=NOMINAL
2026-03-15 23:20:32,857 [INFO] CPU=1.1% RAM=29.5% DISK=56.6% CPU_T=60.6C GPU_T=0.0C | state=NOMINAL
2026-03-15 23:20:33,924 [INFO] CPU=1.1% RAM=29.5% DISK=56.6% CPU_T=60.8C GPU_T=0.0C | state=NOMINAL
2026-03-15 23:20:34,961 [INFO] CPU=1.1% RAM=29.5% DISK=56.6% CPU_T=60.8C GPU_T=0.0C | state=NOMINAL
2026-03-15 23:20:35,997 [INFO] CPU=1.0% RAM=29.5% DISK=56.6% CPU_T=60.8C GPU_T=0.0C | state=NOMINAL
2026-03-15 23:20:37,033 [INFO] CPU=0.9% RAM=29.5% DISK=56.6% CPU_T=60.8C GPU_T=0.0C | state=NOMINAL
2026-03-15 23:20:38,089 [INFO] CPU=0.9% RAM=29.5% DISK=56.6% CPU_T=61.2C GPU_T=0.0C | state=NOMINAL
2026-03-15 23:20:39,151 [INFO] CPU=0.9% RAM=29.5% DISK=56.6% CPU_T=60.8C GPU_T=0.0C | state=NOMINAL
2026-03-15 23:20:40,180 [INFO] CPU=0.9% RAM=29.5% DISK=56.6% CPU_T=60.4C GPU_T=0.0C | state=NOMINAL
2026-03-15 23:20:41,213 [INFO] CPU=1.0% RAM=29.5% DISK=56.6% CPU_T=60.4C GPU_T=0.0C | state=NOMINAL
2026-03-15 23:20:42,247 [INFO] CPU=1.4% RAM=29.5% DISK=56.6% CPU_T=60.4C GPU_T=0.0C | state=NOMINAL
2026-03-15 23:20:43,287 [INFO] CPU=1.3% RAM=29.5% DISK=56.6% CPU_T=60.4C GPU_T=0.0C | state=NOMINAL
2026-03-15 23:20:44,354 [INFO] CPU=1.3% RAM=29.5% DISK=56.6% CPU_T=60.2C GPU_T=0.0C | state=NOMINAL
2026-03-15 23:20:45,397 [INFO] CPU=1.3% RAM=29.5% DISK=56.6% CPU_T=60.2C GPU_T=0.0C | state=NOMINAL
2026-03-15 23:20:46,434 [INFO] CPU=1.1% RAM=29.5% DISK=56.6% CPU_T=59.8C GPU_T=0.0C | state=NOMINAL
2026-03-15 23:20:47,466 [INFO] CPU=0.7% RAM=29.5% DISK=56.6% CPU_T=59.4C GPU_T=0.0C | state=NOMINAL
2026-03-15 23:20:48,510 [INFO] CPU=0.7% RAM=29.5% DISK=56.6% CPU_T=59.0C GPU_T=0.0C | state=NOMINAL
2026-03-15 23:20:49,549 [INFO] CPU=0.7% RAM=29.5% DISK=56.6% CPU_T=59.4C GPU_T=0.0C | state=NOMINAL
2026-03-15 23:20:50,616 [INFO] CPU=0.7% RAM=29.5% DISK=56.6% CPU_T=59.4C GPU_T=0.0C | state=NOMINAL
2026-03-15 23:20:51,659 [INFO] CPU=0.7% RAM=29.5% DISK=56.6% CPU_T=59.4C GPU_T=0.0C | state=NOMINAL
2026-03-15 23:20:52,692 [INFO] CPU=0.7% RAM=29.5% DISK=56.6% CPU_T=59.4C GPU_T=0.0C | state=NOMINAL
2026-03-15 23:20:53,755 [INFO] CPU=0.6% RAM=29.5% DISK=56.6% CPU_T=59.4C GPU_T=0.0C | state=NOMINAL
2026-03-15 23:20:54,796 [INFO] CPU=0.6% RAM=29.5% DISK=56.6% CPU_T=59.0C GPU_T=0.0C | state=NOMINAL
2026-03-15 23:20:55,835 [INFO] CPU=0.6% RAM=29.5% DISK=56.6% CPU_T=59.0C GPU_T=0.0C | state=NOMINAL
2026-03-15 23:20:56,891 [INFO] CPU=0.7% RAM=29.5% DISK=56.6% CPU_T=59.4C GPU_T=0.0C | state=NOMINAL
2026-03-15 23:20:57,933 [INFO] CPU=0.7% RAM=29.5% DISK=56.6% CPU_T=59.4C GPU_T=0.0C | state=NOMINAL
2026-03-15 23:20:58,970 [INFO] CPU=0.7% RAM=29.5% DISK=56.6% CPU_T=59.4C GPU_T=0.0C | state=NOMINAL
2026-03-15 23:21:00,006 [INFO] CPU=1.3% RAM=29.5% DISK=56.6% CPU_T=59.8C GPU_T=0.0C | state=NOMINAL
2026-03-15 23:21:01,048 [INFO] CPU=2.0% RAM=29.5% DISK=56.6% CPU_T=59.8C GPU_T=0.0C | state=NOMINAL
2026-03-15 23:21:02,084 [INFO] CPU=2.0% RAM=29.5% DISK=56.6% CPU_T=59.8C GPU_T=0.0C | state=NOMINAL
2026-03-15 23:21:03,147 [INFO] CPU=2.0% RAM=29.5% DISK=56.6% CPU_T=59.8C GPU_T=0.0C | state=NOMINAL
2026-03-15 23:21:04,185 [INFO] CPU=2.2% RAM=29.5% DISK=56.6% CPU_T=60.2C GPU_T=0.0C | state=NOMINAL
2026-03-15 23:21:05,222 [INFO] CPU=1.7% RAM=29.5% DISK=56.6% CPU_T=59.8C GPU_T=0.0C | state=NOMINAL
2026-03-15 23:21:06,278 [INFO] CPU=1.0% RAM=29.5% DISK=56.6% CPU_T=59.6C GPU_T=0.0C | state=NOMINAL
2026-03-15 23:21:07,318 [INFO] CPU=1.0% RAM=29.5% DISK=56.6% CPU_T=59.2C GPU_T=0.0C | state=NOMINAL
2026-03-15 23:21:08,362 [INFO] CPU=1.1% RAM=29.5% DISK=56.6% CPU_T=59.6C GPU_T=0.0C | state=NOMINAL
2026-03-15 23:21:09,398 [INFO] CPU=1.1% RAM=29.5% DISK=56.6% CPU_T=59.2C GPU_T=0.0C | state=NOMINAL
2026-03-15 23:21:10,438 [INFO] CPU=1.0% RAM=29.5% DISK=56.6% CPU_T=59.2C GPU_T=0.0C | state=NOMINAL
2026-03-15 23:21:11,472 [INFO] CPU=1.0% RAM=29.5% DISK=56.6% CPU_T=59.2C GPU_T=0.0C | state=NOMINAL
2026-03-15 23:21:12,519 [INFO] CPU=1.0% RAM=29.5% DISK=56.6% CPU_T=59.0C GPU_T=0.0C | state=NOMINAL
2026-03-15 23:21:13,590 [INFO] CPU=0.9% RAM=29.4% DISK=56.6% CPU_T=58.6C GPU_T=0.0C | state=NOMINAL
2026-03-15 23:21:14,631 [INFO] CPU=0.8% RAM=29.4% DISK=56.6% CPU_T=58.4C GPU_T=0.0C | state=NOMINAL
2026-03-15 23:21:15,668 [INFO] CPU=0.7% RAM=29.4% DISK=56.6% CPU_T=58.2C GPU_T=0.0C | state=NOMINAL
2026-03-15 23:21:16,709 [INFO] CPU=0.7% RAM=29.4% DISK=56.6% CPU_T=58.2C GPU_T=0.0C | state=NOMINAL
2026-03-15 23:21:17,742 [INFO] CPU=0.7% RAM=29.4% DISK=56.6% CPU_T=58.2C GPU_T=0.0C | state=NOMINAL
2026-03-15 23:21:18,797 [INFO] CPU=0.6% RAM=29.4% DISK=56.6% CPU_T=59.0C GPU_T=0.0C | state=NOMINAL
2026-03-15 23:21:19,866 [INFO] CPU=0.7% RAM=29.4% DISK=56.6% CPU_T=59.0C GPU_T=0.0C | state=NOMINAL
2026-03-15 23:21:20,905 [INFO] CPU=0.7% RAM=29.4% DISK=56.6% CPU_T=59.0C GPU_T=0.0C | state=NOMINAL
2026-03-15 23:21:21,942 [INFO] CPU=0.8% RAM=29.4% DISK=56.6% CPU_T=59.0C GPU_T=0.0C | state=NOMINAL
2026-03-15 23:21:22,987 [INFO] CPU=0.9% RAM=29.4% DISK=56.6% CPU_T=59.0C GPU_T=0.0C | state=NOMINAL
2026-03-15 23:21:24,024 [INFO] CPU=0.9% RAM=29.4% DISK=56.6% CPU_T=58.2C GPU_T=0.0C | state=NOMINAL
2026-03-15 23:21:25,088 [INFO] CPU=1.2% RAM=29.4% DISK=56.6% CPU_T=58.4C GPU_T=0.0C | state=NOMINAL
2026-03-15 23:21:26,153 [INFO] CPU=1.3% RAM=29.4% DISK=56.6% CPU_T=58.4C GPU_T=0.0C | state=NOMINAL
2026-03-15 23:21:27,188 [INFO] CPU=1.5% RAM=29.4% DISK=56.6% CPU_T=58.4C GPU_T=0.0C | state=NOMINAL
2026-03-15 23:21:28,451 [INFO] CPU=1.5% RAM=29.4% DISK=56.6% CPU_T=58.4C GPU_T=0.0C | state=NOMINAL
2026-03-15 23:21:29,488 [INFO] CPU=1.7% RAM=29.4% DISK=56.6% CPU_T=58.2C GPU_T=0.0C | state=NOMINAL
2026-03-15 23:21:30,525 [INFO] CPU=1.6% RAM=29.4% DISK=56.6% CPU_T=58.0C GPU_T=0.0C | state=NOMINAL
2026-03-15 23:21:31,568 [INFO] CPU=1.6% RAM=29.4% DISK=56.6% CPU_T=58.0C GPU_T=0.0C | state=NOMINAL
2026-03-15 23:21:32,605 [INFO] CPU=1.6% RAM=29.4% DISK=56.6% CPU_T=58.0C GPU_T=0.0C | state=NOMINAL
2026-03-15 23:21:33,651 [INFO] CPU=1.7% RAM=29.4% DISK=56.6% CPU_T=58.0C GPU_T=0.0C | state=NOMINAL
2026-03-15 23:21:34,688 [INFO] CPU=1.6% RAM=29.4% DISK=56.6% CPU_T=58.0C GPU_T=0.0C | state=NOMINAL
2026-03-15 23:21:35,728 [INFO] CPU=1.5% RAM=29.4% DISK=56.6% CPU_T=58.0C GPU_T=0.0C | state=NOMINAL
2026-03-15 23:21:36,790 [INFO] CPU=1.5% RAM=29.4% DISK=56.6% CPU_T=57.8C GPU_T=0.0C | state=NOMINAL
2026-03-15 23:21:37,859 [INFO] CPU=1.4% RAM=29.4% DISK=56.6% CPU_T=57.6C GPU_T=0.0C | state=NOMINAL
2026-03-15 23:21:38,895 [INFO] CPU=1.3% RAM=29.4% DISK=56.6% CPU_T=57.6C GPU_T=0.0C | state=NOMINAL
2026-03-15 23:21:39,937 [INFO] CPU=1.2% RAM=29.4% DISK=56.6% CPU_T=57.6C GPU_T=0.0C | state=NOMINAL
2026-03-15 23:21:40,972 [INFO] CPU=1.1% RAM=29.4% DISK=56.6% CPU_T=57.6C GPU_T=0.0C | state=NOMINAL
2026-03-15 23:21:42,014 [INFO] CPU=1.1% RAM=29.4% DISK=56.6% CPU_T=57.8C GPU_T=0.0C | state=NOMINAL
2026-03-15 23:21:43,079 [INFO] CPU=1.1% RAM=29.4% DISK=56.6% CPU_T=57.8C GPU_T=0.0C | state=NOMINAL
2026-03-15 23:21:44,140 [INFO] CPU=1.0% RAM=29.5% DISK=56.6% CPU_T=57.8C GPU_T=0.0C | state=NOMINAL
2026-03-15 23:21:45,185 [INFO] CPU=1.0% RAM=29.5% DISK=56.6% CPU_T=57.8C GPU_T=0.0C | state=NOMINAL
2026-03-15 23:21:46,222 [INFO] CPU=1.3% RAM=29.5% DISK=56.6% CPU_T=57.6C GPU_T=0.0C | state=NOMINAL
2026-03-15 23:21:47,258 [INFO] CPU=1.3% RAM=29.5% DISK=56.6% CPU_T=57.6C GPU_T=0.0C | state=NOMINAL
2026-03-15 23:21:48,323 [INFO] CPU=1.2% RAM=29.4% DISK=56.6% CPU_T=57.8C GPU_T=0.0C | state=NOMINAL
2026-03-15 23:21:49,356 [INFO] CPU=1.2% RAM=29.4% DISK=56.6% CPU_T=57.8C GPU_T=0.0C | state=NOMINAL
2026-03-15 23:21:50,396 [INFO] CPU=1.1% RAM=29.4% DISK=56.6% CPU_T=57.6C GPU_T=0.0C | state=NOMINAL
2026-03-15 23:21:51,439 [INFO] CPU=0.8% RAM=29.4% DISK=56.6% CPU_T=57.8C GPU_T=0.0C | state=NOMINAL
2026-03-15 23:21:52,471 [INFO] CPU=0.8% RAM=29.4% DISK=56.6% CPU_T=57.8C GPU_T=0.0C | state=NOMINAL
2026-03-15 23:21:53,537 [INFO] CPU=0.8% RAM=29.4% DISK=56.6% CPU_T=57.8C GPU_T=0.0C | state=NOMINAL
2026-03-15 23:21:54,580 [INFO] CPU=0.8% RAM=29.4% DISK=56.6% CPU_T=57.8C GPU_T=0.0C | state=NOMINAL
2026-03-15 23:21:55,622 [INFO] CPU=0.8% RAM=29.4% DISK=56.6% CPU_T=58.0C GPU_T=0.0C | state=NOMINAL
2026-03-15 23:21:56,690 [INFO] CPU=0.8% RAM=29.4% DISK=56.6% CPU_T=58.0C GPU_T=0.0C | state=NOMINAL
2026-03-15 23:21:57,720 [INFO] CPU=0.8% RAM=29.4% DISK=56.6% CPU_T=58.0C GPU_T=0.0C | state=NOMINAL
2026-03-15 23:21:58,759 [INFO] CPU=0.8% RAM=29.4% DISK=56.6% CPU_T=57.8C GPU_T=0.0C | state=NOMINAL
2026-03-15 23:21:59,822 [INFO] CPU=0.7% RAM=29.4% DISK=56.6% CPU_T=57.8C GPU_T=0.0C | state=NOMINAL
2026-03-15 23:22:00,857 [INFO] CPU=0.7% RAM=29.4% DISK=56.6% CPU_T=57.6C GPU_T=0.0C | state=NOMINAL
2026-03-15 23:22:01,897 [INFO] CPU=0.7% RAM=29.4% DISK=56.6% CPU_T=57.4C GPU_T=0.0C | state=NOMINAL
2026-03-15 23:22:02,933 [INFO] CPU=0.6% RAM=29.4% DISK=56.6% CPU_T=57.4C GPU_T=0.0C | state=NOMINAL
2026-03-15 23:22:03,971 [INFO] CPU=0.6% RAM=29.4% DISK=56.6% CPU_T=57.4C GPU_T=0.0C | state=NOMINAL
2026-03-15 23:22:05,012 [INFO] CPU=0.6% RAM=29.4% DISK=56.6% CPU_T=57.4C GPU_T=0.0C | state=NOMINAL
2026-03-15 23:22:06,054 [INFO] CPU=0.9% RAM=29.4% DISK=56.6% CPU_T=57.6C GPU_T=0.0C | state=NOMINAL
2026-03-15 23:22:07,094 [INFO] CPU=0.9% RAM=29.4% DISK=56.6% CPU_T=57.8C GPU_T=0.0C | state=NOMINAL
2026-03-15 23:22:08,129 [INFO] CPU=0.9% RAM=29.4% DISK=56.6% CPU_T=57.8C GPU_T=0.0C | state=NOMINAL
2026-03-15 23:22:09,160 [INFO] CPU=0.9% RAM=29.4% DISK=56.6% CPU_T=58.0C GPU_T=0.0C | state=NOMINAL
2026-03-15 23:22:10,200 [INFO] CPU=0.9% RAM=29.4% DISK=56.6% CPU_T=57.8C GPU_T=0.0C | state=NOMINAL
2026-03-15 23:22:11,236 [INFO] CPU=0.7% RAM=29.4% DISK=56.6% CPU_T=57.6C GPU_T=0.0C | state=NOMINAL
2026-03-15 23:22:12,299 [INFO] CPU=0.7% RAM=29.4% DISK=56.6% CPU_T=57.2C GPU_T=0.0C | state=NOMINAL
2026-03-15 23:22:13,335 [INFO] CPU=0.7% RAM=29.4% DISK=56.6% CPU_T=57.0C GPU_T=0.0C | state=NOMINAL
2026-03-15 23:22:14,369 [INFO] CPU=0.7% RAM=29.4% DISK=56.6% CPU_T=56.8C GPU_T=0.0C | state=NOMINAL
2026-03-15 23:22:15,406 [INFO] CPU=0.7% RAM=29.4% DISK=56.6% CPU_T=56.8C GPU_T=0.0C | state=NOMINAL
2026-03-15 23:22:16,446 [INFO] CPU=0.7% RAM=29.4% DISK=56.6% CPU_T=56.8C GPU_T=0.0C | state=NOMINAL
2026-03-15 23:22:17,478 [INFO] CPU=0.7% RAM=29.4% DISK=56.6% CPU_T=57.2C GPU_T=0.0C | state=NOMINAL
2026-03-15 23:22:18,514 [INFO] CPU=0.7% RAM=29.4% DISK=56.6% CPU_T=57.4C GPU_T=0.0C | state=NOMINAL
2026-03-15 23:22:19,541 [INFO] CPU=0.9% RAM=29.4% DISK=56.6% CPU_T=57.4C GPU_T=0.0C | state=NOMINAL
2026-03-15 23:22:20,573 [INFO] CPU=2.4% RAM=29.4% DISK=56.6% CPU_T=57.8C GPU_T=0.0C | state=NOMINAL
2026-03-15 23:22:21,612 [INFO] CPU=3.2% RAM=29.4% DISK=56.6% CPU_T=58.0C GPU_T=0.0C | state=NOMINAL
2026-03-15 23:22:22,642 [INFO] CPU=5.3% RAM=29.4% DISK=56.6% CPU_T=58.0C GPU_T=0.0C | state=NOMINAL
2026-03-15 23:22:23,673 [INFO] CPU=6.7% RAM=29.5% DISK=56.6% CPU_T=58.2C GPU_T=0.0C | state=NOMINAL
2026-03-15 23:22:24,711 [INFO] CPU=6.8% RAM=29.5% DISK=56.6% CPU_T=58.6C GPU_T=0.0C | state=NOMINAL
2026-03-15 23:22:25,750 [INFO] CPU=5.3% RAM=29.5% DISK=56.6% CPU_T=58.6C GPU_T=0.0C | state=NOMINAL
2026-03-15 23:22:26,788 [INFO] CPU=4.6% RAM=29.5% DISK=56.6% CPU_T=58.6C GPU_T=0.0C | state=NOMINAL
2026-03-15 23:22:27,829 [INFO] CPU=2.5% RAM=29.5% DISK=56.6% CPU_T=58.6C GPU_T=0.0C | state=NOMINAL
2026-03-15 23:22:28,869 [INFO] CPU=1.2% RAM=29.5% DISK=56.6% CPU_T=58.2C GPU_T=0.0C | state=NOMINAL
2026-03-15 23:22:29,929 [INFO] CPU=1.1% RAM=29.5% DISK=56.6% CPU_T=58.0C GPU_T=0.0C | state=NOMINAL
2026-03-15 23:22:30,974 [INFO] CPU=1.2% RAM=29.5% DISK=56.6% CPU_T=57.6C GPU_T=0.0C | state=NOMINAL
2026-03-15 23:22:32,013 [INFO] CPU=1.2% RAM=29.5% DISK=56.6% CPU_T=57.6C GPU_T=0.0C | state=NOMINAL
2026-03-15 23:22:33,078 [INFO] CPU=1.5% RAM=29.5% DISK=56.6% CPU_T=57.4C GPU_T=0.0C | state=NOMINAL
2026-03-15 23:22:34,119 [INFO] CPU=1.5% RAM=29.5% DISK=56.6% CPU_T=57.4C GPU_T=0.0C | state=NOMINAL
2026-03-15 23:22:35,156 [INFO] CPU=1.6% RAM=29.5% DISK=56.6% CPU_T=57.4C GPU_T=0.0C | state=NOMINAL
2026-03-15 23:22:36,218 [INFO] CPU=1.6% RAM=29.4% DISK=56.6% CPU_T=57.6C GPU_T=0.0C | state=NOMINAL
2026-03-15 23:22:37,260 [INFO] CPU=1.7% RAM=29.4% DISK=56.6% CPU_T=57.6C GPU_T=0.0C | state=NOMINAL
2026-03-15 23:22:38,295 [INFO] CPU=1.6% RAM=29.4% DISK=56.6% CPU_T=57.8C GPU_T=0.0C | state=NOMINAL
2026-03-15 23:22:39,367 [INFO] CPU=1.7% RAM=29.4% DISK=56.6% CPU_T=57.8C GPU_T=0.0C | state=NOMINAL
2026-03-15 23:22:40,408 [INFO] CPU=1.7% RAM=29.4% DISK=56.6% CPU_T=57.6C GPU_T=0.0C | state=NOMINAL
2026-03-15 23:22:41,451 [INFO] CPU=1.7% RAM=29.4% DISK=56.6% CPU_T=57.4C GPU_T=0.0C | state=NOMINAL
2026-03-15 23:22:42,518 [INFO] CPU=1.6% RAM=29.4% DISK=56.6% CPU_T=57.4C GPU_T=0.0C | state=NOMINAL
2026-03-15 23:22:43,666 [INFO] CPU=1.6% RAM=29.4% DISK=56.6% CPU_T=57.2C GPU_T=0.0C | state=NOMINAL
2026-03-15 23:22:44,760 [INFO] CPU=1.5% RAM=29.4% DISK=56.6% CPU_T=57.4C GPU_T=0.0C | state=NOMINAL
2026-03-15 23:22:45,803 [INFO] CPU=1.3% RAM=29.4% DISK=56.6% CPU_T=57.4C GPU_T=0.0C | state=NOMINAL
2026-03-15 23:22:46,840 [INFO] CPU=1.2% RAM=29.4% DISK=56.6% CPU_T=57.2C GPU_T=0.0C | state=NOMINAL
2026-03-15 23:22:47,876 [INFO] CPU=1.1% RAM=29.4% DISK=56.6% CPU_T=56.8C GPU_T=0.0C | state=NOMINAL
2026-03-15 23:22:48,942 [INFO] CPU=1.1% RAM=29.4% DISK=56.6% CPU_T=56.8C GPU_T=0.0C | state=NOMINAL
2026-03-15 23:22:49,975 [INFO] CPU=1.1% RAM=29.4% DISK=56.6% CPU_T=56.6C GPU_T=0.0C | state=NOMINAL
2026-03-15 23:22:51,014 [INFO] CPU=1.5% RAM=29.4% DISK=56.6% CPU_T=56.6C GPU_T=0.0C | state=NOMINAL
2026-03-15 23:22:52,052 [INFO] CPU=1.6% RAM=29.4% DISK=56.6% CPU_T=56.8C GPU_T=0.0C | state=NOMINAL
2026-03-15 23:22:53,083 [INFO] CPU=1.7% RAM=29.4% DISK=56.6% CPU_T=57.2C GPU_T=0.0C | state=NOMINAL
2026-03-15 23:22:54,145 [INFO] CPU=1.7% RAM=29.4% DISK=56.6% CPU_T=57.2C GPU_T=0.0C | state=NOMINAL
2026-03-15 23:22:55,213 [INFO] CPU=1.6% RAM=29.4% DISK=56.6% CPU_T=57.2C GPU_T=0.0C | state=NOMINAL
2026-03-15 23:22:56,240 [INFO] CPU=1.2% RAM=29.4% DISK=56.6% CPU_T=57.2C GPU_T=0.0C | state=NOMINAL
2026-03-15 23:22:57,270 [INFO] CPU=1.1% RAM=29.4% DISK=56.6% CPU_T=57.2C GPU_T=0.0C | state=NOMINAL
2026-03-15 23:22:58,293 [INFO] CPU=1.5% RAM=29.4% DISK=56.6% CPU_T=57.2C GPU_T=0.0C | state=NOMINAL
2026-03-15 23:22:59,331 [INFO] CPU=2.9% RAM=29.4% DISK=56.6% CPU_T=57.6C GPU_T=0.0C | state=NOMINAL
2026-03-15 23:23:00,405 [INFO] CPU=4.4% RAM=29.4% DISK=56.6% CPU_T=57.8C GPU_T=0.0C | state=NOMINAL
2026-03-15 23:23:01,443 [INFO] CPU=6.7% RAM=29.4% DISK=56.6% CPU_T=58.0C GPU_T=0.0C | state=NOMINAL
2026-03-15 23:23:02,485 [INFO] CPU=8.2% RAM=29.4% DISK=56.6% CPU_T=58.2C GPU_T=0.0C | state=NOMINAL
2026-03-15 23:23:03,519 [INFO] CPU=8.2% RAM=29.5% DISK=56.6% CPU_T=58.2C GPU_T=0.0C | state=NOMINAL
2026-03-15 23:23:04,557 [INFO] CPU=7.3% RAM=29.5% DISK=56.6% CPU_T=58.0C GPU_T=0.0C | state=NOMINAL
2026-03-15 23:23:05,588 [INFO] CPU=6.1% RAM=29.6% DISK=56.6% CPU_T=58.2C GPU_T=0.0C | state=NOMINAL
2026-03-15 23:23:06,629 [INFO] CPU=3.8% RAM=29.6% DISK=56.6% CPU_T=58.2C GPU_T=0.0C | state=NOMINAL
2026-03-15 23:23:07,660 [INFO] CPU=2.3% RAM=29.6% DISK=56.6% CPU_T=58.2C GPU_T=0.0C | state=NOMINAL
2026-03-15 23:23:08,693 [INFO] CPU=1.9% RAM=29.6% DISK=56.6% CPU_T=58.2C GPU_T=0.0C | state=NOMINAL
2026-03-15 23:23:09,726 [INFO] CPU=2.6% RAM=29.6% DISK=56.6% CPU_T=58.4C GPU_T=0.0C | state=NOMINAL
2026-03-15 23:23:10,765 [INFO] CPU=3.2% RAM=29.6% DISK=56.6% CPU_T=58.4C GPU_T=0.0C | state=NOMINAL
2026-03-15 23:23:11,800 [INFO] CPU=3.2% RAM=29.6% DISK=56.6% CPU_T=58.6C GPU_T=0.0C | state=NOMINAL
2026-03-15 23:23:12,858 [INFO] CPU=3.3% RAM=29.6% DISK=56.6% CPU_T=58.6C GPU_T=0.0C | state=NOMINAL
2026-03-15 23:23:13,902 [INFO] CPU=3.2% RAM=29.6% DISK=56.6% CPU_T=58.8C GPU_T=0.0C | state=NOMINAL
2026-03-15 23:23:14,943 [INFO] CPU=2.0% RAM=29.6% DISK=56.6% CPU_T=58.6C GPU_T=0.0C | state=NOMINAL
2026-03-15 23:23:15,975 [INFO] CPU=1.1% RAM=29.6% DISK=56.6% CPU_T=58.6C GPU_T=0.0C | state=NOMINAL
2026-03-15 23:23:17,014 [INFO] CPU=1.1% RAM=29.6% DISK=56.6% CPU_T=58.4C GPU_T=0.0C | state=NOMINAL
2026-03-15 23:23:18,082 [INFO] CPU=1.1% RAM=29.6% DISK=56.6% CPU_T=58.4C GPU_T=0.0C | state=NOMINAL
2026-03-15 23:23:19,126 [INFO] CPU=1.1% RAM=29.6% DISK=56.6% CPU_T=58.2C GPU_T=0.0C | state=NOMINAL
2026-03-15 23:23:20,159 [INFO] CPU=1.0% RAM=29.6% DISK=56.6% CPU_T=58.2C GPU_T=0.0C | state=NOMINAL
2026-03-15 23:23:21,202 [INFO] CPU=1.1% RAM=29.6% DISK=56.6% CPU_T=58.0C GPU_T=0.0C | state=NOMINAL
2026-03-15 23:23:22,238 [INFO] CPU=1.3% RAM=29.6% DISK=56.6% CPU_T=58.2C GPU_T=0.0C | state=NOMINAL
2026-03-15 23:23:23,306 [INFO] CPU=1.3% RAM=29.6% DISK=56.6% CPU_T=58.2C GPU_T=0.0C | state=NOMINAL
2026-03-15 23:23:24,573 [INFO] CPU=1.3% RAM=29.6% DISK=56.6% CPU_T=58.2C GPU_T=0.0C | state=NOMINAL
2026-03-15 23:23:25,606 [INFO] CPU=1.5% RAM=29.6% DISK=56.6% CPU_T=58.2C GPU_T=0.0C | state=NOMINAL
2026-03-15 23:23:26,642 [INFO] CPU=1.5% RAM=29.7% DISK=56.6% CPU_T=58.2C GPU_T=0.0C | state=NOMINAL
2026-03-15 23:23:27,684 [INFO] CPU=1.3% RAM=29.7% DISK=56.6% CPU_T=58.0C GPU_T=0.0C | state=NOMINAL
2026-03-15 23:23:28,712 [INFO] CPU=1.3% RAM=29.7% DISK=56.6% CPU_T=58.0C GPU_T=0.0C | state=NOMINAL
2026-03-15 23:23:29,745 [INFO] CPU=1.6% RAM=29.7% DISK=56.6% CPU_T=58.0C GPU_T=0.0C | state=NOMINAL
2026-03-15 23:23:30,786 [INFO] CPU=1.5% RAM=29.7% DISK=56.6% CPU_T=58.0C GPU_T=0.0C | state=NOMINAL
2026-03-15 23:23:31,814 [INFO] CPU=2.9% RAM=29.7% DISK=56.6% CPU_T=60.0C GPU_T=0.0C | state=NOMINAL
2026-03-15 23:23:32,844 [INFO] CPU=4.8% RAM=29.7% DISK=56.6% CPU_T=60.4C GPU_T=0.0C | state=NOMINAL
2026-03-15 23:23:33,879 [INFO] CPU=5.5% RAM=29.7% DISK=56.6% CPU_T=60.6C GPU_T=0.0C | state=NOMINAL
2026-03-15 23:23:34,921 [INFO] CPU=6.0% RAM=29.6% DISK=56.6% CPU_T=60.8C GPU_T=0.0C | state=NOMINAL
2026-03-15 23:23:35,991 [INFO] CPU=6.8% RAM=29.6% DISK=56.6% CPU_T=61.0C GPU_T=0.0C | state=NOMINAL
2026-03-15 23:23:37,036 [INFO] CPU=7.2% RAM=29.6% DISK=56.6% CPU_T=59.4C GPU_T=0.0C | state=NOMINAL
2026-03-15 23:23:38,070 [INFO] CPU=6.6% RAM=29.6% DISK=56.6% CPU_T=59.4C GPU_T=0.0C | state=NOMINAL
2026-03-15 23:23:39,110 [INFO] CPU=7.1% RAM=29.6% DISK=56.6% CPU_T=59.6C GPU_T=0.0C | state=NOMINAL
2026-03-15 23:23:40,143 [INFO] CPU=7.2% RAM=29.6% DISK=56.6% CPU_T=60.0C GPU_T=0.0C | state=NOMINAL
2026-03-15 23:23:41,198 [INFO] CPU=8.7% RAM=29.6% DISK=56.6% CPU_T=60.4C GPU_T=0.0C | state=NOMINAL
2026-03-15 23:23:42,232 [INFO] CPU=9.7% RAM=29.6% DISK=56.6% CPU_T=60.6C GPU_T=0.0C | state=NOMINAL
2026-03-15 23:23:43,272 [INFO] CPU=9.3% RAM=29.6% DISK=56.6% CPU_T=60.4C GPU_T=0.0C | state=NOMINAL
2026-03-15 23:23:44,298 [INFO] CPU=10.7% RAM=29.7% DISK=56.6% CPU_T=62.2C GPU_T=0.0C | state=NOMINAL
2026-03-15 23:23:45,322 [INFO] CPU=12.3% RAM=29.9% DISK=56.6% CPU_T=62.2C GPU_T=0.0C | state=NOMINAL
2026-03-15 23:23:46,378 [INFO] CPU=12.2% RAM=30.1% DISK=56.6% CPU_T=61.8C GPU_T=0.0C | state=NOMINAL
2026-03-15 23:23:47,405 [INFO] CPU=11.2% RAM=30.3% DISK=56.6% CPU_T=61.8C GPU_T=0.0C | state=NOMINAL
2026-03-15 23:23:48,438 [INFO] CPU=11.3% RAM=30.5% DISK=56.6% CPU_T=62.2C GPU_T=0.0C | state=NOMINAL
2026-03-15 23:23:49,472 [INFO] CPU=10.3% RAM=30.6% DISK=56.6% CPU_T=60.6C GPU_T=0.0C | state=NOMINAL
2026-03-15 23:23:50,505 [INFO] CPU=8.8% RAM=30.6% DISK=56.6% CPU_T=60.2C GPU_T=0.0C | state=NOMINAL
2026-03-15 23:23:51,545 [INFO] CPU=6.7% RAM=30.6% DISK=56.6% CPU_T=60.6C GPU_T=0.0C | state=NOMINAL
2026-03-15 23:23:52,590 [INFO] CPU=5.5% RAM=30.6% DISK=56.6% CPU_T=60.2C GPU_T=0.0C | state=NOMINAL
2026-03-15 23:23:53,617 [INFO] CPU=7.0% RAM=30.7% DISK=56.6% CPU_T=60.6C GPU_T=0.0C | state=NOMINAL
2026-03-15 23:23:54,654 [INFO] CPU=13.9% RAM=31.8% DISK=56.6% CPU_T=60.8C GPU_T=0.0C | state=NOMINAL
2026-03-15 23:23:55,690 [INFO] CPU=18.2% RAM=32.2% DISK=56.6% CPU_T=61.4C GPU_T=0.0C | state=NOMINAL
2026-03-15 23:23:56,715 [INFO] CPU=22.1% RAM=32.7% DISK=56.6% CPU_T=61.8C GPU_T=0.0C | state=NOMINAL
2026-03-15 23:23:57,742 [INFO] CPU=23.4% RAM=33.2% DISK=56.6% CPU_T=62.2C GPU_T=0.0C | state=NOMINAL
2026-03-15 23:23:58,774 [INFO] CPU=21.5% RAM=33.7% DISK=56.6% CPU_T=61.8C GPU_T=0.0C | state=NOMINAL
2026-03-15 23:23:59,813 [INFO] CPU=13.9% RAM=32.9% DISK=56.6% CPU_T=61.4C GPU_T=0.0C | state=NOMINAL
2026-03-15 23:24:00,845 [INFO] CPU=9.9% RAM=32.7% DISK=56.6% CPU_T=61.2C GPU_T=0.0C | state=NOMINAL
2026-03-15 23:24:01,871 [INFO] CPU=7.4% RAM=32.5% DISK=56.6% CPU_T=61.2C GPU_T=0.0C | state=NOMINAL
2026-03-15 23:24:02,902 [INFO] CPU=7.5% RAM=32.2% DISK=56.6% CPU_T=61.4C GPU_T=0.0C | state=NOMINAL
2026-03-15 23:24:03,927 [INFO] CPU=8.9% RAM=31.9% DISK=56.6% CPU_T=61.6C GPU_T=0.0C | state=NOMINAL
2026-03-15 23:24:04,958 [INFO] CPU=8.7% RAM=31.5% DISK=56.6% CPU_T=61.8C GPU_T=0.0C | state=NOMINAL
2026-03-15 23:24:05,989 [INFO] CPU=8.7% RAM=31.2% DISK=56.6% CPU_T=61.8C GPU_T=0.0C | state=NOMINAL
2026-03-15 23:24:07,026 [INFO] CPU=7.4% RAM=30.8% DISK=56.6% CPU_T=61.4C GPU_T=0.0C | state=NOMINAL
2026-03-15 23:24:08,062 [INFO] CPU=6.2% RAM=30.5% DISK=56.6% CPU_T=61.2C GPU_T=0.0C | state=NOMINAL
2026-03-15 23:24:09,098 [INFO] CPU=5.0% RAM=30.3% DISK=56.6% CPU_T=61.2C GPU_T=0.0C | state=NOMINAL
2026-03-15 23:24:10,136 [INFO] CPU=4.5% RAM=30.2% DISK=56.6% CPU_T=61.0C GPU_T=0.0C | state=NOMINAL
2026-03-15 23:24:11,171 [INFO] CPU=3.4% RAM=30.2% DISK=56.6% CPU_T=61.0C GPU_T=0.0C | state=NOMINAL
2026-03-15 23:24:12,209 [INFO] CPU=3.2% RAM=30.2% DISK=56.6% CPU_T=61.0C GPU_T=0.0C | state=NOMINAL
2026-03-15 23:24:13,242 [INFO] CPU=2.8% RAM=30.1% DISK=56.6% CPU_T=61.0C GPU_T=0.0C | state=NOMINAL
2026-03-15 23:24:14,279 [INFO] CPU=2.8% RAM=30.1% DISK=56.6% CPU_T=60.8C GPU_T=0.0C | state=NOMINAL
2026-03-15 23:24:15,339 [INFO] CPU=2.9% RAM=30.1% DISK=56.6% CPU_T=61.0C GPU_T=0.0C | state=NOMINAL
2026-03-15 23:24:16,374 [INFO] CPU=2.9% RAM=30.0% DISK=56.6% CPU_T=61.0C GPU_T=0.0C | state=NOMINAL
2026-03-15 23:24:17,398 [INFO] CPU=4.2% RAM=30.0% DISK=56.6% CPU_T=61.2C GPU_T=0.0C | state=NOMINAL
2026-03-15 23:24:18,441 [INFO] CPU=4.3% RAM=30.0% DISK=56.6% CPU_T=61.4C GPU_T=0.0C | state=NOMINAL
2026-03-15 23:24:19,512 [INFO] CPU=3.7% RAM=30.0% DISK=56.6% CPU_T=61.4C GPU_T=0.0C | state=NOMINAL
2026-03-15 23:24:20,571 [INFO] CPU=3.5% RAM=29.9% DISK=56.6% CPU_T=61.4C GPU_T=0.0C | state=NOMINAL
2026-03-15 23:24:21,614 [INFO] CPU=3.1% RAM=29.9% DISK=56.6% CPU_T=61.4C GPU_T=0.0C | state=NOMINAL
2026-03-15 23:24:22,651 [INFO] CPU=1.7% RAM=29.9% DISK=56.6% CPU_T=61.2C GPU_T=0.0C | state=NOMINAL
2026-03-15 23:24:23,692 [INFO] CPU=1.1% RAM=30.0% DISK=56.6% CPU_T=60.6C GPU_T=0.0C | state=NOMINAL
2026-03-15 23:24:24,753 [INFO] CPU=1.2% RAM=30.0% DISK=56.6% CPU_T=60.6C GPU_T=0.0C | state=NOMINAL
2026-03-15 23:24:25,821 [INFO] CPU=1.1% RAM=30.0% DISK=56.6% CPU_T=60.2C GPU_T=0.0C | state=NOMINAL
2026-03-15 23:24:26,887 [INFO] CPU=1.0% RAM=30.0% DISK=56.6% CPU_T=60.0C GPU_T=0.0C | state=NOMINAL
2026-03-15 23:24:27,954 [INFO] CPU=1.2% RAM=30.0% DISK=56.6% CPU_T=59.4C GPU_T=0.0C | state=NOMINAL
2026-03-15 23:24:28,986 [INFO] CPU=2.5% RAM=30.0% DISK=56.6% CPU_T=60.4C GPU_T=0.0C | state=NOMINAL
2026-03-15 23:24:30,019 [INFO] CPU=3.0% RAM=30.1% DISK=56.6% CPU_T=60.4C GPU_T=0.0C | state=NOMINAL
2026-03-15 23:24:31,080 [INFO] CPU=3.1% RAM=30.1% DISK=56.6% CPU_T=60.8C GPU_T=0.0C | state=NOMINAL
2026-03-15 23:24:32,121 [INFO] CPU=3.2% RAM=30.2% DISK=56.6% CPU_T=61.0C GPU_T=0.0C | state=NOMINAL
2026-03-15 23:24:33,163 [INFO] CPU=3.1% RAM=30.2% DISK=56.6% CPU_T=61.6C GPU_T=0.0C | state=NOMINAL
2026-03-15 23:24:34,198 [INFO] CPU=2.0% RAM=30.2% DISK=56.6% CPU_T=61.0C GPU_T=0.0C | state=NOMINAL
2026-03-15 23:24:35,239 [INFO] CPU=1.6% RAM=30.1% DISK=56.6% CPU_T=61.0C GPU_T=0.0C | state=NOMINAL
2026-03-15 23:24:36,302 [INFO] CPU=1.6% RAM=30.1% DISK=56.6% CPU_T=60.6C GPU_T=0.0C | state=NOMINAL
2026-03-15 23:24:37,365 [INFO] CPU=1.7% RAM=30.1% DISK=56.6% CPU_T=60.2C GPU_T=0.0C | state=NOMINAL
2026-03-15 23:24:38,408 [INFO] CPU=1.7% RAM=30.1% DISK=56.6% CPU_T=59.8C GPU_T=0.0C | state=NOMINAL
2026-03-15 23:24:39,445 [INFO] CPU=1.7% RAM=30.1% DISK=56.6% CPU_T=59.6C GPU_T=0.0C | state=NOMINAL
2026-03-15 23:24:40,482 [INFO] CPU=1.8% RAM=30.1% DISK=56.6% CPU_T=59.2C GPU_T=0.0C | state=NOMINAL
2026-03-15 23:24:41,548 [INFO] CPU=2.0% RAM=30.1% DISK=56.6% CPU_T=59.2C GPU_T=0.0C | state=NOMINAL
2026-03-15 23:24:42,611 [INFO] CPU=2.0% RAM=30.1% DISK=56.6% CPU_T=59.4C GPU_T=0.0C | state=NOMINAL
2026-03-15 23:24:43,647 [INFO] CPU=2.0% RAM=30.0% DISK=56.6% CPU_T=59.4C GPU_T=0.0C | state=NOMINAL
2026-03-15 23:24:44,687 [INFO] CPU=2.0% RAM=30.0% DISK=56.6% CPU_T=59.2C GPU_T=0.0C | state=NOMINAL
2026-03-15 23:24:45,723 [INFO] CPU=1.6% RAM=30.0% DISK=56.6% CPU_T=59.2C GPU_T=0.0C | state=NOMINAL
2026-03-15 23:24:46,763 [INFO] CPU=1.4% RAM=30.0% DISK=56.6% CPU_T=59.0C GPU_T=0.0C | state=NOMINAL
2026-03-15 23:24:47,829 [INFO] CPU=1.3% RAM=30.0% DISK=56.6% CPU_T=58.6C GPU_T=0.0C | state=NOMINAL
2026-03-15 23:24:48,892 [INFO] CPU=1.2% RAM=30.0% DISK=56.6% CPU_T=58.6C GPU_T=0.0C | state=NOMINAL
2026-03-15 23:24:49,954 [INFO] CPU=1.3% RAM=30.0% DISK=56.6% CPU_T=58.4C GPU_T=0.0C | state=NOMINAL
2026-03-15 23:24:50,996 [INFO] CPU=1.3% RAM=30.0% DISK=56.6% CPU_T=58.2C GPU_T=0.0C | state=NOMINAL
2026-03-15 23:24:52,036 [INFO] CPU=1.4% RAM=30.0% DISK=56.6% CPU_T=58.2C GPU_T=0.0C | state=NOMINAL
2026-03-15 23:24:53,077 [INFO] CPU=1.4% RAM=30.0% DISK=56.6% CPU_T=58.4C GPU_T=0.0C | state=NOMINAL
2026-03-15 23:24:54,138 [INFO] CPU=1.5% RAM=30.0% DISK=56.6% CPU_T=58.4C GPU_T=0.0C | state=NOMINAL
2026-03-15 23:24:55,201 [INFO] CPU=1.3% RAM=30.0% DISK=56.6% CPU_T=59.0C GPU_T=0.0C | state=NOMINAL
2026-03-15 23:24:56,257 [INFO] CPU=1.7% RAM=30.0% DISK=56.6% CPU_T=59.6C GPU_T=0.0C | state=NOMINAL
2026-03-15 23:24:57,295 [INFO] CPU=1.6% RAM=30.0% DISK=56.6% CPU_T=60.2C GPU_T=0.0C | state=NOMINAL
2026-03-15 23:24:58,339 [INFO] CPU=1.5% RAM=30.0% DISK=56.6% CPU_T=60.2C GPU_T=0.0C | state=NOMINAL
2026-03-15 23:24:59,365 [INFO] CPU=1.4% RAM=30.0% DISK=56.6% CPU_T=60.2C GPU_T=0.0C | state=NOMINAL
2026-03-15 23:25:00,434 [INFO] CPU=1.3% RAM=30.0% DISK=56.6% CPU_T=60.2C GPU_T=0.0C | state=NOMINAL
2026-03-15 23:25:01,497 [INFO] CPU=0.9% RAM=30.0% DISK=56.6% CPU_T=59.6C GPU_T=0.0C | state=NOMINAL
2026-03-15 23:25:02,554 [INFO] CPU=0.8% RAM=30.0% DISK=56.6% CPU_T=59.2C GPU_T=0.0C | state=NOMINAL
2026-03-15 23:25:03,594 [INFO] CPU=0.8% RAM=30.0% DISK=56.6% CPU_T=59.2C GPU_T=0.0C | state=NOMINAL
2026-03-15 23:25:04,633 [INFO] CPU=0.8% RAM=30.0% DISK=56.6% CPU_T=59.0C GPU_T=0.0C | state=NOMINAL
2026-03-15 23:25:05,675 [INFO] CPU=0.9% RAM=30.0% DISK=56.6% CPU_T=58.4C GPU_T=0.0C | state=NOMINAL
2026-03-15 23:25:06,714 [INFO] CPU=1.0% RAM=30.0% DISK=56.6% CPU_T=58.6C GPU_T=0.0C | state=NOMINAL
2026-03-15 23:25:07,776 [INFO] CPU=1.0% RAM=30.0% DISK=56.6% CPU_T=58.4C GPU_T=0.0C | state=NOMINAL
2026-03-15 23:25:08,816 [INFO] CPU=0.9% RAM=30.0% DISK=56.6% CPU_T=58.2C GPU_T=0.0C | state=NOMINAL
2026-03-15 23:25:09,851 [INFO] CPU=0.9% RAM=30.0% DISK=56.6% CPU_T=58.2C GPU_T=0.0C | state=NOMINAL
2026-03-15 23:25:10,888 [INFO] CPU=0.8% RAM=30.0% DISK=56.6% CPU_T=58.2C GPU_T=0.0C | state=NOMINAL
2026-03-15 23:25:11,934 [INFO] CPU=0.7% RAM=30.0% DISK=56.6% CPU_T=58.0C GPU_T=0.0C | state=NOMINAL
2026-03-15 23:25:12,978 [INFO] CPU=0.8% RAM=30.0% DISK=56.6% CPU_T=58.0C GPU_T=0.0C | state=NOMINAL
2026-03-15 23:25:14,047 [INFO] CPU=1.2% RAM=30.0% DISK=56.6% CPU_T=58.2C GPU_T=0.0C | state=NOMINAL
2026-03-15 23:25:15,102 [INFO] CPU=1.2% RAM=30.0% DISK=56.6% CPU_T=58.2C GPU_T=0.0C | state=NOMINAL
2026-03-15 23:25:16,141 [INFO] CPU=1.1% RAM=30.0% DISK=56.6% CPU_T=58.2C GPU_T=0.0C | state=NOMINAL
2026-03-15 23:25:17,170 [INFO] CPU=1.1% RAM=30.0% DISK=56.6% CPU_T=58.2C GPU_T=0.0C | state=NOMINAL
2026-03-15 23:25:18,199 [INFO] CPU=1.1% RAM=30.0% DISK=56.6% CPU_T=58.2C GPU_T=0.0C | state=NOMINAL
2026-03-15 23:25:19,233 [INFO] CPU=0.7% RAM=30.0% DISK=56.6% CPU_T=58.2C GPU_T=0.0C | state=NOMINAL
2026-03-15 23:25:20,263 [INFO] CPU=0.7% RAM=30.0% DISK=56.6% CPU_T=58.0C GPU_T=0.0C | state=NOMINAL
2026-03-15 23:25:21,302 [INFO] CPU=0.7% RAM=30.0% DISK=56.6% CPU_T=58.2C GPU_T=0.0C | state=NOMINAL
2026-03-15 23:25:22,368 [INFO] CPU=0.7% RAM=30.0% DISK=56.6% CPU_T=58.2C GPU_T=0.0C | state=NOMINAL
2026-03-15 23:25:23,428 [INFO] CPU=0.8% RAM=30.0% DISK=56.6% CPU_T=58.2C GPU_T=0.0C | state=NOMINAL
2026-03-15 23:25:24,698 [INFO] CPU=0.7% RAM=30.0% DISK=56.6% CPU_T=58.0C GPU_T=0.0C | state=NOMINAL
2026-03-15 23:25:25,736 [INFO] CPU=0.9% RAM=30.0% DISK=56.6% CPU_T=58.4C GPU_T=0.0C | state=NOMINAL
2026-03-15 23:25:26,772 [INFO] CPU=0.8% RAM=30.0% DISK=56.6% CPU_T=58.2C GPU_T=0.0C | state=NOMINAL
2026-03-15 23:25:27,832 [INFO] CPU=0.8% RAM=30.0% DISK=56.6% CPU_T=58.2C GPU_T=0.0C | state=NOMINAL
2026-03-15 23:25:28,890 [INFO] CPU=0.8% RAM=30.0% DISK=56.6% CPU_T=58.2C GPU_T=0.0C | state=NOMINAL
2026-03-15 23:25:29,954 [INFO] CPU=0.8% RAM=30.0% DISK=56.6% CPU_T=58.2C GPU_T=0.0C | state=NOMINAL
2026-03-15 23:25:30,982 [INFO] CPU=0.7% RAM=30.0% DISK=56.6% CPU_T=58.0C GPU_T=0.0C | state=NOMINAL
2026-03-15 23:25:32,023 [INFO] CPU=0.7% RAM=30.0% DISK=56.6% CPU_T=57.8C GPU_T=0.0C | state=NOMINAL
2026-03-15 23:25:33,058 [INFO] CPU=0.7% RAM=30.0% DISK=56.6% CPU_T=57.6C GPU_T=0.0C | state=NOMINAL
2026-03-15 23:25:34,127 [INFO] CPU=0.7% RAM=30.0% DISK=56.6% CPU_T=57.6C GPU_T=0.0C | state=NOMINAL
2026-03-15 23:25:35,199 [INFO] CPU=0.7% RAM=30.0% DISK=56.6% CPU_T=57.4C GPU_T=0.0C | state=NOMINAL
2026-03-15 23:25:36,235 [INFO] CPU=0.7% RAM=30.0% DISK=56.6% CPU_T=57.4C GPU_T=0.0C | state=NOMINAL
2026-03-15 23:25:37,271 [INFO] CPU=0.7% RAM=30.0% DISK=56.6% CPU_T=57.4C GPU_T=0.0C | state=NOMINAL
2026-03-15 23:25:38,313 [INFO] CPU=0.7% RAM=30.0% DISK=56.6% CPU_T=57.6C GPU_T=0.0C | state=NOMINAL
2026-03-15 23:25:39,383 [INFO] CPU=0.8% RAM=30.0% DISK=56.6% CPU_T=57.4C GPU_T=0.0C | state=NOMINAL
2026-03-15 23:25:40,447 [INFO] CPU=0.8% RAM=30.0% DISK=56.6% CPU_T=57.6C GPU_T=0.0C | state=NOMINAL
2026-03-15 23:25:41,502 [INFO] CPU=0.8% RAM=30.0% DISK=56.6% CPU_T=57.4C GPU_T=0.0C | state=NOMINAL
2026-03-15 23:25:42,540 [INFO] CPU=0.7% RAM=30.0% DISK=56.6% CPU_T=57.6C GPU_T=0.0C | state=NOMINAL
2026-03-15 23:25:43,574 [INFO] CPU=0.8% RAM=30.0% DISK=56.6% CPU_T=57.4C GPU_T=0.0C | state=NOMINAL
2026-03-15 23:25:44,612 [INFO] CPU=0.7% RAM=30.0% DISK=56.6% CPU_T=57.6C GPU_T=0.0C | state=NOMINAL
2026-03-15 23:25:45,681 [INFO] CPU=0.6% RAM=30.0% DISK=56.6% CPU_T=57.4C GPU_T=0.0C | state=NOMINAL
2026-03-15 23:25:46,719 [INFO] CPU=0.6% RAM=30.0% DISK=56.6% CPU_T=57.4C GPU_T=0.0C | state=NOMINAL
2026-03-15 23:25:47,751 [INFO] CPU=0.6% RAM=30.0% DISK=56.6% CPU_T=57.2C GPU_T=0.0C | state=NOMINAL
2026-03-15 23:25:48,790 [INFO] CPU=0.6% RAM=30.0% DISK=56.6% CPU_T=57.2C GPU_T=0.0C | state=NOMINAL
2026-03-15 23:25:49,828 [INFO] CPU=0.6% RAM=30.0% DISK=56.6% CPU_T=57.0C GPU_T=0.0C | state=NOMINAL
2026-03-15 23:25:50,858 [INFO] CPU=0.6% RAM=30.0% DISK=56.6% CPU_T=57.0C GPU_T=0.0C | state=NOMINAL
2026-03-15 23:25:51,921 [INFO] CPU=0.6% RAM=30.0% DISK=56.6% CPU_T=57.2C GPU_T=0.0C | state=NOMINAL
2026-03-15 23:25:52,989 [INFO] CPU=0.6% RAM=30.0% DISK=56.6% CPU_T=57.2C GPU_T=0.0C | state=NOMINAL
2026-03-15 23:25:54,022 [INFO] CPU=0.6% RAM=30.0% DISK=56.6% CPU_T=57.4C GPU_T=0.0C | state=NOMINAL
2026-03-15 23:25:55,059 [INFO] CPU=0.9% RAM=30.0% DISK=56.6% CPU_T=57.4C GPU_T=0.0C | state=NOMINAL
2026-03-15 23:25:56,090 [INFO] CPU=1.2% RAM=30.0% DISK=56.6% CPU_T=57.6C GPU_T=0.0C | state=NOMINAL
2026-03-15 23:25:57,134 [INFO] CPU=1.2% RAM=30.0% DISK=56.6% CPU_T=57.6C GPU_T=0.0C | state=NOMINAL
2026-03-15 23:25:58,194 [INFO] CPU=1.3% RAM=30.0% DISK=56.6% CPU_T=57.6C GPU_T=0.0C | state=NOMINAL
2026-03-15 23:25:59,230 [INFO] CPU=1.4% RAM=30.0% DISK=56.6% CPU_T=57.6C GPU_T=0.0C | state=NOMINAL
2026-03-15 23:26:00,265 [INFO] CPU=1.3% RAM=30.0% DISK=56.6% CPU_T=57.8C GPU_T=0.0C | state=NOMINAL
2026-03-15 23:26:01,327 [INFO] CPU=1.1% RAM=30.0% DISK=56.6% CPU_T=57.6C GPU_T=0.0C | state=NOMINAL
2026-03-15 23:26:02,366 [INFO] CPU=1.1% RAM=30.0% DISK=56.6% CPU_T=57.4C GPU_T=0.0C | state=NOMINAL
2026-03-15 23:26:03,405 [INFO] CPU=1.1% RAM=30.0% DISK=56.6% CPU_T=57.6C GPU_T=0.0C | state=NOMINAL
2026-03-15 23:26:04,467 [INFO] CPU=1.1% RAM=30.0% DISK=56.6% CPU_T=57.4C GPU_T=0.0C | state=NOMINAL
2026-03-15 23:26:05,506 [INFO] CPU=1.0% RAM=30.0% DISK=56.6% CPU_T=57.2C GPU_T=0.0C | state=NOMINAL
2026-03-15 23:26:06,546 [INFO] CPU=1.0% RAM=30.0% DISK=56.6% CPU_T=57.2C GPU_T=0.0C | state=NOMINAL
2026-03-15 23:26:07,586 [INFO] CPU=1.0% RAM=30.0% DISK=56.6% CPU_T=57.2C GPU_T=0.0C | state=NOMINAL
2026-03-15 23:26:08,736 [INFO] CPU=0.9% RAM=30.0% DISK=56.6% CPU_T=57.0C GPU_T=0.0C | state=NOMINAL
2026-03-15 23:26:09,803 [INFO] CPU=0.9% RAM=30.0% DISK=56.6% CPU_T=57.0C GPU_T=0.0C | state=NOMINAL
2026-03-15 23:26:10,840 [INFO] CPU=0.9% RAM=30.0% DISK=56.6% CPU_T=57.0C GPU_T=0.0C | state=NOMINAL
2026-03-15 23:26:11,875 [INFO] CPU=0.8% RAM=30.0% DISK=56.6% CPU_T=57.0C GPU_T=0.0C | state=NOMINAL
2026-03-15 23:26:12,915 [INFO] CPU=1.0% RAM=30.0% DISK=56.6% CPU_T=56.8C GPU_T=0.0C | state=NOMINAL
2026-03-15 23:26:13,952 [INFO] CPU=1.0% RAM=30.0% DISK=56.6% CPU_T=56.8C GPU_T=0.0C | state=NOMINAL
2026-03-15 23:26:14,989 [INFO] CPU=1.1% RAM=30.0% DISK=56.6% CPU_T=57.0C GPU_T=0.0C | state=NOMINAL
2026-03-15 23:26:16,056 [INFO] CPU=1.3% RAM=30.0% DISK=56.6% CPU_T=57.2C GPU_T=0.0C | state=NOMINAL
2026-03-15 23:26:17,092 [INFO] CPU=1.3% RAM=30.0% DISK=56.6% CPU_T=57.2C GPU_T=0.0C | state=NOMINAL
2026-03-15 23:26:18,133 [INFO] CPU=1.1% RAM=30.0% DISK=56.6% CPU_T=57.2C GPU_T=0.0C | state=NOMINAL
2026-03-15 23:26:19,201 [INFO] CPU=1.3% RAM=30.0% DISK=56.6% CPU_T=57.2C GPU_T=0.0C | state=NOMINAL
2026-03-15 23:26:20,259 [INFO] CPU=1.8% RAM=30.0% DISK=56.6% CPU_T=57.0C GPU_T=0.0C | state=NOMINAL
2026-03-15 23:26:21,325 [INFO] CPU=2.1% RAM=30.0% DISK=56.6% CPU_T=57.2C GPU_T=0.0C | state=NOMINAL
2026-03-15 23:26:22,369 [INFO] CPU=2.1% RAM=30.0% DISK=56.6% CPU_T=57.4C GPU_T=0.0C | state=NOMINAL
2026-03-15 23:26:23,412 [INFO] CPU=2.2% RAM=29.9% DISK=56.6% CPU_T=57.8C GPU_T=0.0C | state=NOMINAL
2026-03-15 23:26:24,449 [INFO] CPU=2.0% RAM=29.9% DISK=56.6% CPU_T=57.8C GPU_T=0.0C | state=NOMINAL
2026-03-15 23:26:25,516 [INFO] CPU=1.7% RAM=29.9% DISK=56.6% CPU_T=57.8C GPU_T=0.0C | state=NOMINAL
2026-03-15 23:26:26,587 [INFO] CPU=1.3% RAM=29.9% DISK=56.6% CPU_T=57.4C GPU_T=0.0C | state=NOMINAL
2026-03-15 23:26:27,651 [INFO] CPU=1.3% RAM=29.9% DISK=56.6% CPU_T=57.2C GPU_T=0.0C | state=NOMINAL
2026-03-15 23:26:28,693 [INFO] CPU=1.3% RAM=29.9% DISK=56.6% CPU_T=56.8C GPU_T=0.0C | state=NOMINAL
2026-03-15 23:26:29,731 [INFO] CPU=1.3% RAM=29.9% DISK=56.6% CPU_T=56.8C GPU_T=0.0C | state=NOMINAL
2026-03-15 23:26:30,773 [INFO] CPU=1.2% RAM=29.9% DISK=56.6% CPU_T=56.8C GPU_T=0.0C | state=NOMINAL
2026-03-15 23:26:31,837 [INFO] CPU=1.7% RAM=29.9% DISK=56.6% CPU_T=57.2C GPU_T=0.0C | state=NOMINAL
2026-03-15 23:26:32,898 [INFO] CPU=2.0% RAM=29.9% DISK=56.6% CPU_T=57.4C GPU_T=0.0C | state=NOMINAL
2026-03-15 23:26:33,957 [INFO] CPU=2.4% RAM=29.9% DISK=56.6% CPU_T=58.0C GPU_T=0.0C | state=NOMINAL
2026-03-15 23:26:34,998 [INFO] CPU=2.4% RAM=29.9% DISK=56.6% CPU_T=58.2C GPU_T=0.0C | state=NOMINAL
2026-03-15 23:26:36,034 [INFO] CPU=2.3% RAM=30.0% DISK=56.6% CPU_T=58.4C GPU_T=0.0C | state=NOMINAL
2026-03-15 23:26:37,075 [INFO] CPU=1.9% RAM=30.0% DISK=56.6% CPU_T=58.2C GPU_T=0.0C | state=NOMINAL
2026-03-15 23:26:38,141 [INFO] CPU=1.6% RAM=30.0% DISK=56.6% CPU_T=58.2C GPU_T=0.0C | state=NOMINAL
2026-03-15 23:26:39,179 [INFO] CPU=1.4% RAM=30.0% DISK=56.6% CPU_T=58.0C GPU_T=0.0C | state=NOMINAL
2026-03-15 23:26:40,213 [INFO] CPU=1.5% RAM=30.0% DISK=56.6% CPU_T=57.8C GPU_T=0.0C | state=NOMINAL
2026-03-15 23:26:41,278 [INFO] CPU=1.7% RAM=30.0% DISK=56.6% CPU_T=57.6C GPU_T=0.0C | state=NOMINAL
2026-03-15 23:26:42,320 [INFO] CPU=1.8% RAM=30.0% DISK=56.6% CPU_T=57.4C GPU_T=0.0C | state=NOMINAL
2026-03-15 23:26:43,358 [INFO] CPU=1.8% RAM=30.0% DISK=56.6% CPU_T=57.4C GPU_T=0.0C | state=NOMINAL
2026-03-15 23:26:44,419 [INFO] CPU=1.8% RAM=30.0% DISK=56.6% CPU_T=57.4C GPU_T=0.0C | state=NOMINAL
2026-03-15 23:26:45,461 [INFO] CPU=2.0% RAM=30.0% DISK=56.6% CPU_T=57.4C GPU_T=0.0C | state=NOMINAL
2026-03-15 23:26:46,502 [INFO] CPU=2.2% RAM=30.0% DISK=56.6% CPU_T=57.6C GPU_T=0.0C | state=NOMINAL
2026-03-15 23:26:47,534 [INFO] CPU=2.1% RAM=29.9% DISK=56.6% CPU_T=57.6C GPU_T=0.0C | state=NOMINAL
2026-03-15 23:26:48,573 [INFO] CPU=2.2% RAM=29.9% DISK=56.6% CPU_T=57.4C GPU_T=0.0C | state=NOMINAL
2026-03-15 23:26:49,608 [INFO] CPU=2.1% RAM=29.9% DISK=56.6% CPU_T=57.4C GPU_T=0.0C | state=NOMINAL
2026-03-15 23:26:50,786 [INFO] CPU=2.1% RAM=29.9% DISK=56.6% CPU_T=57.4C GPU_T=0.0C | state=NOMINAL
2026-03-15 23:26:51,832 [INFO] CPU=1.9% RAM=29.9% DISK=56.6% CPU_T=57.4C GPU_T=0.0C | state=NOMINAL
2026-03-15 23:26:52,869 [INFO] CPU=2.0% RAM=30.0% DISK=56.6% CPU_T=57.6C GPU_T=0.0C | state=NOMINAL
2026-03-15 23:26:53,930 [INFO] CPU=1.8% RAM=30.0% DISK=56.6% CPU_T=57.8C GPU_T=0.0C | state=NOMINAL
2026-03-15 23:26:54,991 [INFO] CPU=1.7% RAM=30.0% DISK=56.6% CPU_T=57.6C GPU_T=0.0C | state=NOMINAL
2026-03-15 23:26:56,049 [INFO] CPU=1.9% RAM=30.0% DISK=56.6% CPU_T=57.8C GPU_T=0.0C | state=NOMINAL
2026-03-15 23:26:57,078 [INFO] CPU=3.3% RAM=30.0% DISK=56.6% CPU_T=58.0C GPU_T=0.0C | state=NOMINAL
2026-03-15 23:26:58,120 [INFO] CPU=4.2% RAM=30.0% DISK=56.6% CPU_T=58.0C GPU_T=0.0C | state=NOMINAL
2026-03-15 23:26:59,183 [INFO] CPU=4.1% RAM=30.0% DISK=56.6% CPU_T=58.2C GPU_T=0.0C | state=NOMINAL
2026-03-15 23:27:00,214 [INFO] CPU=5.4% RAM=30.2% DISK=56.6% CPU_T=58.6C GPU_T=0.0C | state=NOMINAL
2026-03-15 23:27:01,244 [INFO] CPU=6.7% RAM=30.4% DISK=56.6% CPU_T=59.2C GPU_T=0.0C | state=NOMINAL
2026-03-15 23:27:02,297 [INFO] CPU=7.4% RAM=30.6% DISK=56.6% CPU_T=59.2C GPU_T=0.0C | state=NOMINAL
2026-03-15 23:27:03,323 [INFO] CPU=7.7% RAM=30.9% DISK=56.6% CPU_T=59.6C GPU_T=0.0C | state=NOMINAL
2026-03-15 23:27:04,347 [INFO] CPU=9.3% RAM=31.1% DISK=56.6% CPU_T=59.6C GPU_T=0.0C | state=NOMINAL
2026-03-15 23:27:05,376 [INFO] CPU=9.4% RAM=31.1% DISK=56.6% CPU_T=60.0C GPU_T=0.0C | state=NOMINAL
2026-03-15 23:27:06,405 [INFO] CPU=10.0% RAM=31.1% DISK=56.6% CPU_T=61.0C GPU_T=0.0C | state=NOMINAL
2026-03-15 23:27:07,435 [INFO] CPU=8.6% RAM=31.2% DISK=56.6% CPU_T=61.4C GPU_T=0.0C | state=NOMINAL
2026-03-15 23:27:08,470 [INFO] CPU=8.4% RAM=31.3% DISK=56.6% CPU_T=61.6C GPU_T=0.0C | state=NOMINAL
2026-03-15 23:27:09,501 [INFO] CPU=8.3% RAM=31.5% DISK=56.6% CPU_T=62.0C GPU_T=0.0C | state=NOMINAL
2026-03-15 23:27:10,538 [INFO] CPU=8.0% RAM=31.7% DISK=56.6% CPU_T=62.0C GPU_T=0.0C | state=NOMINAL
2026-03-15 23:27:11,575 [INFO] CPU=7.0% RAM=31.8% DISK=56.6% CPU_T=61.0C GPU_T=0.0C | state=NOMINAL
2026-03-15 23:27:12,610 [INFO] CPU=7.2% RAM=31.9% DISK=56.6% CPU_T=61.0C GPU_T=0.0C | state=NOMINAL
2026-03-15 23:27:13,649 [INFO] CPU=7.2% RAM=32.0% DISK=56.6% CPU_T=60.6C GPU_T=0.0C | state=NOMINAL
2026-03-15 23:27:14,721 [INFO] CPU=6.6% RAM=32.0% DISK=56.6% CPU_T=60.6C GPU_T=0.0C | state=NOMINAL
2026-03-15 23:27:15,755 [INFO] CPU=6.6% RAM=32.0% DISK=56.6% CPU_T=60.6C GPU_T=0.0C | state=NOMINAL
2026-03-15 23:27:16,793 [INFO] CPU=6.5% RAM=32.0% DISK=56.6% CPU_T=60.6C GPU_T=0.0C | state=NOMINAL
2026-03-15 23:27:17,862 [INFO] CPU=5.8% RAM=32.0% DISK=56.6% CPU_T=60.4C GPU_T=0.0C | state=NOMINAL
2026-03-15 23:27:18,897 [INFO] CPU=5.5% RAM=32.0% DISK=56.6% CPU_T=60.8C GPU_T=0.0C | state=NOMINAL
2026-03-15 23:27:19,929 [INFO] CPU=5.6% RAM=32.0% DISK=56.6% CPU_T=60.8C GPU_T=0.0C | state=NOMINAL
2026-03-15 23:27:20,969 [INFO] CPU=4.9% RAM=32.0% DISK=56.6% CPU_T=60.6C GPU_T=0.0C | state=NOMINAL
2026-03-15 23:27:22,005 [INFO] CPU=4.1% RAM=32.0% DISK=56.6% CPU_T=60.2C GPU_T=0.0C | state=NOMINAL
2026-03-15 23:27:23,047 [INFO] CPU=4.2% RAM=32.0% DISK=56.6% CPU_T=60.4C GPU_T=0.0C | state=NOMINAL
2026-03-15 23:27:24,115 [INFO] CPU=3.7% RAM=32.0% DISK=56.6% CPU_T=60.4C GPU_T=0.0C | state=NOMINAL
2026-03-15 23:27:25,185 [INFO] CPU=3.5% RAM=31.9% DISK=56.6% CPU_T=60.0C GPU_T=0.0C | state=NOMINAL
2026-03-15 23:27:26,255 [INFO] CPU=3.5% RAM=31.9% DISK=56.6% CPU_T=60.2C GPU_T=0.0C | state=NOMINAL
2026-03-15 23:27:27,289 [INFO] CPU=3.5% RAM=31.9% DISK=56.6% CPU_T=60.6C GPU_T=0.0C | state=NOMINAL
2026-03-15 23:27:28,335 [INFO] CPU=3.6% RAM=31.9% DISK=56.6% CPU_T=60.2C GPU_T=0.0C | state=NOMINAL
2026-03-15 23:27:29,379 [INFO] CPU=3.6% RAM=31.9% DISK=56.6% CPU_T=59.6C GPU_T=0.0C | state=NOMINAL
2026-03-15 23:27:30,436 [INFO] CPU=3.2% RAM=31.9% DISK=56.6% CPU_T=59.6C GPU_T=0.0C | state=NOMINAL
2026-03-15 23:27:31,467 [INFO] CPU=3.2% RAM=31.9% DISK=56.6% CPU_T=59.4C GPU_T=0.0C | state=NOMINAL
2026-03-15 23:27:32,508 [INFO] CPU=3.2% RAM=31.9% DISK=56.6% CPU_T=59.0C GPU_T=0.0C | state=NOMINAL
2026-03-15 23:27:33,547 [INFO] CPU=3.1% RAM=31.9% DISK=56.6% CPU_T=59.0C GPU_T=0.0C | state=NOMINAL
2026-03-15 23:27:34,585 [INFO] CPU=3.0% RAM=31.9% DISK=56.6% CPU_T=59.2C GPU_T=0.0C | state=NOMINAL
2026-03-15 23:27:35,652 [INFO] CPU=3.0% RAM=31.9% DISK=56.6% CPU_T=59.2C GPU_T=0.0C | state=NOMINAL
2026-03-15 23:27:36,693 [INFO] CPU=2.8% RAM=31.9% DISK=56.6% CPU_T=59.0C GPU_T=0.0C | state=NOMINAL
2026-03-15 23:27:37,741 [INFO] CPU=2.8% RAM=31.9% DISK=56.6% CPU_T=59.0C GPU_T=0.0C | state=NOMINAL
2026-03-15 23:27:38,786 [INFO] CPU=2.8% RAM=31.9% DISK=56.6% CPU_T=59.0C GPU_T=0.0C | state=NOMINAL
2026-03-15 23:27:39,827 [INFO] CPU=2.9% RAM=31.9% DISK=56.6% CPU_T=59.4C GPU_T=0.0C | state=NOMINAL
2026-03-15 23:27:40,872 [INFO] CPU=2.7% RAM=31.9% DISK=56.6% CPU_T=59.4C GPU_T=0.0C | state=NOMINAL
2026-03-15 23:27:41,940 [INFO] CPU=2.7% RAM=31.9% DISK=56.6% CPU_T=59.2C GPU_T=0.0C | state=NOMINAL
2026-03-15 23:27:42,983 [INFO] CPU=2.7% RAM=31.9% DISK=56.6% CPU_T=59.0C GPU_T=0.0C | state=NOMINAL
2026-03-15 23:27:44,026 [INFO] CPU=2.7% RAM=31.9% DISK=56.6% CPU_T=59.0C GPU_T=0.0C | state=NOMINAL
2026-03-15 23:27:45,095 [INFO] CPU=2.7% RAM=31.9% DISK=56.6% CPU_T=58.6C GPU_T=0.0C | state=NOMINAL
2026-03-15 23:27:46,126 [INFO] CPU=3.3% RAM=31.9% DISK=56.6% CPU_T=59.0C GPU_T=0.0C | state=NOMINAL
2026-03-15 23:27:47,149 [INFO] CPU=4.0% RAM=31.9% DISK=56.6% CPU_T=59.2C GPU_T=0.0C | state=NOMINAL
2026-03-15 23:27:48,206 [INFO] CPU=5.1% RAM=31.9% DISK=56.6% CPU_T=59.8C GPU_T=0.0C | state=NOMINAL
2026-03-15 23:27:49,245 [INFO] CPU=7.5% RAM=31.9% DISK=56.6% CPU_T=60.2C GPU_T=0.0C | state=NOMINAL
2026-03-15 23:27:50,274 [INFO] CPU=9.0% RAM=31.9% DISK=56.6% CPU_T=62.2C GPU_T=0.0C | state=NOMINAL
2026-03-15 23:27:51,306 [INFO] CPU=11.4% RAM=31.9% DISK=56.6% CPU_T=62.2C GPU_T=0.0C | state=NOMINAL
2026-03-15 23:27:52,347 [INFO] CPU=12.9% RAM=31.9% DISK=56.6% CPU_T=62.6C GPU_T=0.0C | state=NOMINAL
2026-03-15 23:27:53,380 [INFO] CPU=12.8% RAM=31.9% DISK=56.6% CPU_T=62.6C GPU_T=0.0C | state=NOMINAL
2026-03-15 23:27:54,421 [INFO] CPU=10.7% RAM=31.9% DISK=56.6% CPU_T=62.6C GPU_T=0.0C | state=NOMINAL
2026-03-15 23:27:55,450 [INFO] CPU=9.4% RAM=31.9% DISK=56.6% CPU_T=62.6C GPU_T=0.0C | state=NOMINAL
2026-03-15 23:27:56,480 [INFO] CPU=6.7% RAM=31.9% DISK=56.6% CPU_T=62.2C GPU_T=0.0C | state=NOMINAL
2026-03-15 23:27:57,523 [INFO] CPU=4.5% RAM=31.9% DISK=56.6% CPU_T=62.2C GPU_T=0.0C | state=NOMINAL
2026-03-15 23:27:58,563 [INFO] CPU=3.4% RAM=32.0% DISK=56.6% CPU_T=62.2C GPU_T=0.0C | state=NOMINAL
2026-03-15 23:27:59,613 [INFO] CPU=3.3% RAM=32.0% DISK=56.6% CPU_T=61.8C GPU_T=0.0C | state=NOMINAL
2026-03-15 23:28:00,681 [INFO] CPU=2.9% RAM=32.0% DISK=56.6% CPU_T=59.6C GPU_T=0.0C | state=NOMINAL
2026-03-15 23:28:01,721 [INFO] CPU=2.9% RAM=32.0% DISK=56.6% CPU_T=59.6C GPU_T=0.0C | state=NOMINAL
2026-03-15 23:28:02,755 [INFO] CPU=2.7% RAM=32.0% DISK=56.6% CPU_T=59.2C GPU_T=0.0C | state=NOMINAL
2026-03-15 23:28:03,792 [INFO] CPU=3.1% RAM=32.0% DISK=56.6% CPU_T=58.6C GPU_T=0.0C | state=NOMINAL
2026-03-15 23:28:04,843 [INFO] CPU=3.3% RAM=32.0% DISK=56.6% CPU_T=59.0C GPU_T=0.0C | state=NOMINAL
2026-03-15 23:28:05,874 [INFO] CPU=3.7% RAM=32.0% DISK=56.6% CPU_T=59.2C GPU_T=0.0C | state=NOMINAL
2026-03-15 23:28:06,923 [INFO] CPU=3.8% RAM=32.0% DISK=56.6% CPU_T=60.0C GPU_T=0.0C | state=NOMINAL
2026-03-15 23:28:07,948 [INFO] CPU=5.9% RAM=32.0% DISK=56.6% CPU_T=60.4C GPU_T=0.0C | state=NOMINAL
2026-03-15 23:28:09,214 [INFO] CPU=7.4% RAM=32.1% DISK=56.6% CPU_T=61.0C GPU_T=0.0C | state=NOMINAL
2026-03-15 23:28:10,253 [INFO] CPU=8.1% RAM=32.1% DISK=56.6% CPU_T=61.0C GPU_T=0.0C | state=NOMINAL
2026-03-15 23:28:11,294 [INFO] CPU=8.8% RAM=32.1% DISK=56.6% CPU_T=61.4C GPU_T=0.0C | state=NOMINAL
2026-03-15 23:28:12,335 [INFO] CPU=9.3% RAM=32.2% DISK=56.6% CPU_T=61.0C GPU_T=0.0C | state=NOMINAL
2026-03-15 23:28:13,370 [INFO] CPU=9.0% RAM=32.3% DISK=56.6% CPU_T=61.0C GPU_T=0.0C | state=NOMINAL
2026-03-15 23:28:14,399 [INFO] CPU=7.7% RAM=32.3% DISK=56.6% CPU_T=61.0C GPU_T=0.0C | state=NOMINAL
2026-03-15 23:28:15,456 [INFO] CPU=7.4% RAM=32.4% DISK=56.6% CPU_T=60.8C GPU_T=0.0C | state=NOMINAL
2026-03-15 23:28:16,482 [INFO] CPU=7.4% RAM=32.4% DISK=56.6% CPU_T=60.8C GPU_T=0.0C | state=NOMINAL
2026-03-15 23:28:17,523 [INFO] CPU=8.1% RAM=32.4% DISK=56.6% CPU_T=60.8C GPU_T=0.0C | state=NOMINAL
2026-03-15 23:28:18,554 [INFO] CPU=7.9% RAM=32.5% DISK=56.6% CPU_T=60.8C GPU_T=0.0C | state=NOMINAL
2026-03-15 23:28:19,585 [INFO] CPU=8.6% RAM=32.5% DISK=56.6% CPU_T=60.8C GPU_T=0.0C | state=NOMINAL
2026-03-15 23:28:20,626 [INFO] CPU=8.9% RAM=32.6% DISK=56.6% CPU_T=61.2C GPU_T=0.0C | state=NOMINAL
2026-03-15 23:28:21,661 [INFO] CPU=8.6% RAM=32.6% DISK=56.6% CPU_T=61.2C GPU_T=0.0C | state=NOMINAL
2026-03-15 23:28:22,697 [INFO] CPU=9.4% RAM=32.6% DISK=56.6% CPU_T=61.2C GPU_T=0.0C | state=NOMINAL
2026-03-15 23:28:23,743 [INFO] CPU=9.5% RAM=32.6% DISK=56.6% CPU_T=61.2C GPU_T=0.0C | state=NOMINAL
2026-03-15 23:28:24,786 [INFO] CPU=8.0% RAM=32.7% DISK=56.6% CPU_T=61.4C GPU_T=0.0C | state=NOMINAL
2026-03-15 23:28:25,831 [INFO] CPU=7.2% RAM=32.7% DISK=56.6% CPU_T=61.2C GPU_T=0.0C | state=NOMINAL
2026-03-15 23:28:26,872 [INFO] CPU=6.5% RAM=32.7% DISK=56.6% CPU_T=61.2C GPU_T=0.0C | state=NOMINAL
2026-03-15 23:28:27,913 [INFO] CPU=4.1% RAM=32.8% DISK=56.6% CPU_T=61.2C GPU_T=0.0C | state=NOMINAL
2026-03-15 23:28:28,951 [INFO] CPU=2.4% RAM=32.8% DISK=56.6% CPU_T=61.2C GPU_T=0.0C | state=NOMINAL
2026-03-15 23:28:29,993 [INFO] CPU=2.4% RAM=32.8% DISK=56.6% CPU_T=61.0C GPU_T=0.0C | state=NOMINAL
2026-03-15 23:28:31,035 [INFO] CPU=2.0% RAM=32.7% DISK=56.6% CPU_T=61.0C GPU_T=0.0C | state=NOMINAL
2026-03-15 23:28:32,067 [INFO] CPU=2.3% RAM=32.7% DISK=56.6% CPU_T=61.0C GPU_T=0.0C | state=NOMINAL
2026-03-15 23:28:33,113 [INFO] CPU=2.2% RAM=32.6% DISK=56.6% CPU_T=60.6C GPU_T=0.0C | state=NOMINAL
2026-03-15 23:28:34,181 [INFO] CPU=2.2% RAM=32.5% DISK=56.6% CPU_T=60.6C GPU_T=0.0C | state=NOMINAL
2026-03-15 23:28:35,248 [INFO] CPU=2.1% RAM=32.5% DISK=56.6% CPU_T=60.6C GPU_T=0.0C | state=NOMINAL
2026-03-15 23:28:36,314 [INFO] CPU=2.1% RAM=32.5% DISK=56.6% CPU_T=60.2C GPU_T=0.0C | state=NOMINAL
2026-03-15 23:28:37,352 [INFO] CPU=1.9% RAM=32.5% DISK=56.6% CPU_T=60.2C GPU_T=0.0C | state=NOMINAL
2026-03-15 23:28:38,394 [INFO] CPU=2.1% RAM=32.5% DISK=56.6% CPU_T=60.6C GPU_T=0.0C | state=NOMINAL
2026-03-15 23:28:39,430 [INFO] CPU=2.0% RAM=32.5% DISK=56.6% CPU_T=60.2C GPU_T=0.0C | state=NOMINAL
2026-03-15 23:28:40,473 [INFO] CPU=2.1% RAM=32.5% DISK=56.6% CPU_T=60.0C GPU_T=0.0C | state=NOMINAL
2026-03-15 23:28:41,539 [INFO] CPU=2.2% RAM=32.5% DISK=56.6% CPU_T=60.4C GPU_T=0.0C | state=NOMINAL
2026-03-15 23:28:42,581 [INFO] CPU=2.2% RAM=32.5% DISK=56.6% CPU_T=60.4C GPU_T=0.0C | state=NOMINAL
2026-03-15 23:28:43,610 [INFO] CPU=1.9% RAM=32.4% DISK=56.6% CPU_T=60.0C GPU_T=0.0C | state=NOMINAL
2026-03-15 23:28:44,645 [INFO] CPU=2.1% RAM=32.4% DISK=56.6% CPU_T=60.0C GPU_T=0.0C | state=NOMINAL
2026-03-15 23:28:45,683 [INFO] CPU=2.1% RAM=32.4% DISK=56.6% CPU_T=59.8C GPU_T=0.0C | state=NOMINAL
2026-03-15 23:28:46,977 [INFO] CPU=2.2% RAM=32.4% DISK=56.6% CPU_T=59.4C GPU_T=0.0C | state=NOMINAL
2026-03-15 23:28:48,015 [INFO] CPU=2.4% RAM=32.4% DISK=56.6% CPU_T=59.4C GPU_T=0.0C | state=NOMINAL
2026-03-15 23:28:49,062 [INFO] CPU=2.5% RAM=32.4% DISK=56.6% CPU_T=59.4C GPU_T=0.0C | state=NOMINAL
2026-03-15 23:28:50,099 [INFO] CPU=2.7% RAM=32.4% DISK=56.6% CPU_T=59.4C GPU_T=0.0C | state=NOMINAL
2026-03-15 23:28:51,170 [INFO] CPU=2.7% RAM=32.4% DISK=56.6% CPU_T=59.4C GPU_T=0.0C | state=NOMINAL
2026-03-15 23:28:52,235 [INFO] CPU=2.5% RAM=32.4% DISK=56.6% CPU_T=59.4C GPU_T=0.0C | state=NOMINAL
2026-03-15 23:28:53,275 [INFO] CPU=2.4% RAM=32.4% DISK=56.6% CPU_T=59.0C GPU_T=0.0C | state=NOMINAL
2026-03-15 23:28:54,311 [INFO] CPU=2.2% RAM=32.4% DISK=56.6% CPU_T=59.4C GPU_T=0.0C | state=NOMINAL
2026-03-15 23:28:55,354 [INFO] CPU=1.8% RAM=32.4% DISK=56.6% CPU_T=59.4C GPU_T=0.0C | state=NOMINAL
2026-03-15 23:28:56,397 [INFO] CPU=1.7% RAM=32.4% DISK=56.6% CPU_T=59.2C GPU_T=0.0C | state=NOMINAL
2026-03-15 23:28:57,425 [INFO] CPU=1.8% RAM=32.4% DISK=56.6% CPU_T=59.8C GPU_T=0.0C | state=NOMINAL
2026-03-15 23:28:58,462 [INFO] CPU=1.7% RAM=32.4% DISK=56.6% CPU_T=59.6C GPU_T=0.0C | state=NOMINAL
2026-03-15 23:28:59,494 [INFO] CPU=1.9% RAM=32.4% DISK=56.6% CPU_T=59.2C GPU_T=0.0C | state=NOMINAL
2026-03-15 23:29:00,525 [INFO] CPU=1.9% RAM=32.4% DISK=56.6% CPU_T=59.2C GPU_T=0.0C | state=NOMINAL
2026-03-15 23:29:01,569 [INFO] CPU=1.9% RAM=32.4% DISK=56.6% CPU_T=59.4C GPU_T=0.0C | state=NOMINAL
2026-03-15 23:29:02,610 [INFO] CPU=1.8% RAM=32.4% DISK=56.6% CPU_T=58.8C GPU_T=0.0C | state=NOMINAL
2026-03-15 23:29:03,648 [INFO] CPU=1.8% RAM=32.4% DISK=56.6% CPU_T=59.0C GPU_T=0.0C | state=NOMINAL
2026-03-15 23:29:04,687 [INFO] CPU=2.0% RAM=32.4% DISK=56.6% CPU_T=59.0C GPU_T=0.0C | state=NOMINAL
2026-03-15 23:29:05,733 [INFO] CPU=2.1% RAM=32.4% DISK=56.6% CPU_T=59.0C GPU_T=0.0C | state=NOMINAL
2026-03-15 23:29:06,777 [INFO] CPU=2.3% RAM=32.4% DISK=56.6% CPU_T=59.0C GPU_T=0.0C | state=NOMINAL
2026-03-15 23:29:07,806 [INFO] CPU=2.3% RAM=32.4% DISK=56.6% CPU_T=59.2C GPU_T=0.0C | state=NOMINAL
2026-03-15 23:29:08,870 [INFO] CPU=2.2% RAM=32.4% DISK=56.6% CPU_T=59.2C GPU_T=0.0C | state=NOMINAL
2026-03-15 23:29:09,910 [INFO] CPU=2.0% RAM=32.4% DISK=56.6% CPU_T=59.2C GPU_T=0.0C | state=NOMINAL
2026-03-15 23:29:10,950 [INFO] CPU=1.9% RAM=32.4% DISK=56.6% CPU_T=59.2C GPU_T=0.0C | state=NOMINAL
2026-03-15 23:29:12,001 [INFO] CPU=1.7% RAM=32.4% DISK=56.6% CPU_T=59.2C GPU_T=0.0C | state=NOMINAL
2026-03-15 23:29:13,038 [INFO] CPU=1.7% RAM=32.4% DISK=56.6% CPU_T=61.4C GPU_T=0.0C | state=NOMINAL
2026-03-15 23:29:14,074 [INFO] CPU=1.8% RAM=32.4% DISK=56.6% CPU_T=61.4C GPU_T=0.0C | state=NOMINAL
2026-03-15 23:29:15,142 [INFO] CPU=1.8% RAM=32.3% DISK=56.6% CPU_T=61.2C GPU_T=0.0C | state=NOMINAL
2026-03-15 23:29:16,214 [INFO] CPU=1.6% RAM=32.3% DISK=56.6% CPU_T=61.2C GPU_T=0.0C | state=NOMINAL
2026-03-15 23:29:17,276 [INFO] CPU=1.7% RAM=32.3% DISK=56.6% CPU_T=61.0C GPU_T=0.0C | state=NOMINAL
2026-03-15 23:29:18,314 [INFO] CPU=2.0% RAM=32.3% DISK=56.6% CPU_T=58.6C GPU_T=0.0C | state=NOMINAL
2026-03-15 23:29:19,345 [INFO] CPU=2.2% RAM=32.3% DISK=56.6% CPU_T=58.6C GPU_T=0.0C | state=NOMINAL
2026-03-15 23:29:20,385 [INFO] CPU=2.3% RAM=32.3% DISK=56.6% CPU_T=58.6C GPU_T=0.0C | state=NOMINAL
2026-03-15 23:29:21,446 [INFO] CPU=2.3% RAM=32.3% DISK=56.6% CPU_T=58.4C GPU_T=0.0C | state=NOMINAL
2026-03-15 23:29:22,475 [INFO] CPU=2.4% RAM=32.3% DISK=56.6% CPU_T=58.4C GPU_T=0.0C | state=NOMINAL
2026-03-15 23:29:23,513 [INFO] CPU=2.1% RAM=32.3% DISK=56.6% CPU_T=58.2C GPU_T=0.0C | state=NOMINAL
2026-03-15 23:29:24,557 [INFO] CPU=1.9% RAM=32.3% DISK=56.6% CPU_T=58.0C GPU_T=0.0C | state=NOMINAL
2026-03-15 23:29:25,828 [INFO] CPU=2.2% RAM=32.3% DISK=56.6% CPU_T=58.2C GPU_T=0.0C | state=NOMINAL
2026-03-15 23:29:26,899 [INFO] CPU=2.0% RAM=32.3% DISK=56.6% CPU_T=58.4C GPU_T=0.0C | state=NOMINAL
2026-03-15 23:29:27,945 [INFO] CPU=1.9% RAM=32.3% DISK=56.6% CPU_T=58.4C GPU_T=0.0C | state=NOMINAL
2026-03-15 23:29:28,975 [INFO] CPU=2.0% RAM=32.3% DISK=56.6% CPU_T=60.6C GPU_T=0.0C | state=NOMINAL
2026-03-15 23:29:30,008 [INFO] CPU=2.1% RAM=32.3% DISK=56.6% CPU_T=60.6C GPU_T=0.0C | state=NOMINAL
2026-03-15 23:29:31,056 [INFO] CPU=1.9% RAM=32.3% DISK=56.6% CPU_T=60.6C GPU_T=0.0C | state=NOMINAL
2026-03-15 23:29:32,122 [INFO] CPU=2.0% RAM=32.3% DISK=56.6% CPU_T=60.6C GPU_T=0.0C | state=NOMINAL
2026-03-15 23:29:33,161 [INFO] CPU=1.9% RAM=32.3% DISK=56.6% CPU_T=60.8C GPU_T=0.0C | state=NOMINAL
2026-03-15 23:29:34,205 [INFO] CPU=1.9% RAM=32.3% DISK=56.6% CPU_T=58.8C GPU_T=0.0C | state=NOMINAL
2026-03-15 23:29:35,240 [INFO] CPU=1.7% RAM=32.3% DISK=56.6% CPU_T=58.8C GPU_T=0.0C | state=NOMINAL
2026-03-15 23:29:36,282 [INFO] CPU=1.6% RAM=32.3% DISK=56.6% CPU_T=58.6C GPU_T=0.0C | state=NOMINAL
2026-03-15 23:29:37,352 [INFO] CPU=1.9% RAM=32.3% DISK=56.6% CPU_T=58.6C GPU_T=0.0C | state=NOMINAL
2026-03-15 23:29:38,401 [INFO] CPU=1.9% RAM=32.3% DISK=56.6% CPU_T=58.2C GPU_T=0.0C | state=NOMINAL
2026-03-15 23:29:39,436 [INFO] CPU=1.9% RAM=32.3% DISK=56.6% CPU_T=58.0C GPU_T=0.0C | state=NOMINAL
2026-03-15 23:29:40,478 [INFO] CPU=1.9% RAM=32.3% DISK=56.6% CPU_T=58.0C GPU_T=0.0C | state=NOMINAL
2026-03-15 23:29:41,520 [INFO] CPU=2.0% RAM=32.3% DISK=56.6% CPU_T=58.0C GPU_T=0.0C | state=NOMINAL
2026-03-15 23:29:42,570 [INFO] CPU=1.7% RAM=32.3% DISK=56.6% CPU_T=57.8C GPU_T=0.0C | state=NOMINAL
2026-03-15 23:29:43,638 [INFO] CPU=1.7% RAM=32.3% DISK=56.6% CPU_T=58.2C GPU_T=0.0C | state=NOMINAL
2026-03-15 23:29:44,684 [INFO] CPU=1.7% RAM=32.3% DISK=56.6% CPU_T=58.2C GPU_T=0.0C | state=NOMINAL
2026-03-15 23:29:45,729 [INFO] CPU=1.8% RAM=32.3% DISK=56.6% CPU_T=58.2C GPU_T=0.0C | state=NOMINAL
2026-03-15 23:29:46,794 [INFO] CPU=1.7% RAM=32.3% DISK=56.6% CPU_T=58.2C GPU_T=0.0C | state=NOMINAL
2026-03-15 23:29:47,844 [INFO] CPU=1.7% RAM=32.3% DISK=56.6% CPU_T=58.2C GPU_T=0.0C | state=NOMINAL
2026-03-15 23:29:48,874 [INFO] CPU=1.6% RAM=32.3% DISK=56.6% CPU_T=58.0C GPU_T=0.0C | state=NOMINAL
2026-03-15 23:29:49,917 [INFO] CPU=1.7% RAM=32.3% DISK=56.6% CPU_T=58.0C GPU_T=0.0C | state=NOMINAL
2026-03-15 23:29:50,958 [INFO] CPU=1.6% RAM=32.3% DISK=56.6% CPU_T=58.0C GPU_T=0.0C | state=NOMINAL
2026-03-15 23:29:52,002 [INFO] CPU=1.7% RAM=32.3% DISK=56.6% CPU_T=57.8C GPU_T=0.0C | state=NOMINAL
2026-03-15 23:29:53,040 [INFO] CPU=1.7% RAM=32.3% DISK=56.6% CPU_T=58.0C GPU_T=0.0C | state=NOMINAL
2026-03-15 23:29:54,107 [INFO] CPU=2.0% RAM=32.3% DISK=56.6% CPU_T=58.4C GPU_T=0.0C | state=NOMINAL
2026-03-15 23:29:55,153 [INFO] CPU=2.2% RAM=32.3% DISK=56.6% CPU_T=58.4C GPU_T=0.0C | state=NOMINAL
2026-03-15 23:29:56,188 [INFO] CPU=2.6% RAM=32.3% DISK=56.6% CPU_T=58.8C GPU_T=0.0C | state=NOMINAL
2026-03-15 23:29:57,224 [INFO] CPU=3.0% RAM=32.3% DISK=56.6% CPU_T=59.4C GPU_T=0.0C | state=NOMINAL
2026-03-15 23:29:58,272 [INFO] CPU=4.7% RAM=32.3% DISK=56.6% CPU_T=59.6C GPU_T=0.0C | state=NOMINAL
2026-03-15 23:29:59,314 [INFO] CPU=5.3% RAM=32.3% DISK=56.6% CPU_T=59.8C GPU_T=0.0C | state=NOMINAL
2026-03-15 23:30:00,363 [INFO] CPU=6.5% RAM=32.2% DISK=56.6% CPU_T=60.4C GPU_T=0.0C | state=NOMINAL
2026-03-15 23:30:01,391 [INFO] CPU=6.3% RAM=32.2% DISK=56.6% CPU_T=60.2C GPU_T=0.0C | state=NOMINAL
2026-03-15 23:30:02,541 [INFO] CPU=7.0% RAM=32.2% DISK=56.6% CPU_T=60.0C GPU_T=0.0C | state=NOMINAL
2026-03-15 23:30:03,577 [INFO] CPU=6.8% RAM=32.2% DISK=56.6% CPU_T=60.0C GPU_T=0.0C | state=NOMINAL
2026-03-15 23:30:04,615 [INFO] CPU=7.4% RAM=32.2% DISK=56.6% CPU_T=60.0C GPU_T=0.0C | state=NOMINAL
2026-03-15 23:30:05,672 [INFO] CPU=7.4% RAM=32.2% DISK=56.6% CPU_T=60.0C GPU_T=0.0C | state=NOMINAL
2026-03-15 23:30:06,715 [INFO] CPU=7.7% RAM=32.2% DISK=56.6% CPU_T=60.0C GPU_T=0.0C | state=NOMINAL
2026-03-15 23:30:07,746 [INFO] CPU=6.5% RAM=32.2% DISK=56.6% CPU_T=60.0C GPU_T=0.0C | state=NOMINAL
2026-03-15 23:30:08,790 [INFO] CPU=5.1% RAM=32.2% DISK=56.6% CPU_T=60.2C GPU_T=0.0C | state=NOMINAL
2026-03-15 23:30:09,834 [INFO] CPU=3.7% RAM=32.2% DISK=56.6% CPU_T=59.6C GPU_T=0.0C | state=NOMINAL
2026-03-15 23:30:10,875 [INFO] CPU=2.6% RAM=32.2% DISK=56.6% CPU_T=59.2C GPU_T=0.0C | state=NOMINAL
2026-03-15 23:30:11,944 [INFO] CPU=2.1% RAM=32.2% DISK=56.6% CPU_T=59.0C GPU_T=0.0C | state=NOMINAL
2026-03-15 23:30:12,992 [INFO] CPU=2.1% RAM=32.2% DISK=56.6% CPU_T=58.8C GPU_T=0.0C | state=NOMINAL
2026-03-15 23:30:14,026 [INFO] CPU=2.9% RAM=32.3% DISK=56.6% CPU_T=58.2C GPU_T=0.0C | state=NOMINAL
2026-03-15 23:30:15,063 [INFO] CPU=3.5% RAM=32.4% DISK=56.6% CPU_T=58.2C GPU_T=0.0C | state=NOMINAL
2026-03-15 23:30:16,097 [INFO] CPU=3.8% RAM=32.4% DISK=56.6% CPU_T=58.2C GPU_T=0.0C | state=NOMINAL
2026-03-15 23:30:17,136 [INFO] CPU=4.3% RAM=32.5% DISK=56.6% CPU_T=58.0C GPU_T=0.0C | state=NOMINAL
2026-03-15 23:30:18,200 [INFO] CPU=4.9% RAM=32.6% DISK=56.6% CPU_T=57.8C GPU_T=0.0C | state=NOMINAL
2026-03-15 23:30:19,231 [INFO] CPU=4.6% RAM=32.6% DISK=56.6% CPU_T=58.0C GPU_T=0.0C | state=NOMINAL
2026-03-15 23:30:20,272 [INFO] CPU=4.6% RAM=32.6% DISK=56.6% CPU_T=58.0C GPU_T=0.0C | state=NOMINAL
2026-03-15 23:30:21,301 [INFO] CPU=4.7% RAM=32.6% DISK=56.6% CPU_T=57.8C GPU_T=0.0C | state=NOMINAL
2026-03-15 23:30:22,343 [INFO] CPU=4.7% RAM=32.6% DISK=56.6% CPU_T=58.0C GPU_T=0.0C | state=NOMINAL
2026-03-15 23:30:23,376 [INFO] CPU=5.0% RAM=32.6% DISK=56.6% CPU_T=58.6C GPU_T=0.0C | state=NOMINAL
2026-03-15 23:30:24,417 [INFO] CPU=5.6% RAM=32.6% DISK=56.6% CPU_T=59.0C GPU_T=0.0C | state=NOMINAL
2026-03-15 23:30:25,466 [INFO] CPU=6.2% RAM=32.6% DISK=56.6% CPU_T=59.4C GPU_T=0.0C | state=NOMINAL
2026-03-15 23:30:26,506 [INFO] CPU=6.2% RAM=32.6% DISK=56.6% CPU_T=60.0C GPU_T=0.0C | state=NOMINAL
2026-03-15 23:30:27,548 [INFO] CPU=6.3% RAM=32.6% DISK=56.6% CPU_T=60.4C GPU_T=0.0C | state=NOMINAL
2026-03-15 23:30:28,582 [INFO] CPU=6.1% RAM=32.6% DISK=56.6% CPU_T=60.2C GPU_T=0.0C | state=NOMINAL
2026-03-15 23:30:29,617 [INFO] CPU=5.8% RAM=32.6% DISK=56.6% CPU_T=60.2C GPU_T=0.0C | state=NOMINAL
2026-03-15 23:30:30,680 [INFO] CPU=5.5% RAM=32.6% DISK=56.6% CPU_T=60.0C GPU_T=0.0C | state=NOMINAL
2026-03-15 23:30:31,724 [INFO] CPU=5.5% RAM=32.6% DISK=56.6% CPU_T=59.6C GPU_T=0.0C | state=NOMINAL
2026-03-15 23:30:32,766 [INFO] CPU=5.4% RAM=32.6% DISK=56.6% CPU_T=59.2C GPU_T=0.0C | state=NOMINAL
2026-03-15 23:30:33,807 [INFO] CPU=5.3% RAM=32.7% DISK=56.6% CPU_T=59.2C GPU_T=0.0C | state=NOMINAL
2026-03-15 23:30:34,842 [INFO] CPU=5.0% RAM=32.7% DISK=56.6% CPU_T=58.6C GPU_T=0.0C | state=NOMINAL
2026-03-15 23:30:35,871 [INFO] CPU=4.8% RAM=32.7% DISK=56.6% CPU_T=58.6C GPU_T=0.0C | state=NOMINAL
2026-03-15 23:30:36,911 [INFO] CPU=4.8% RAM=32.7% DISK=56.6% CPU_T=58.4C GPU_T=0.0C | state=NOMINAL
2026-03-15 23:30:37,947 [INFO] CPU=4.8% RAM=32.7% DISK=56.6% CPU_T=58.4C GPU_T=0.0C | state=NOMINAL
2026-03-15 23:30:38,982 [INFO] CPU=4.8% RAM=32.7% DISK=56.6% CPU_T=58.2C GPU_T=0.0C | state=NOMINAL
2026-03-15 23:30:40,049 [INFO] CPU=4.8% RAM=32.7% DISK=56.6% CPU_T=58.4C GPU_T=0.0C | state=NOMINAL
2026-03-15 23:30:41,080 [INFO] CPU=4.7% RAM=32.7% DISK=56.6% CPU_T=58.4C GPU_T=0.0C | state=NOMINAL
2026-03-15 23:30:42,123 [INFO] CPU=4.8% RAM=32.7% DISK=56.6% CPU_T=58.6C GPU_T=0.0C | state=NOMINAL
2026-03-15 23:30:43,276 [INFO] CPU=4.8% RAM=32.7% DISK=56.6% CPU_T=58.8C GPU_T=0.0C | state=NOMINAL
2026-03-15 23:30:44,320 [INFO] CPU=4.7% RAM=32.7% DISK=56.6% CPU_T=59.0C GPU_T=0.0C | state=NOMINAL
2026-03-15 23:30:45,355 [INFO] CPU=4.7% RAM=32.7% DISK=56.6% CPU_T=59.0C GPU_T=0.0C | state=NOMINAL
2026-03-15 23:30:46,386 [INFO] CPU=5.1% RAM=32.7% DISK=56.6% CPU_T=58.6C GPU_T=0.0C | state=NOMINAL
2026-03-15 23:30:47,421 [INFO] CPU=5.0% RAM=32.7% DISK=56.6% CPU_T=58.4C GPU_T=0.0C | state=NOMINAL
2026-03-15 23:30:48,452 [INFO] CPU=5.2% RAM=32.7% DISK=56.6% CPU_T=60.4C GPU_T=0.0C | state=NOMINAL
2026-03-15 23:30:49,473 [INFO] CPU=5.4% RAM=32.7% DISK=56.6% CPU_T=60.4C GPU_T=0.0C | state=NOMINAL
2026-03-15 23:30:50,515 [INFO] CPU=5.5% RAM=32.7% DISK=56.6% CPU_T=60.4C GPU_T=0.0C | state=NOMINAL
2026-03-15 23:30:51,551 [INFO] CPU=5.3% RAM=32.7% DISK=56.6% CPU_T=60.6C GPU_T=0.0C | state=NOMINAL
2026-03-15 23:30:52,581 [INFO] CPU=5.8% RAM=32.7% DISK=56.6% CPU_T=61.0C GPU_T=0.0C | state=NOMINAL
2026-03-15 23:30:53,617 [INFO] CPU=6.3% RAM=32.7% DISK=56.6% CPU_T=59.4C GPU_T=0.0C | state=NOMINAL
2026-03-15 23:30:54,691 [INFO] CPU=7.3% RAM=32.6% DISK=56.6% CPU_T=59.8C GPU_T=0.0C | state=NOMINAL
2026-03-15 23:30:55,724 [INFO] CPU=7.7% RAM=32.6% DISK=56.6% CPU_T=59.8C GPU_T=0.0C | state=NOMINAL
2026-03-15 23:30:56,767 [INFO] CPU=8.3% RAM=32.6% DISK=56.6% CPU_T=60.0C GPU_T=0.0C | state=NOMINAL
2026-03-15 23:30:57,801 [INFO] CPU=8.5% RAM=32.6% DISK=56.6% CPU_T=60.2C GPU_T=0.0C | state=NOMINAL
2026-03-15 23:30:58,841 [INFO] CPU=8.3% RAM=32.6% DISK=56.6% CPU_T=59.8C GPU_T=0.0C | state=NOMINAL
2026-03-15 23:30:59,904 [INFO] CPU=7.5% RAM=32.6% DISK=56.6% CPU_T=59.4C GPU_T=0.0C | state=NOMINAL
2026-03-15 23:31:00,965 [INFO] CPU=7.6% RAM=32.6% DISK=56.6% CPU_T=59.8C GPU_T=0.0C | state=NOMINAL
2026-03-15 23:31:01,998 [INFO] CPU=7.9% RAM=32.6% DISK=56.6% CPU_T=59.6C GPU_T=0.0C | state=NOMINAL
2026-03-15 23:31:03,032 [INFO] CPU=8.0% RAM=32.6% DISK=56.6% CPU_T=59.4C GPU_T=0.0C | state=NOMINAL
2026-03-15 23:31:04,067 [INFO] CPU=7.9% RAM=32.6% DISK=56.6% CPU_T=59.8C GPU_T=0.0C | state=NOMINAL
2026-03-15 23:31:05,107 [INFO] CPU=7.7% RAM=32.6% DISK=56.6% CPU_T=60.2C GPU_T=0.0C | state=NOMINAL
2026-03-15 23:31:06,174 [INFO] CPU=7.2% RAM=32.6% DISK=56.6% CPU_T=59.8C GPU_T=0.0C | state=NOMINAL
2026-03-15 23:31:07,212 [INFO] CPU=6.6% RAM=32.6% DISK=56.6% CPU_T=60.0C GPU_T=0.0C | state=NOMINAL
2026-03-15 23:31:08,245 [INFO] CPU=5.8% RAM=32.6% DISK=56.6% CPU_T=59.8C GPU_T=0.0C | state=NOMINAL
2026-03-15 23:31:09,283 [INFO] CPU=5.5% RAM=32.6% DISK=56.6% CPU_T=59.6C GPU_T=0.0C | state=NOMINAL
2026-03-15 23:31:10,325 [INFO] CPU=5.5% RAM=32.6% DISK=56.6% CPU_T=59.2C GPU_T=0.0C | state=NOMINAL
2026-03-15 23:31:11,363 [INFO] CPU=5.2% RAM=32.5% DISK=56.6% CPU_T=59.4C GPU_T=0.0C | state=NOMINAL
2026-03-15 23:31:12,405 [INFO] CPU=4.7% RAM=32.5% DISK=56.6% CPU_T=59.6C GPU_T=0.0C | state=NOMINAL
2026-03-15 23:31:13,457 [INFO] CPU=4.1% RAM=32.4% DISK=56.6% CPU_T=62.4C GPU_T=0.0C | state=NOMINAL
2026-03-15 23:31:14,489 [INFO] CPU=3.6% RAM=32.4% DISK=56.6% CPU_T=62.2C GPU_T=0.0C | state=NOMINAL
2026-03-15 23:31:15,535 [INFO] CPU=3.0% RAM=32.3% DISK=56.6% CPU_T=62.0C GPU_T=0.0C | state=NOMINAL
2026-03-15 23:31:16,578 [INFO] CPU=2.8% RAM=32.3% DISK=56.6% CPU_T=62.0C GPU_T=0.0C | state=NOMINAL
2026-03-15 23:31:17,624 [INFO] CPU=3.0% RAM=32.3% DISK=56.6% CPU_T=62.2C GPU_T=0.0C | state=NOMINAL
2026-03-15 23:31:18,691 [INFO] CPU=3.3% RAM=32.3% DISK=56.6% CPU_T=59.8C GPU_T=0.0C | state=NOMINAL
2026-03-15 23:31:19,728 [INFO] CPU=3.3% RAM=32.3% DISK=56.6% CPU_T=59.6C GPU_T=0.0C | state=NOMINAL
2026-03-15 23:31:20,774 [INFO] CPU=3.5% RAM=32.3% DISK=56.6% CPU_T=59.8C GPU_T=0.0C | state=NOMINAL
2026-03-15 23:31:21,815 [INFO] CPU=3.4% RAM=32.3% DISK=56.6% CPU_T=59.8C GPU_T=0.0C | state=NOMINAL
2026-03-15 23:31:22,861 [INFO] CPU=3.1% RAM=32.3% DISK=56.6% CPU_T=59.4C GPU_T=0.0C | state=NOMINAL
2026-03-15 23:31:23,905 [INFO] CPU=2.8% RAM=32.3% DISK=56.6% CPU_T=59.0C GPU_T=0.0C | state=NOMINAL
2026-03-15 23:31:24,955 [INFO] CPU=2.8% RAM=32.3% DISK=56.6% CPU_T=59.0C GPU_T=0.0C | state=NOMINAL
2026-03-15 23:31:25,993 [INFO] CPU=2.9% RAM=32.3% DISK=56.6% CPU_T=58.8C GPU_T=0.0C | state=NOMINAL
2026-03-15 23:31:27,036 [INFO] CPU=2.8% RAM=32.3% DISK=56.6% CPU_T=58.6C GPU_T=0.0C | state=NOMINAL
2026-03-15 23:31:28,079 [INFO] CPU=2.7% RAM=32.3% DISK=56.6% CPU_T=58.4C GPU_T=0.0C | state=NOMINAL
2026-03-15 23:31:29,120 [INFO] CPU=2.7% RAM=32.3% DISK=56.6% CPU_T=58.2C GPU_T=0.0C | state=NOMINAL
2026-03-15 23:31:30,185 [INFO] CPU=2.7% RAM=32.3% DISK=56.6% CPU_T=58.8C GPU_T=0.0C | state=NOMINAL
2026-03-15 23:31:31,252 [INFO] CPU=2.6% RAM=32.3% DISK=56.6% CPU_T=59.0C GPU_T=0.0C | state=NOMINAL
2026-03-15 23:31:32,291 [INFO] CPU=2.5% RAM=32.3% DISK=56.6% CPU_T=59.0C GPU_T=0.0C | state=NOMINAL
2026-03-15 23:31:33,327 [INFO] CPU=2.6% RAM=32.3% DISK=56.6% CPU_T=59.2C GPU_T=0.0C | state=NOMINAL
2026-03-15 23:31:34,365 [INFO] CPU=2.7% RAM=32.3% DISK=56.6% CPU_T=59.2C GPU_T=0.0C | state=NOMINAL
2026-03-15 23:31:35,407 [INFO] CPU=2.6% RAM=32.3% DISK=56.6% CPU_T=58.8C GPU_T=0.0C | state=NOMINAL
2026-03-15 23:31:36,462 [INFO] CPU=2.6% RAM=32.3% DISK=56.6% CPU_T=59.2C GPU_T=0.0C | state=NOMINAL
2026-03-15 23:31:37,522 [INFO] CPU=2.7% RAM=32.3% DISK=56.6% CPU_T=59.0C GPU_T=0.0C | state=NOMINAL
2026-03-15 23:31:38,560 [INFO] CPU=2.6% RAM=32.3% DISK=56.6% CPU_T=59.0C GPU_T=0.0C | state=NOMINAL
2026-03-15 23:31:39,603 [INFO] CPU=2.6% RAM=32.3% DISK=56.6% CPU_T=59.0C GPU_T=0.0C | state=NOMINAL
2026-03-15 23:31:40,641 [INFO] CPU=2.6% RAM=32.3% DISK=56.6% CPU_T=58.8C GPU_T=0.0C | state=NOMINAL
2026-03-15 23:31:41,676 [INFO] CPU=2.6% RAM=32.3% DISK=56.6% CPU_T=58.4C GPU_T=0.0C | state=NOMINAL
2026-03-15 23:31:42,721 [INFO] CPU=2.6% RAM=32.3% DISK=56.6% CPU_T=58.4C GPU_T=0.0C | state=NOMINAL
2026-03-15 23:31:43,758 [INFO] CPU=2.6% RAM=32.3% DISK=56.6% CPU_T=58.2C GPU_T=0.0C | state=NOMINAL
2026-03-15 23:31:44,804 [INFO] CPU=2.6% RAM=32.3% DISK=56.6% CPU_T=58.2C GPU_T=0.0C | state=NOMINAL
2026-03-15 23:31:45,851 [INFO] CPU=2.6% RAM=32.3% DISK=56.6% CPU_T=58.2C GPU_T=0.0C | state=NOMINAL
2026-03-15 23:31:46,922 [INFO] CPU=2.6% RAM=32.3% DISK=56.6% CPU_T=58.0C GPU_T=0.0C | state=NOMINAL
2026-03-15 23:31:47,990 [INFO] CPU=2.6% RAM=32.3% DISK=56.6% CPU_T=57.8C GPU_T=0.0C | state=NOMINAL
2026-03-15 23:31:49,039 [INFO] CPU=2.7% RAM=32.3% DISK=56.6% CPU_T=57.8C GPU_T=0.0C | state=NOMINAL
2026-03-15 23:31:50,090 [INFO] CPU=2.7% RAM=32.3% DISK=56.6% CPU_T=57.8C GPU_T=0.0C | state=NOMINAL
2026-03-15 23:31:51,123 [INFO] CPU=2.7% RAM=32.3% DISK=56.6% CPU_T=57.8C GPU_T=0.0C | state=NOMINAL
2026-03-15 23:31:52,194 [INFO] CPU=2.7% RAM=32.3% DISK=56.6% CPU_T=57.8C GPU_T=0.0C | state=NOMINAL
2026-03-15 23:31:53,261 [INFO] CPU=2.7% RAM=32.3% DISK=56.6% CPU_T=58.2C GPU_T=0.0C | state=NOMINAL
2026-03-15 23:31:54,328 [INFO] CPU=3.1% RAM=32.3% DISK=56.6% CPU_T=58.4C GPU_T=0.0C | state=NOMINAL
2026-03-15 23:31:55,366 [INFO] CPU=3.0% RAM=32.3% DISK=56.6% CPU_T=58.6C GPU_T=0.0C | state=NOMINAL
2026-03-15 23:31:56,399 [INFO] CPU=3.0% RAM=32.3% DISK=56.6% CPU_T=58.6C GPU_T=0.0C | state=NOMINAL
2026-03-15 23:31:57,432 [INFO] CPU=3.0% RAM=32.3% DISK=56.6% CPU_T=60.2C GPU_T=0.0C | state=NOMINAL
2026-03-15 23:31:58,457 [INFO] CPU=3.1% RAM=32.3% DISK=56.6% CPU_T=60.2C GPU_T=0.0C | state=NOMINAL
2026-03-15 23:31:59,499 [INFO] CPU=2.7% RAM=32.3% DISK=56.6% CPU_T=60.0C GPU_T=0.0C | state=NOMINAL
2026-03-15 23:32:00,814 [INFO] CPU=2.8% RAM=32.3% DISK=56.6% CPU_T=59.8C GPU_T=0.0C | state=NOMINAL
2026-03-15 23:32:01,861 [INFO] CPU=2.8% RAM=32.3% DISK=56.6% CPU_T=60.0C GPU_T=0.0C | state=NOMINAL
2026-03-15 23:32:02,906 [INFO] CPU=2.7% RAM=32.3% DISK=56.6% CPU_T=58.4C GPU_T=0.0C | state=NOMINAL
2026-03-15 23:32:03,975 [INFO] CPU=2.7% RAM=32.3% DISK=56.6% CPU_T=58.4C GPU_T=0.0C | state=NOMINAL
2026-03-15 23:32:05,043 [INFO] CPU=2.6% RAM=32.3% DISK=56.6% CPU_T=58.4C GPU_T=0.0C | state=NOMINAL
2026-03-15 23:32:06,108 [INFO] CPU=2.6% RAM=32.3% DISK=56.6% CPU_T=58.4C GPU_T=0.0C | state=NOMINAL
2026-03-15 23:32:07,157 [INFO] CPU=2.7% RAM=32.3% DISK=56.6% CPU_T=58.2C GPU_T=0.0C | state=NOMINAL
2026-03-15 23:32:08,200 [INFO] CPU=2.7% RAM=32.3% DISK=56.6% CPU_T=58.2C GPU_T=0.0C | state=NOMINAL
2026-03-15 23:32:09,266 [INFO] CPU=2.7% RAM=32.3% DISK=56.6% CPU_T=58.0C GPU_T=0.0C | state=NOMINAL
2026-03-15 23:32:10,336 [INFO] CPU=2.7% RAM=32.3% DISK=56.6% CPU_T=58.0C GPU_T=0.0C | state=NOMINAL
2026-03-15 23:32:11,408 [INFO] CPU=2.7% RAM=32.3% DISK=56.6% CPU_T=58.0C GPU_T=0.0C | state=NOMINAL
2026-03-15 23:32:12,434 [INFO] CPU=2.8% RAM=32.3% DISK=56.6% CPU_T=59.4C GPU_T=0.0C | state=NOMINAL
2026-03-15 23:32:13,466 [INFO] CPU=2.8% RAM=32.3% DISK=56.6% CPU_T=59.4C GPU_T=0.0C | state=NOMINAL
2026-03-15 23:32:14,498 [INFO] CPU=2.8% RAM=32.3% DISK=56.6% CPU_T=59.4C GPU_T=0.0C | state=NOMINAL
2026-03-15 23:32:15,537 [INFO] CPU=2.7% RAM=32.3% DISK=56.6% CPU_T=59.4C GPU_T=0.0C | state=NOMINAL
2026-03-15 23:32:16,600 [INFO] CPU=2.7% RAM=32.3% DISK=56.6% CPU_T=59.4C GPU_T=0.0C | state=NOMINAL
2026-03-15 23:32:17,635 [INFO] CPU=2.5% RAM=32.3% DISK=56.6% CPU_T=58.0C GPU_T=0.0C | state=NOMINAL
2026-03-15 23:32:18,669 [INFO] CPU=2.5% RAM=32.3% DISK=56.6% CPU_T=57.8C GPU_T=0.0C | state=NOMINAL
2026-03-15 23:32:19,717 [INFO] CPU=2.6% RAM=32.3% DISK=56.6% CPU_T=57.8C GPU_T=0.0C | state=NOMINAL
2026-03-15 23:32:20,761 [INFO] CPU=2.7% RAM=32.3% DISK=56.6% CPU_T=57.8C GPU_T=0.0C | state=NOMINAL
2026-03-15 23:32:21,831 [INFO] CPU=2.6% RAM=32.3% DISK=56.6% CPU_T=57.8C GPU_T=0.0C | state=NOMINAL
2026-03-15 23:32:22,901 [INFO] CPU=2.7% RAM=32.3% DISK=56.6% CPU_T=57.8C GPU_T=0.0C | state=NOMINAL
2026-03-15 23:32:23,945 [INFO] CPU=2.6% RAM=32.3% DISK=56.6% CPU_T=58.0C GPU_T=0.0C | state=NOMINAL
2026-03-15 23:32:24,995 [INFO] CPU=2.5% RAM=32.3% DISK=56.6% CPU_T=57.8C GPU_T=0.0C | state=NOMINAL
2026-03-15 23:32:26,038 [INFO] CPU=2.7% RAM=32.3% DISK=56.6% CPU_T=57.8C GPU_T=0.0C | state=NOMINAL
2026-03-15 23:32:27,082 [INFO] CPU=2.7% RAM=32.3% DISK=56.6% CPU_T=57.8C GPU_T=0.0C | state=NOMINAL
2026-03-15 23:32:28,148 [INFO] CPU=2.7% RAM=32.3% DISK=56.6% CPU_T=57.8C GPU_T=0.0C | state=NOMINAL
2026-03-15 23:32:29,190 [INFO] CPU=2.7% RAM=32.3% DISK=56.6% CPU_T=57.6C GPU_T=0.0C | state=NOMINAL
2026-03-15 23:32:30,233 [INFO] CPU=2.7% RAM=32.3% DISK=56.6% CPU_T=57.8C GPU_T=0.0C | state=NOMINAL
2026-03-15 23:32:31,275 [INFO] CPU=2.4% RAM=32.3% DISK=56.6% CPU_T=57.8C GPU_T=0.0C | state=NOMINAL
2026-03-15 23:32:32,318 [INFO] CPU=2.5% RAM=32.3% DISK=56.6% CPU_T=57.8C GPU_T=0.0C | state=NOMINAL
2026-03-15 23:32:33,392 [INFO] CPU=2.5% RAM=32.3% DISK=56.6% CPU_T=57.8C GPU_T=0.0C | state=NOMINAL
2026-03-15 23:32:34,445 [INFO] CPU=2.6% RAM=32.3% DISK=56.6% CPU_T=59.4C GPU_T=0.0C | state=NOMINAL
2026-03-15 23:32:35,464 [INFO] CPU=2.6% RAM=32.3% DISK=56.6% CPU_T=59.4C GPU_T=0.0C | state=NOMINAL
2026-03-15 23:32:36,728 [INFO] CPU=2.6% RAM=32.3% DISK=56.6% CPU_T=59.4C GPU_T=0.0C | state=NOMINAL
2026-03-15 23:32:37,768 [INFO] CPU=2.5% RAM=32.3% DISK=56.6% CPU_T=59.4C GPU_T=0.0C | state=NOMINAL
2026-03-15 23:32:38,812 [INFO] CPU=2.4% RAM=32.3% DISK=56.6% CPU_T=59.4C GPU_T=0.0C | state=NOMINAL
2026-03-15 23:32:39,878 [INFO] CPU=2.4% RAM=32.3% DISK=56.6% CPU_T=57.8C GPU_T=0.0C | state=NOMINAL
2026-03-15 23:32:40,923 [INFO] CPU=2.3% RAM=32.3% DISK=56.6% CPU_T=57.6C GPU_T=0.0C | state=NOMINAL
2026-03-15 23:32:41,961 [INFO] CPU=2.3% RAM=32.3% DISK=56.6% CPU_T=57.6C GPU_T=0.0C | state=NOMINAL
2026-03-15 23:32:43,024 [INFO] CPU=2.3% RAM=32.3% DISK=56.6% CPU_T=57.6C GPU_T=0.0C | state=NOMINAL
2026-03-15 23:32:44,069 [INFO] CPU=2.4% RAM=32.3% DISK=56.6% CPU_T=57.6C GPU_T=0.0C | state=NOMINAL
2026-03-15 23:32:45,111 [INFO] CPU=2.4% RAM=32.3% DISK=56.6% CPU_T=57.6C GPU_T=0.0C | state=NOMINAL
2026-03-15 23:32:46,154 [INFO] CPU=2.5% RAM=32.3% DISK=56.6% CPU_T=57.6C GPU_T=0.0C | state=NOMINAL
2026-03-15 23:32:47,200 [INFO] CPU=2.5% RAM=32.3% DISK=56.6% CPU_T=57.4C GPU_T=0.0C | state=NOMINAL
2026-03-15 23:32:48,242 [INFO] CPU=2.5% RAM=32.3% DISK=56.6% CPU_T=57.2C GPU_T=0.0C | state=NOMINAL
2026-03-15 23:32:49,283 [INFO] CPU=2.5% RAM=32.3% DISK=56.6% CPU_T=57.0C GPU_T=0.0C | state=NOMINAL
2026-03-15 23:32:50,329 [INFO] CPU=2.4% RAM=32.3% DISK=56.6% CPU_T=57.0C GPU_T=0.0C | state=NOMINAL
2026-03-15 23:32:51,363 [INFO] CPU=2.5% RAM=32.3% DISK=56.6% CPU_T=57.2C GPU_T=0.0C | state=NOMINAL
2026-03-15 23:32:52,406 [INFO] CPU=2.4% RAM=32.3% DISK=56.6% CPU_T=57.2C GPU_T=0.0C | state=NOMINAL
2026-03-15 23:32:53,463 [INFO] CPU=2.5% RAM=32.3% DISK=56.6% CPU_T=57.4C GPU_T=0.0C | state=NOMINAL
2026-03-15 23:32:54,506 [INFO] CPU=2.5% RAM=32.3% DISK=56.6% CPU_T=57.6C GPU_T=0.0C | state=NOMINAL
2026-03-15 23:32:55,556 [INFO] CPU=2.5% RAM=32.3% DISK=56.6% CPU_T=57.6C GPU_T=0.0C | state=NOMINAL
2026-03-15 23:32:56,598 [INFO] CPU=2.5% RAM=32.3% DISK=56.6% CPU_T=57.4C GPU_T=0.0C | state=NOMINAL
2026-03-15 23:32:57,635 [INFO] CPU=2.5% RAM=32.3% DISK=56.6% CPU_T=57.4C GPU_T=0.0C | state=NOMINAL
2026-03-15 23:32:58,676 [INFO] CPU=2.5% RAM=32.3% DISK=56.6% CPU_T=57.4C GPU_T=0.0C | state=NOMINAL
2026-03-15 23:32:59,718 [INFO] CPU=2.5% RAM=32.3% DISK=56.6% CPU_T=57.2C GPU_T=0.0C | state=NOMINAL
2026-03-15 23:33:00,759 [INFO] CPU=2.6% RAM=32.3% DISK=56.6% CPU_T=57.4C GPU_T=0.0C | state=NOMINAL
2026-03-15 23:33:01,803 [INFO] CPU=2.6% RAM=32.3% DISK=56.6% CPU_T=57.4C GPU_T=0.0C | state=NOMINAL
2026-03-15 23:33:02,850 [INFO] CPU=2.6% RAM=32.3% DISK=56.6% CPU_T=57.4C GPU_T=0.0C | state=NOMINAL
2026-03-15 23:33:03,891 [INFO] CPU=3.0% RAM=32.3% DISK=56.6% CPU_T=57.2C GPU_T=0.0C | state=NOMINAL
2026-03-15 23:33:04,933 [INFO] CPU=3.0% RAM=32.3% DISK=56.6% CPU_T=57.2C GPU_T=0.0C | state=NOMINAL
2026-03-15 23:33:05,976 [INFO] CPU=3.0% RAM=32.3% DISK=56.6% CPU_T=57.2C GPU_T=0.0C | state=NOMINAL
2026-03-15 23:33:07,020 [INFO] CPU=3.0% RAM=32.3% DISK=56.6% CPU_T=57.2C GPU_T=0.0C | state=NOMINAL
2026-03-15 23:33:08,062 [INFO] CPU=3.0% RAM=32.3% DISK=56.6% CPU_T=57.4C GPU_T=0.0C | state=NOMINAL
2026-03-15 23:33:09,106 [INFO] CPU=2.6% RAM=32.3% DISK=56.6% CPU_T=57.2C GPU_T=0.0C | state=NOMINAL
2026-03-15 23:33:10,371 [INFO] CPU=2.6% RAM=32.3% DISK=56.6% CPU_T=57.2C GPU_T=0.0C | state=NOMINAL
2026-03-15 23:33:11,415 [INFO] CPU=2.7% RAM=32.3% DISK=56.6% CPU_T=57.0C GPU_T=0.0C | state=NOMINAL
2026-03-15 23:33:12,445 [INFO] CPU=2.7% RAM=32.3% DISK=56.6% CPU_T=59.4C GPU_T=0.0C | state=NOMINAL
2026-03-15 23:33:13,467 [INFO] CPU=2.8% RAM=32.3% DISK=56.6% CPU_T=59.2C GPU_T=0.0C | state=NOMINAL
2026-03-15 23:33:14,503 [INFO] CPU=2.7% RAM=32.3% DISK=56.6% CPU_T=59.4C GPU_T=0.0C | state=NOMINAL
2026-03-15 23:33:15,548 [INFO] CPU=2.7% RAM=32.3% DISK=56.6% CPU_T=59.4C GPU_T=0.0C | state=NOMINAL
2026-03-15 23:33:16,589 [INFO] CPU=2.7% RAM=32.3% DISK=56.6% CPU_T=59.4C GPU_T=0.0C | state=NOMINAL
2026-03-15 23:33:17,632 [INFO] CPU=2.7% RAM=32.3% DISK=56.6% CPU_T=57.2C GPU_T=0.0C | state=NOMINAL
2026-03-15 23:33:18,700 [INFO] CPU=2.7% RAM=32.3% DISK=56.6% CPU_T=57.0C GPU_T=0.0C | state=NOMINAL
2026-03-15 23:33:19,734 [INFO] CPU=2.8% RAM=32.3% DISK=56.6% CPU_T=57.0C GPU_T=0.0C | state=NOMINAL
2026-03-15 23:33:20,779 [INFO] CPU=2.8% RAM=32.3% DISK=56.6% CPU_T=57.0C GPU_T=0.0C | state=NOMINAL
2026-03-15 23:33:21,822 [INFO] CPU=2.8% RAM=32.3% DISK=56.6% CPU_T=57.2C GPU_T=0.0C | state=NOMINAL
2026-03-15 23:33:22,866 [INFO] CPU=2.8% RAM=32.3% DISK=56.6% CPU_T=57.0C GPU_T=0.0C | state=NOMINAL
2026-03-15 23:33:23,912 [INFO] CPU=2.9% RAM=32.3% DISK=56.6% CPU_T=57.4C GPU_T=0.0C | state=NOMINAL
2026-03-15 23:33:24,979 [INFO] CPU=2.8% RAM=32.3% DISK=56.6% CPU_T=57.4C GPU_T=0.0C | state=NOMINAL
2026-03-15 23:33:26,020 [INFO] CPU=3.0% RAM=32.3% DISK=56.6% CPU_T=57.4C GPU_T=0.0C | state=NOMINAL
2026-03-15 23:33:27,066 [INFO] CPU=3.0% RAM=32.3% DISK=56.6% CPU_T=57.4C GPU_T=0.0C | state=NOMINAL
2026-03-15 23:33:28,114 [INFO] CPU=3.0% RAM=32.3% DISK=56.6% CPU_T=57.6C GPU_T=0.0C | state=NOMINAL
2026-03-15 23:33:29,177 [INFO] CPU=2.9% RAM=32.3% DISK=56.6% CPU_T=57.6C GPU_T=0.0C | state=NOMINAL
2026-03-15 23:33:30,222 [INFO] CPU=2.9% RAM=32.3% DISK=56.6% CPU_T=57.6C GPU_T=0.0C | state=NOMINAL
2026-03-15 23:33:31,257 [INFO] CPU=2.7% RAM=32.3% DISK=56.6% CPU_T=57.6C GPU_T=0.0C | state=NOMINAL
2026-03-15 23:33:32,290 [INFO] CPU=2.7% RAM=32.3% DISK=56.6% CPU_T=57.6C GPU_T=0.0C | state=NOMINAL
2026-03-15 23:33:33,329 [INFO] CPU=2.7% RAM=32.3% DISK=56.6% CPU_T=57.6C GPU_T=0.0C | state=NOMINAL
2026-03-15 23:33:34,397 [INFO] CPU=2.7% RAM=32.3% DISK=56.6% CPU_T=57.4C GPU_T=0.0C | state=NOMINAL
2026-03-15 23:33:35,452 [INFO] CPU=2.7% RAM=32.3% DISK=56.6% CPU_T=57.6C GPU_T=0.0C | state=NOMINAL
2026-03-15 23:33:36,519 [INFO] CPU=2.8% RAM=32.3% DISK=56.6% CPU_T=57.6C GPU_T=0.0C | state=NOMINAL
2026-03-15 23:33:37,564 [INFO] CPU=2.7% RAM=32.3% DISK=56.6% CPU_T=57.6C GPU_T=0.0C | state=NOMINAL
2026-03-15 23:33:38,602 [INFO] CPU=2.7% RAM=32.3% DISK=56.6% CPU_T=57.4C GPU_T=0.0C | state=NOMINAL
2026-03-15 23:33:39,650 [INFO] CPU=2.8% RAM=32.3% DISK=56.6% CPU_T=57.4C GPU_T=0.0C | state=NOMINAL
2026-03-15 23:33:40,719 [INFO] CPU=2.8% RAM=32.3% DISK=56.6% CPU_T=57.4C GPU_T=0.0C | state=NOMINAL
2026-03-15 23:33:41,790 [INFO] CPU=2.7% RAM=32.3% DISK=56.6% CPU_T=57.6C GPU_T=0.0C | state=NOMINAL
2026-03-15 23:33:42,862 [INFO] CPU=2.7% RAM=32.3% DISK=56.6% CPU_T=57.4C GPU_T=0.0C | state=NOMINAL
2026-03-15 23:33:43,905 [INFO] CPU=2.7% RAM=32.3% DISK=56.6% CPU_T=57.4C GPU_T=0.0C | state=NOMINAL
2026-03-15 23:33:44,952 [INFO] CPU=2.6% RAM=32.3% DISK=56.6% CPU_T=57.4C GPU_T=0.0C | state=NOMINAL
2026-03-15 23:33:46,014 [INFO] CPU=2.5% RAM=32.3% DISK=56.6% CPU_T=57.2C GPU_T=0.0C | state=NOMINAL
2026-03-15 23:33:47,054 [INFO] CPU=2.5% RAM=32.3% DISK=56.6% CPU_T=57.0C GPU_T=0.0C | state=NOMINAL
2026-03-15 23:33:48,101 [INFO] CPU=2.5% RAM=32.3% DISK=56.6% CPU_T=57.0C GPU_T=0.0C | state=NOMINAL
2026-03-15 23:33:49,157 [INFO] CPU=2.4% RAM=32.3% DISK=56.6% CPU_T=57.0C GPU_T=0.0C | state=NOMINAL
2026-03-15 23:33:50,200 [INFO] CPU=2.5% RAM=32.3% DISK=56.6% CPU_T=57.0C GPU_T=0.0C | state=NOMINAL
2026-03-15 23:33:51,241 [INFO] CPU=2.5% RAM=32.3% DISK=56.6% CPU_T=57.0C GPU_T=0.0C | state=NOMINAL
2026-03-15 23:33:52,285 [INFO] CPU=2.6% RAM=32.3% DISK=56.6% CPU_T=57.0C GPU_T=0.0C | state=NOMINAL
2026-03-15 23:33:53,326 [INFO] CPU=2.5% RAM=32.3% DISK=56.6% CPU_T=57.2C GPU_T=0.0C | state=NOMINAL
2026-03-15 23:33:54,361 [INFO] CPU=2.5% RAM=32.3% DISK=56.6% CPU_T=57.2C GPU_T=0.0C | state=NOMINAL
2026-03-15 23:33:55,405 [INFO] CPU=2.4% RAM=32.3% DISK=56.6% CPU_T=57.2C GPU_T=0.0C | state=NOMINAL
2026-03-15 23:33:56,439 [INFO] CPU=2.5% RAM=32.3% DISK=56.6% CPU_T=59.6C GPU_T=0.0C | state=NOMINAL
2026-03-15 23:33:57,496 [INFO] CPU=2.5% RAM=32.3% DISK=56.6% CPU_T=59.6C GPU_T=0.0C | state=NOMINAL
2026-03-15 23:33:58,540 [INFO] CPU=2.6% RAM=32.3% DISK=56.6% CPU_T=59.6C GPU_T=0.0C | state=NOMINAL
2026-03-15 23:33:59,580 [INFO] CPU=2.6% RAM=32.3% DISK=56.6% CPU_T=59.6C GPU_T=0.0C | state=NOMINAL
2026-03-15 23:34:00,624 [INFO] CPU=2.7% RAM=32.3% DISK=56.6% CPU_T=59.6C GPU_T=0.0C | state=NOMINAL
2026-03-15 23:34:01,671 [INFO] CPU=2.6% RAM=32.3% DISK=56.6% CPU_T=57.2C GPU_T=0.0C | state=NOMINAL
2026-03-15 23:34:02,716 [INFO] CPU=2.6% RAM=32.3% DISK=56.6% CPU_T=57.2C GPU_T=0.0C | state=NOMINAL
2026-03-15 23:34:03,757 [INFO] CPU=2.6% RAM=32.3% DISK=56.6% CPU_T=57.0C GPU_T=0.0C | state=NOMINAL
2026-03-15 23:34:04,800 [INFO] CPU=2.5% RAM=32.3% DISK=56.6% CPU_T=57.0C GPU_T=0.0C | state=NOMINAL
2026-03-15 23:34:05,868 [INFO] CPU=2.5% RAM=32.3% DISK=56.6% CPU_T=57.2C GPU_T=0.0C | state=NOMINAL
2026-03-15 23:34:06,914 [INFO] CPU=2.5% RAM=32.3% DISK=56.6% CPU_T=57.2C GPU_T=0.0C | state=NOMINAL
2026-03-15 23:34:07,955 [INFO] CPU=2.5% RAM=32.3% DISK=56.6% CPU_T=57.4C GPU_T=0.0C | state=NOMINAL
2026-03-15 23:34:08,999 [INFO] CPU=2.5% RAM=32.3% DISK=56.6% CPU_T=57.4C GPU_T=0.0C | state=NOMINAL
2026-03-15 23:34:10,043 [INFO] CPU=2.9% RAM=32.3% DISK=56.6% CPU_T=57.6C GPU_T=0.0C | state=NOMINAL
2026-03-15 23:34:11,088 [INFO] CPU=3.0% RAM=32.3% DISK=56.6% CPU_T=57.4C GPU_T=0.0C | state=NOMINAL
2026-03-15 23:34:12,133 [INFO] CPU=3.1% RAM=32.3% DISK=56.6% CPU_T=57.4C GPU_T=0.0C | state=NOMINAL
2026-03-15 23:34:13,184 [INFO] CPU=3.1% RAM=32.3% DISK=56.6% CPU_T=57.2C GPU_T=0.0C | state=NOMINAL
2026-03-15 23:34:14,227 [INFO] CPU=3.1% RAM=32.3% DISK=56.6% CPU_T=57.2C GPU_T=0.0C | state=NOMINAL
2026-03-15 23:34:15,271 [INFO] CPU=2.7% RAM=32.3% DISK=56.6% CPU_T=57.2C GPU_T=0.0C | state=NOMINAL
2026-03-15 23:34:16,334 [INFO] CPU=2.6% RAM=32.3% DISK=56.6% CPU_T=57.2C GPU_T=0.0C | state=NOMINAL
2026-03-15 23:34:17,403 [INFO] CPU=2.5% RAM=32.3% DISK=56.6% CPU_T=57.2C GPU_T=0.0C | state=NOMINAL
2026-03-15 23:34:18,433 [INFO] CPU=2.6% RAM=32.3% DISK=56.6% CPU_T=58.8C GPU_T=0.0C | state=NOMINAL
2026-03-15 23:34:19,473 [INFO] CPU=2.6% RAM=32.3% DISK=56.6% CPU_T=58.8C GPU_T=0.0C | state=NOMINAL
2026-03-15 23:34:20,516 [INFO] CPU=2.6% RAM=32.3% DISK=56.6% CPU_T=58.6C GPU_T=0.0C | state=NOMINAL
2026-03-15 23:34:21,694 [INFO] CPU=2.7% RAM=32.3% DISK=56.6% CPU_T=58.6C GPU_T=0.0C | state=NOMINAL
2026-03-15 23:34:22,786 [INFO] CPU=2.7% RAM=32.3% DISK=56.6% CPU_T=58.6C GPU_T=0.0C | state=NOMINAL
2026-03-15 23:34:23,858 [INFO] CPU=2.7% RAM=32.3% DISK=56.6% CPU_T=57.2C GPU_T=0.0C | state=NOMINAL
2026-03-15 23:34:24,901 [INFO] CPU=2.6% RAM=32.3% DISK=56.6% CPU_T=57.2C GPU_T=0.0C | state=NOMINAL
2026-03-15 23:34:25,943 [INFO] CPU=3.1% RAM=32.3% DISK=56.6% CPU_T=57.2C GPU_T=0.0C | state=NOMINAL
2026-03-15 23:34:26,981 [INFO] CPU=3.1% RAM=32.3% DISK=56.6% CPU_T=57.0C GPU_T=0.0C | state=NOMINAL
2026-03-15 23:34:28,048 [INFO] CPU=3.1% RAM=32.3% DISK=56.6% CPU_T=57.0C GPU_T=0.0C | state=NOMINAL
2026-03-15 23:34:29,119 [INFO] CPU=3.1% RAM=32.3% DISK=56.6% CPU_T=56.8C GPU_T=0.0C | state=NOMINAL
2026-03-15 23:34:30,155 [INFO] CPU=3.1% RAM=32.3% DISK=56.6% CPU_T=57.0C GPU_T=0.0C | state=NOMINAL
2026-03-15 23:34:31,190 [INFO] CPU=2.6% RAM=32.3% DISK=56.6% CPU_T=57.0C GPU_T=0.0C | state=NOMINAL
2026-03-15 23:34:32,229 [INFO] CPU=2.7% RAM=32.3% DISK=56.6% CPU_T=57.2C GPU_T=0.0C | state=NOMINAL
2026-03-15 23:34:33,269 [INFO] CPU=2.7% RAM=32.3% DISK=56.6% CPU_T=57.4C GPU_T=0.0C | state=NOMINAL
2026-03-15 23:34:34,321 [INFO] CPU=2.8% RAM=32.3% DISK=56.6% CPU_T=57.6C GPU_T=0.0C | state=NOMINAL
2026-03-15 23:34:35,366 [INFO] CPU=2.8% RAM=32.3% DISK=56.6% CPU_T=57.4C GPU_T=0.0C | state=NOMINAL
2026-03-15 23:34:36,407 [INFO] CPU=2.8% RAM=32.3% DISK=56.6% CPU_T=57.4C GPU_T=0.0C | state=NOMINAL
2026-03-15 23:34:37,437 [INFO] CPU=2.8% RAM=32.3% DISK=56.6% CPU_T=57.4C GPU_T=0.0C | state=NOMINAL
2026-03-15 23:34:38,458 [INFO] CPU=2.9% RAM=32.3% DISK=56.6% CPU_T=58.8C GPU_T=0.0C | state=NOMINAL
2026-03-15 23:34:39,492 [INFO] CPU=2.8% RAM=32.3% DISK=56.6% CPU_T=58.8C GPU_T=0.0C | state=NOMINAL
2026-03-15 23:34:40,559 [INFO] CPU=2.9% RAM=32.3% DISK=56.6% CPU_T=58.8C GPU_T=0.0C | state=NOMINAL
2026-03-15 23:34:41,600 [INFO] CPU=2.9% RAM=32.3% DISK=56.6% CPU_T=58.8C GPU_T=0.0C | state=NOMINAL
2026-03-15 23:34:42,644 [INFO] CPU=2.8% RAM=32.3% DISK=56.6% CPU_T=59.0C GPU_T=0.0C | state=NOMINAL
2026-03-15 23:34:43,689 [INFO] CPU=2.8% RAM=32.3% DISK=56.6% CPU_T=57.4C GPU_T=0.0C | state=NOMINAL
2026-03-15 23:34:44,733 [INFO] CPU=2.8% RAM=32.3% DISK=56.6% CPU_T=57.2C GPU_T=0.0C | state=NOMINAL
2026-03-15 23:34:45,796 [INFO] CPU=2.8% RAM=32.3% DISK=56.6% CPU_T=57.2C GPU_T=0.0C | state=NOMINAL
2026-03-15 23:34:46,842 [INFO] CPU=2.8% RAM=32.3% DISK=56.6% CPU_T=57.2C GPU_T=0.0C | state=NOMINAL
2026-03-15 23:34:47,887 [INFO] CPU=2.8% RAM=32.3% DISK=56.6% CPU_T=57.0C GPU_T=0.0C | state=NOMINAL
2026-03-15 23:34:48,932 [INFO] CPU=2.8% RAM=32.3% DISK=56.6% CPU_T=57.0C GPU_T=0.0C | state=NOMINAL
2026-03-15 23:34:49,982 [INFO] CPU=2.8% RAM=32.3% DISK=56.6% CPU_T=57.2C GPU_T=0.0C | state=NOMINAL
2026-03-15 23:34:51,049 [INFO] CPU=2.8% RAM=32.3% DISK=56.6% CPU_T=57.2C GPU_T=0.0C | state=NOMINAL
2026-03-15 23:34:52,094 [INFO] CPU=2.8% RAM=32.3% DISK=56.6% CPU_T=57.2C GPU_T=0.0C | state=NOMINAL
2026-03-15 23:34:53,136 [INFO] CPU=2.8% RAM=32.3% DISK=56.6% CPU_T=57.2C GPU_T=0.0C | state=NOMINAL
2026-03-15 23:34:54,175 [INFO] CPU=2.7% RAM=32.3% DISK=56.6% CPU_T=57.4C GPU_T=0.0C | state=NOMINAL
2026-03-15 23:34:55,216 [INFO] CPU=2.8% RAM=32.3% DISK=56.6% CPU_T=57.4C GPU_T=0.0C | state=NOMINAL
2026-03-15 23:34:56,285 [INFO] CPU=2.8% RAM=32.3% DISK=56.6% CPU_T=57.4C GPU_T=0.0C | state=NOMINAL
2026-03-15 23:34:57,561 [INFO] CPU=2.7% RAM=32.3% DISK=56.6% CPU_T=57.4C GPU_T=0.0C | state=NOMINAL
2026-03-15 23:34:58,598 [INFO] CPU=2.7% RAM=32.3% DISK=56.6% CPU_T=57.4C GPU_T=0.0C | state=NOMINAL
2026-03-15 23:34:59,637 [INFO] CPU=2.7% RAM=32.3% DISK=56.6% CPU_T=57.4C GPU_T=0.0C | state=NOMINAL
2026-03-15 23:35:00,678 [INFO] CPU=2.6% RAM=32.3% DISK=56.6% CPU_T=57.4C GPU_T=0.0C | state=NOMINAL
2026-03-15 23:35:01,717 [INFO] CPU=2.6% RAM=32.3% DISK=56.6% CPU_T=57.8C GPU_T=0.0C | state=NOMINAL
2026-03-15 23:35:02,774 [INFO] CPU=2.6% RAM=32.3% DISK=56.6% CPU_T=57.8C GPU_T=0.0C | state=NOMINAL
2026-03-15 23:35:03,809 [INFO] CPU=2.9% RAM=32.3% DISK=56.6% CPU_T=58.0C GPU_T=0.0C | state=NOMINAL
2026-03-15 23:35:04,854 [INFO] CPU=2.9% RAM=32.3% DISK=56.6% CPU_T=57.8C GPU_T=0.0C | state=NOMINAL
2026-03-15 23:35:05,896 [INFO] CPU=2.8% RAM=32.3% DISK=56.6% CPU_T=57.8C GPU_T=0.0C | state=NOMINAL
2026-03-15 23:35:06,965 [INFO] CPU=2.8% RAM=32.3% DISK=56.6% CPU_T=57.6C GPU_T=0.0C | state=NOMINAL
2026-03-15 23:35:08,034 [INFO] CPU=2.9% RAM=32.3% DISK=56.6% CPU_T=57.8C GPU_T=0.0C | state=NOMINAL
2026-03-15 23:35:09,079 [INFO] CPU=2.6% RAM=32.3% DISK=56.6% CPU_T=57.8C GPU_T=0.0C | state=NOMINAL
2026-03-15 23:35:10,113 [INFO] CPU=2.6% RAM=32.3% DISK=56.6% CPU_T=57.8C GPU_T=0.0C | state=NOMINAL
2026-03-15 23:35:11,152 [INFO] CPU=2.8% RAM=32.3% DISK=56.6% CPU_T=57.6C GPU_T=0.0C | state=NOMINAL
2026-03-15 23:35:12,218 [INFO] CPU=2.9% RAM=32.3% DISK=56.6% CPU_T=57.6C GPU_T=0.0C | state=NOMINAL
2026-03-15 23:35:13,282 [INFO] CPU=2.9% RAM=32.3% DISK=56.6% CPU_T=57.6C GPU_T=0.0C | state=NOMINAL
2026-03-15 23:35:14,330 [INFO] CPU=3.0% RAM=32.3% DISK=56.6% CPU_T=57.4C GPU_T=0.0C | state=NOMINAL
2026-03-15 23:35:15,375 [INFO] CPU=3.1% RAM=32.4% DISK=56.6% CPU_T=57.4C GPU_T=0.0C | state=NOMINAL
2026-03-15 23:35:16,408 [INFO] CPU=3.1% RAM=32.4% DISK=56.6% CPU_T=57.6C GPU_T=0.0C | state=NOMINAL
2026-03-15 23:35:17,438 [INFO] CPU=3.4% RAM=32.4% DISK=56.6% CPU_T=58.0C GPU_T=0.0C | state=NOMINAL
2026-03-15 23:35:18,489 [INFO] CPU=3.7% RAM=32.4% DISK=56.6% CPU_T=58.0C GPU_T=0.0C | state=NOMINAL
2026-03-15 23:35:19,513 [INFO] CPU=4.5% RAM=32.4% DISK=56.6% CPU_T=58.6C GPU_T=0.0C | state=NOMINAL
2026-03-15 23:35:20,545 [INFO] CPU=4.8% RAM=32.4% DISK=56.6% CPU_T=58.8C GPU_T=0.0C | state=NOMINAL
2026-03-15 23:35:21,578 [INFO] CPU=5.3% RAM=32.3% DISK=56.6% CPU_T=58.8C GPU_T=0.0C | state=NOMINAL
2026-03-15 23:35:22,616 [INFO] CPU=5.3% RAM=32.3% DISK=56.6% CPU_T=58.4C GPU_T=0.0C | state=NOMINAL
2026-03-15 23:35:23,685 [INFO] CPU=6.0% RAM=32.3% DISK=56.6% CPU_T=58.4C GPU_T=0.0C | state=NOMINAL
2026-03-15 23:35:24,743 [INFO] CPU=6.0% RAM=32.3% DISK=56.6% CPU_T=58.2C GPU_T=0.0C | state=NOMINAL
2026-03-15 23:35:25,777 [INFO] CPU=6.9% RAM=32.3% DISK=56.6% CPU_T=58.4C GPU_T=0.0C | state=NOMINAL
2026-03-15 23:35:26,818 [INFO] CPU=7.1% RAM=32.4% DISK=56.6% CPU_T=58.6C GPU_T=0.0C | state=NOMINAL
2026-03-15 23:35:27,856 [INFO] CPU=6.7% RAM=32.4% DISK=56.6% CPU_T=58.8C GPU_T=0.0C | state=NOMINAL
2026-03-15 23:35:28,900 [INFO] CPU=5.7% RAM=32.3% DISK=56.6% CPU_T=59.0C GPU_T=0.0C | state=NOMINAL
2026-03-15 23:35:29,935 [INFO] CPU=6.0% RAM=30.6% DISK=56.6% CPU_T=59.2C GPU_T=0.0C | state=NOMINAL
2026-03-15 23:35:30,964 [INFO] CPU=6.6% RAM=27.1% DISK=56.6% CPU_T=59.6C GPU_T=0.0C | state=NOMINAL
2026-03-15 23:35:31,992 [INFO] CPU=6.6% RAM=23.6% DISK=56.6% CPU_T=60.0C GPU_T=0.0C | state=NOMINAL
2026-03-15 23:35:33,022 [INFO] CPU=7.0% RAM=20.1% DISK=56.6% CPU_T=60.4C GPU_T=0.0C | state=NOMINAL
2026-03-17 00:14:08,263 [INFO] Waiting for heartbeat...
2026-03-17 00:14:08,521 [INFO] Connected to vehicle (sysid=1 compid=0)
2026-03-17 00:14:08,521 [INFO] Heartbeat thread started (interval=1s)
2026-03-17 00:14:08,521 [INFO] Watchdog active for: ['qrtest1']
2026-03-17 00:14:08,523 [INFO] vcgencmd unavailable — GPU memory info skipped.
2026-03-17 00:14:08,523 [INFO] Starting Companion Health Monitor | failsafe_after=10s recovery_after=5s statustext_crit=1s statustext_normal=3s
2026-03-17 00:14:08,538 [INFO] CPU=7.6% RAM=31.4% DISK=56.6% CPU_T=63.0C GPU_T=0.0C | state=NOMINAL
2026-03-17 00:14:09,578 [INFO] CPU=7.0% RAM=31.4% DISK=56.6% CPU_T=62.5C GPU_T=0.0C | state=NOMINAL
2026-03-17 00:14:10,612 [INFO] CPU=6.9% RAM=31.4% DISK=56.6% CPU_T=62.3C GPU_T=0.0C | state=NOMINAL
2026-03-17 00:14:11,655 [INFO] CPU=6.8% RAM=31.4% DISK=56.6% CPU_T=62.2C GPU_T=0.0C | state=NOMINAL
2026-03-17 00:14:12,714 [INFO] CPU=6.8% RAM=31.4% DISK=56.6% CPU_T=62.2C GPU_T=0.0C | state=NOMINAL
2026-03-17 00:14:13,744 [INFO] CPU=7.1% RAM=31.4% DISK=56.6% CPU_T=62.4C GPU_T=0.0C | state=NOMINAL
2026-03-17 00:14:14,773 [INFO] CPU=7.9% RAM=31.4% DISK=56.6% CPU_T=62.4C GPU_T=0.0C | state=NOMINAL
2026-03-17 00:14:15,805 [INFO] CPU=8.6% RAM=31.4% DISK=56.6% CPU_T=62.6C GPU_T=0.0C | state=NOMINAL
2026-03-17 00:14:16,851 [INFO] CPU=9.3% RAM=31.4% DISK=56.6% CPU_T=62.8C GPU_T=0.0C | state=NOMINAL
2026-03-17 00:14:17,875 [INFO] CPU=10.6% RAM=31.4% DISK=56.6% CPU_T=63.2C GPU_T=0.0C | state=NOMINAL
2026-03-17 00:14:18,929 [INFO] CPU=11.2% RAM=31.3% DISK=56.6% CPU_T=63.0C GPU_T=0.0C | state=NOMINAL
2026-03-17 00:14:19,972 [INFO] CPU=10.6% RAM=31.3% DISK=56.6% CPU_T=63.2C GPU_T=0.0C | state=NOMINAL
2026-03-17 00:14:21,007 [INFO] CPU=10.2% RAM=31.3% DISK=56.6% CPU_T=63.2C GPU_T=0.0C | state=NOMINAL
2026-03-17 00:14:22,050 [INFO] CPU=9.4% RAM=31.3% DISK=56.6% CPU_T=63.2C GPU_T=0.0C | state=NOMINAL
2026-03-17 00:14:23,083 [INFO] CPU=8.0% RAM=31.3% DISK=56.6% CPU_T=63.0C GPU_T=0.0C | state=NOMINAL
2026-03-17 00:14:24,113 [INFO] CPU=6.8% RAM=31.3% DISK=56.6% CPU_T=62.8C GPU_T=0.0C | state=NOMINAL
2026-03-17 00:14:25,181 [INFO] CPU=6.7% RAM=31.3% DISK=56.6% CPU_T=62.6C GPU_T=0.0C | state=NOMINAL
2026-03-17 00:14:26,219 [INFO] CPU=6.5% RAM=31.3% DISK=56.6% CPU_T=62.4C GPU_T=0.0C | state=NOMINAL
2026-03-17 00:14:27,255 [INFO] CPU=6.5% RAM=31.3% DISK=56.6% CPU_T=62.4C GPU_T=0.0C | state=NOMINAL
2026-03-17 00:14:28,292 [INFO] CPU=6.7% RAM=31.3% DISK=56.6% CPU_T=62.4C GPU_T=0.0C | state=NOMINAL
2026-03-17 00:14:29,328 [INFO] CPU=6.7% RAM=31.3% DISK=56.6% CPU_T=62.6C GPU_T=0.0C | state=NOMINAL
2026-03-17 00:14:30,363 [INFO] CPU=6.5% RAM=31.3% DISK=56.6% CPU_T=62.6C GPU_T=0.0C | state=NOMINAL
2026-03-17 00:14:31,398 [INFO] CPU=6.6% RAM=31.3% DISK=56.6% CPU_T=62.6C GPU_T=0.0C | state=NOMINAL
2026-03-17 00:14:32,426 [INFO] CPU=6.8% RAM=31.3% DISK=56.6% CPU_T=64.8C GPU_T=0.0C | state=NOMINAL
2026-03-17 00:14:33,449 [INFO] CPU=7.6% RAM=31.3% DISK=56.6% CPU_T=66.6C GPU_T=0.0C | state=NOMINAL
2026-03-17 00:14:34,470 [INFO] CPU=9.3% RAM=31.3% DISK=56.6% CPU_T=67.4C GPU_T=0.0C | state=NOMINAL
2026-03-17 00:14:35,517 [INFO] CPU=12.4% RAM=31.3% DISK=56.6% CPU_T=68.4C GPU_T=0.0C | state=NOMINAL
2026-03-17 00:14:36,570 [INFO] CPU=16.4% RAM=31.3% DISK=56.6% CPU_T=69.0C GPU_T=0.0C | state=NOMINAL
2026-03-17 00:14:37,618 [INFO] CPU=19.5% RAM=31.3% DISK=56.6% CPU_T=67.0C GPU_T=0.0C | state=NOMINAL
2026-03-17 00:14:38,645 [INFO] CPU=21.5% RAM=31.3% DISK=56.6% CPU_T=65.6C GPU_T=0.0C | state=NOMINAL
2026-03-17 00:14:39,671 [INFO] CPU=24.7% RAM=31.3% DISK=56.6% CPU_T=65.6C GPU_T=0.0C | state=NOMINAL
2026-03-17 00:14:40,722 [INFO] CPU=30.1% RAM=31.3% DISK=56.6% CPU_T=65.0C GPU_T=0.0C | state=NOMINAL
2026-03-17 00:14:41,786 [INFO] CPU=37.9% RAM=31.3% DISK=56.6% CPU_T=64.8C GPU_T=0.0C | state=NOMINAL
2026-03-17 00:14:42,814 [INFO] CPU=47.3% RAM=31.3% DISK=56.6% CPU_T=65.0C GPU_T=0.0C | state=NOMINAL
2026-03-17 00:14:43,842 [INFO] CPU=57.0% RAM=31.3% DISK=56.6% CPU_T=65.0C GPU_T=0.0C | state=NOMINAL
2026-03-17 00:14:44,869 [INFO] CPU=64.9% RAM=31.3% DISK=56.6% CPU_T=64.6C GPU_T=0.0C | state=NOMINAL
2026-03-17 00:14:45,898 [INFO] CPU=69.2% RAM=31.3% DISK=56.6% CPU_T=64.8C GPU_T=0.0C | state=NOMINAL
2026-03-17 00:14:46,950 [INFO] STATUSTEXT [sev=4] CPU WARNING 71.7
2026-03-17 00:14:46,950 [INFO] CPU entered WARNING (avg=71.7)
2026-03-17 00:14:46,950 [INFO] CPU=71.7% RAM=31.3% DISK=56.6% CPU_T=65.4C GPU_T=0.0C | state=NOMINAL
2026-03-17 00:14:47,977 [INFO] CPU=73.3% RAM=31.3% DISK=56.6% CPU_T=65.4C GPU_T=0.0C | state=NOMINAL
2026-03-17 00:14:49,009 [INFO] CPU=76.0% RAM=31.3% DISK=56.6% CPU_T=65.4C GPU_T=0.0C | state=NOMINAL
2026-03-17 00:14:50,042 [INFO] STATUSTEXT [sev=3] CPU HIGH 80.6
2026-03-17 00:14:50,042 [WARNING] CPU entered HIGH (avg=80.6)
2026-03-17 00:14:50,042 [INFO] CPU=80.6% RAM=31.3% DISK=56.6% CPU_T=65.4C GPU_T=0.0C | state=NOMINAL
2026-03-17 00:14:51,073 [INFO] STATUSTEXT [sev=3] CPU HIGH 85.4
2026-03-17 00:14:51,073 [INFO] CPU=85.4% RAM=31.3% DISK=56.6% CPU_T=65.4C GPU_T=0.0C | state=NOMINAL
2026-03-17 00:14:52,106 [INFO] STATUSTEXT [sev=3] CPU HIGH 89.3
2026-03-17 00:14:52,106 [INFO] CPU=89.3% RAM=31.3% DISK=56.6% CPU_T=65.2C GPU_T=0.0C | state=NOMINAL
2026-03-17 00:14:53,144 [WARNING] CPU entered CRITICAL (avg=93.7)
2026-03-17 00:14:53,144 [INFO] CPU critical counter: 1/10
2026-03-17 00:14:53,145 [INFO] STATUSTEXT [sev=2] CPU CRITICAL 93.7
2026-03-17 00:14:53,145 [INFO] CPU=93.7% RAM=31.4% DISK=56.6% CPU_T=66.0C GPU_T=0.0C | state=NOMINAL
2026-03-17 00:14:54,186 [INFO] CPU critical counter: 2/10
2026-03-17 00:14:54,187 [INFO] STATUSTEXT [sev=2] CPU CRITICAL 97.0
2026-03-17 00:14:54,187 [INFO] CPU=97.0% RAM=31.4% DISK=56.6% CPU_T=66.4C GPU_T=0.0C | state=NOMINAL
2026-03-17 00:14:55,228 [INFO] CPU critical counter: 3/10
2026-03-17 00:14:55,229 [INFO] STATUSTEXT [sev=2] CPU CRITICAL 98.4
2026-03-17 00:14:55,229 [INFO] CPU=98.4% RAM=31.5% DISK=56.6% CPU_T=66.8C GPU_T=0.0C | state=NOMINAL
2026-03-17 00:14:56,300 [INFO] CPU critical counter: 4/10
2026-03-17 00:14:56,300 [INFO] STATUSTEXT [sev=2] CPU CRITICAL 99.4
2026-03-17 00:14:56,301 [INFO] CPU=99.4% RAM=31.6% DISK=56.6% CPU_T=67.4C GPU_T=0.0C | state=NOMINAL
2026-03-17 00:14:57,338 [INFO] CPU critical counter: 5/10
2026-03-17 00:14:57,338 [INFO] STATUSTEXT [sev=2] CPU CRITICAL 99.9
2026-03-17 00:14:57,338 [INFO] CPU=99.9% RAM=31.6% DISK=56.6% CPU_T=68.0C GPU_T=0.0C | state=NOMINAL
2026-03-17 00:14:58,388 [INFO] CPU critical counter: 6/10
2026-03-17 00:14:58,389 [INFO] STATUSTEXT [sev=2] CPU CRITICAL 99.9
2026-03-17 00:14:58,389 [INFO] CPU=99.9% RAM=31.6% DISK=56.6% CPU_T=67.8C GPU_T=0.0C | state=NOMINAL
2026-03-17 00:14:59,464 [INFO] CPU critical counter: 7/10
2026-03-17 00:14:59,465 [INFO] STATUSTEXT [sev=2] CPU CRITICAL 99.9
2026-03-17 00:14:59,466 [INFO] CPU=99.9% RAM=31.6% DISK=56.6% CPU_T=67.6C GPU_T=0.0C | state=NOMINAL
2026-03-17 00:15:00,519 [INFO] CPU critical counter: 8/10
2026-03-17 00:15:00,520 [INFO] STATUSTEXT [sev=2] CPU CRITICAL 99.9
2026-03-17 00:15:00,520 [INFO] CPU=99.9% RAM=31.6% DISK=56.6% CPU_T=67.4C GPU_T=0.0C | state=NOMINAL
2026-03-17 00:15:01,562 [INFO] CPU critical counter: 9/10
2026-03-17 00:15:01,563 [INFO] STATUSTEXT [sev=2] CPU CRITICAL 99.9
2026-03-17 00:15:01,563 [INFO] CPU=99.9% RAM=31.6% DISK=56.6% CPU_T=67.0C GPU_T=0.0C | state=NOMINAL
2026-03-17 00:15:02,622 [INFO] CPU critical counter: 10/10
2026-03-17 00:15:02,623 [INFO] STATUSTEXT [sev=2] CPU CRITICAL 99.8
2026-03-17 00:15:02,623 [WARNING] FAILSAFE TRIGGERED -> RTL | reason=CPU | previous_mode=STABILIZE
2026-03-17 00:15:02,623 [INFO] STATUSTEXT [sev=2] COMPANION FAILSAFE: CPU
2026-03-17 00:15:02,636 [INFO] RTL ACK: ACCEPTED by vehicle (result=0)
2026-03-17 00:15:02,636 [INFO] CPU=99.8% RAM=31.6% DISK=56.6% CPU_T=66.4C GPU_T=0.0C | state=FAILSAFE
2026-03-17 00:15:03,686 [INFO] CPU critical counter: 11/10
2026-03-17 00:15:03,687 [INFO] STATUSTEXT [sev=2] CPU CRITICAL 99.6
2026-03-17 00:15:03,687 [INFO] CPU=99.6% RAM=31.6% DISK=56.6% CPU_T=66.0C GPU_T=0.0C | state=FAILSAFE
2026-03-17 00:15:04,766 [INFO] CPU critical counter: 12/10
2026-03-17 00:15:04,767 [INFO] STATUSTEXT [sev=2] CPU CRITICAL 99.5
2026-03-17 00:15:04,768 [INFO] CPU=99.5% RAM=31.6% DISK=56.6% CPU_T=66.0C GPU_T=0.0C | state=FAILSAFE
2026-03-17 00:15:05,811 [INFO] CPU critical counter: 13/10
2026-03-17 00:15:05,812 [INFO] STATUSTEXT [sev=2] CPU CRITICAL 99.5
2026-03-17 00:15:05,812 [INFO] CPU=99.5% RAM=31.6% DISK=56.6% CPU_T=66.0C GPU_T=0.0C | state=FAILSAFE
2026-03-17 00:15:06,877 [INFO] CPU critical counter: 14/10
2026-03-17 00:15:06,878 [INFO] STATUSTEXT [sev=2] CPU CRITICAL 99.5
2026-03-17 00:15:06,878 [INFO] CPU=99.5% RAM=31.6% DISK=56.6% CPU_T=66.0C GPU_T=0.0C | state=FAILSAFE
2026-03-17 00:15:07,919 [INFO] CPU critical counter: 15/10
2026-03-17 00:15:07,920 [INFO] STATUSTEXT [sev=2] CPU CRITICAL 99.6
2026-03-17 00:15:07,920 [INFO] CPU=99.6% RAM=31.6% DISK=56.6% CPU_T=66.0C GPU_T=0.0C | state=FAILSAFE
2026-03-17 00:15:08,967 [INFO] CPU critical counter: 16/10
2026-03-17 00:15:08,968 [INFO] STATUSTEXT [sev=2] CPU CRITICAL 99.2
2026-03-17 00:15:08,968 [INFO] CPU=99.2% RAM=31.6% DISK=56.6% CPU_T=66.0C GPU_T=0.0C | state=FAILSAFE
2026-03-17 00:15:10,002 [INFO] CPU critical counter: 17/10
2026-03-17 00:15:10,004 [INFO] STATUSTEXT [sev=2] CPU CRITICAL 98.3
2026-03-17 00:15:10,005 [INFO] CPU=98.3% RAM=31.6% DISK=56.6% CPU_T=66.0C GPU_T=0.0C | state=FAILSAFE
2026-03-17 00:15:11,049 [INFO] CPU critical counter: 18/10
2026-03-17 00:15:11,050 [INFO] STATUSTEXT [sev=2] CPU CRITICAL 97.3
2026-03-17 00:15:11,050 [INFO] CPU=97.3% RAM=31.7% DISK=56.6% CPU_T=65.6C GPU_T=0.0C | state=FAILSAFE
2026-03-17 00:15:12,107 [INFO] CPU critical counter: 19/10
2026-03-17 00:15:12,107 [INFO] STATUSTEXT [sev=2] CPU CRITICAL 96.3
2026-03-17 00:15:12,108 [INFO] CPU=96.3% RAM=31.7% DISK=56.6% CPU_T=65.6C GPU_T=0.0C | state=FAILSAFE
2026-03-17 00:15:13,155 [INFO] CPU critical counter: 20/10
2026-03-17 00:15:13,156 [INFO] STATUSTEXT [sev=2] CPU CRITICAL 95.6
2026-03-17 00:15:13,157 [INFO] CPU=95.6% RAM=31.7% DISK=56.6% CPU_T=65.6C GPU_T=0.0C | state=FAILSAFE
2026-03-17 00:15:14,212 [INFO] CPU critical counter: 21/10
2026-03-17 00:15:14,213 [INFO] STATUSTEXT [sev=2] CPU CRITICAL 95.2
2026-03-17 00:15:14,213 [INFO] CPU=95.2% RAM=31.7% DISK=56.6% CPU_T=65.6C GPU_T=0.0C | state=FAILSAFE
2026-03-17 00:15:15,251 [INFO] CPU critical counter: 22/10
2026-03-17 00:15:15,252 [INFO] STATUSTEXT [sev=2] CPU CRITICAL 95.2
2026-03-17 00:15:15,252 [INFO] CPU=95.2% RAM=31.7% DISK=56.6% CPU_T=65.2C GPU_T=0.0C | state=FAILSAFE
2026-03-17 00:15:16,298 [INFO] CPU critical counter: 23/10
2026-03-17 00:15:16,299 [INFO] STATUSTEXT [sev=2] CPU CRITICAL 95.2
2026-03-17 00:15:16,299 [INFO] CPU=95.2% RAM=31.7% DISK=56.6% CPU_T=65.6C GPU_T=0.0C | state=FAILSAFE
2026-03-17 00:15:17,335 [INFO] CPU critical counter: 24/10
2026-03-17 00:15:17,336 [INFO] STATUSTEXT [sev=2] CPU CRITICAL 95.0
2026-03-17 00:15:17,336 [INFO] CPU=95.0% RAM=31.7% DISK=56.6% CPU_T=65.2C GPU_T=0.0C | state=FAILSAFE
2026-03-17 00:15:18,382 [INFO] CPU critical counter: 25/10
2026-03-17 00:15:18,383 [INFO] STATUSTEXT [sev=2] CPU CRITICAL 94.8
2026-03-17 00:15:18,383 [INFO] CPU=94.8% RAM=31.7% DISK=56.6% CPU_T=65.0C GPU_T=0.0C | state=FAILSAFE
2026-03-17 00:15:19,430 [INFO] CPU critical counter: 26/10
2026-03-17 00:15:19,430 [INFO] STATUSTEXT [sev=2] CPU CRITICAL 94.8
2026-03-17 00:15:19,431 [INFO] CPU=94.8% RAM=31.7% DISK=56.7% CPU_T=64.6C GPU_T=0.0C | state=FAILSAFE
2026-03-17 00:15:20,527 [INFO] CPU critical counter: 27/10
2026-03-17 00:15:20,528 [INFO] STATUSTEXT [sev=2] CPU CRITICAL 94.9
2026-03-17 00:15:20,528 [INFO] CPU=94.9% RAM=31.7% DISK=56.7% CPU_T=65.0C GPU_T=0.0C | state=FAILSAFE
2026-03-17 00:15:21,575 [INFO] CPU critical counter: 28/10
2026-03-17 00:15:21,576 [INFO] STATUSTEXT [sev=2] CPU CRITICAL 95.1
2026-03-17 00:15:21,576 [INFO] CPU=95.1% RAM=31.6% DISK=56.7% CPU_T=65.0C GPU_T=0.0C | state=FAILSAFE
2026-03-17 00:15:22,619 [INFO] CPU critical counter: 29/10
2026-03-17 00:15:22,620 [INFO] STATUSTEXT [sev=2] CPU CRITICAL 95.3
2026-03-17 00:15:22,623 [INFO] CPU=95.3% RAM=31.6% DISK=56.7% CPU_T=65.4C GPU_T=0.0C | state=FAILSAFE
2026-03-17 00:15:23,671 [INFO] CPU critical counter: 30/10
2026-03-17 00:15:23,672 [INFO] STATUSTEXT [sev=2] CPU CRITICAL 95.4
2026-03-17 00:15:23,672 [INFO] CPU=95.4% RAM=31.6% DISK=56.7% CPU_T=65.2C GPU_T=0.0C | state=FAILSAFE
2026-03-17 00:15:24,713 [INFO] STATUSTEXT [sev=3] CPU HIGH 86.1
2026-03-17 00:15:24,714 [WARNING] CPU entered HIGH (avg=86.1)
2026-03-17 00:15:24,714 [INFO] CPU=86.1% RAM=31.6% DISK=56.7% CPU_T=65.6C GPU_T=0.0C | state=FAILSAFE
2026-03-17 00:15:25,777 [INFO] CPU returned to NOMINAL
2026-03-17 00:15:25,777 [INFO] CPU=68.4% RAM=31.6% DISK=56.7% CPU_T=65.0C GPU_T=0.0C | state=FAILSAFE
2026-03-17 00:15:25,795 [INFO] Recovery counter: 1/5
2026-03-17 00:15:26,846 [INFO] CPU=50.8% RAM=31.6% DISK=56.7% CPU_T=64.4C GPU_T=0.0C | state=FAILSAFE
2026-03-17 00:15:26,863 [INFO] Recovery counter: 2/5
2026-03-17 00:15:27,886 [INFO] CPU=33.2% RAM=31.6% DISK=56.7% CPU_T=64.0C GPU_T=0.0C | state=FAILSAFE
2026-03-17 00:15:27,902 [INFO] Recovery counter: 3/5
2026-03-17 00:15:28,918 [INFO] CPU=15.6% RAM=31.6% DISK=56.7% CPU_T=64.0C GPU_T=0.0C | state=FAILSAFE
2026-03-17 00:15:28,937 [INFO] Recovery counter: 4/5
2026-03-17 00:15:29,955 [INFO] CPU=7.6% RAM=31.6% DISK=56.7% CPU_T=63.6C GPU_T=0.0C | state=FAILSAFE
2026-03-17 00:15:29,977 [INFO] Recovery counter: 5/5
2026-03-17 00:15:29,977 [INFO] System recovered -> restoring mode: STABILIZE
2026-03-17 00:15:29,977 [INFO] STATUSTEXT [sev=6] COMPANION RECOVERED
2026-03-17 00:15:31,024 [INFO] CPU=8.3% RAM=31.6% DISK=56.7% CPU_T=64.2C GPU_T=0.0C | state=NOMINAL
2026-03-17 00:15:32,086 [INFO] CPU=8.8% RAM=31.6% DISK=56.7% CPU_T=64.4C GPU_T=0.0C | state=NOMINAL
2026-03-17 00:15:33,144 [INFO] CPU=9.2% RAM=31.6% DISK=56.7% CPU_T=64.2C GPU_T=0.0C | state=NOMINAL
2026-03-17 00:15:34,172 [INFO] CPU=9.2% RAM=31.6% DISK=56.7% CPU_T=64.2C GPU_T=0.0C | state=NOMINAL
2026-03-17 00:15:35,206 [INFO] CPU=9.9% RAM=31.6% DISK=56.7% CPU_T=64.4C GPU_T=0.0C | state=NOMINAL
2026-03-17 00:15:36,271 [INFO] CPU=9.5% RAM=31.7% DISK=56.7% CPU_T=64.0C GPU_T=0.0C | state=NOMINAL
2026-03-17 00:15:37,329 [INFO] CPU=9.4% RAM=31.7% DISK=56.7% CPU_T=64.4C GPU_T=0.0C | state=NOMINAL
2026-03-17 00:15:38,386 [INFO] CPU=10.6% RAM=31.6% DISK=56.7% CPU_T=64.6C GPU_T=0.0C | state=NOMINAL
2026-03-17 00:15:39,415 [INFO] CPU=11.3% RAM=31.6% DISK=56.7% CPU_T=64.6C GPU_T=0.0C | state=NOMINAL
2026-03-17 00:15:40,445 [INFO] CPU=10.9% RAM=31.6% DISK=56.7% CPU_T=64.4C GPU_T=0.0C | state=NOMINAL
2026-03-17 00:15:41,486 [INFO] CPU=11.3% RAM=31.6% DISK=56.8% CPU_T=64.6C GPU_T=0.0C | state=NOMINAL
2026-03-17 00:15:42,513 [INFO] CPU=11.5% RAM=31.6% DISK=56.8% CPU_T=66.2C GPU_T=0.0C | state=NOMINAL
2026-03-17 00:15:43,538 [INFO] CPU=10.6% RAM=31.6% DISK=56.8% CPU_T=66.4C GPU_T=0.0C | state=NOMINAL
2026-03-17 00:15:44,567 [INFO] CPU=10.1% RAM=31.6% DISK=56.8% CPU_T=66.2C GPU_T=0.0C | state=NOMINAL
2026-03-17 00:15:45,599 [INFO] CPU=9.9% RAM=31.6% DISK=56.8% CPU_T=66.2C GPU_T=0.0C | state=NOMINAL
2026-03-17 00:15:46,636 [INFO] CPU=9.6% RAM=31.6% DISK=56.8% CPU_T=65.8C GPU_T=0.0C | state=NOMINAL
2026-03-17 00:15:47,669 [INFO] CPU=9.4% RAM=31.6% DISK=56.8% CPU_T=63.6C GPU_T=0.0C | state=NOMINAL
2026-03-17 00:15:48,700 [INFO] CPU=9.2% RAM=31.6% DISK=56.8% CPU_T=63.2C GPU_T=0.0C | state=NOMINAL
2026-03-17 00:15:49,743 [INFO] CPU=9.4% RAM=31.6% DISK=56.8% CPU_T=63.2C GPU_T=0.0C | state=NOMINAL
2026-03-17 00:15:50,772 [INFO] CPU=10.0% RAM=31.6% DISK=56.8% CPU_T=63.0C GPU_T=0.0C | state=NOMINAL
2026-03-17 00:15:51,804 [INFO] CPU=10.2% RAM=31.6% DISK=56.8% CPU_T=63.2C GPU_T=0.0C | state=NOMINAL
2026-03-17 00:15:52,833 [INFO] CPU=9.8% RAM=31.6% DISK=56.8% CPU_T=63.2C GPU_T=0.0C | state=NOMINAL
2026-03-17 00:15:52,972 [INFO] Monitor stopped by user.
2026-03-17 00:15:52,973 [INFO] Heartbeat thread stopped.
2026-03-17 00:21:43,225 [INFO] Waiting for heartbeat...
2026-03-17 00:21:43,382 [INFO] Connected to vehicle (sysid=1 compid=0)
2026-03-17 00:21:43,382 [INFO] Heartbeat thread started (interval=1s)
2026-03-17 00:21:43,382 [INFO] Watchdog active for: ['qrtest1']
2026-03-17 00:21:43,384 [INFO] vcgencmd unavailable — GPU memory info skipped.
2026-03-17 00:21:43,384 [INFO] Starting Companion Health Monitor | failsafe_after=10s recovery_after=5s statustext_crit=1s statustext_normal=3s
2026-03-17 00:21:43,397 [INFO] CPU=7.6% RAM=32.1% DISK=56.6% CPU_T=63.0C GPU_T=0.0C | state=NOMINAL
2026-03-17 00:21:44,432 [INFO] CPU=7.8% RAM=32.0% DISK=56.6% CPU_T=63.5C GPU_T=0.0C | state=NOMINAL
2026-03-17 00:21:45,463 [INFO] CPU=8.0% RAM=32.0% DISK=56.6% CPU_T=63.0C GPU_T=0.0C | state=NOMINAL
2026-03-17 00:21:46,500 [INFO] CPU=8.1% RAM=32.0% DISK=56.6% CPU_T=62.8C GPU_T=0.0C | state=NOMINAL
2026-03-17 00:21:47,545 [INFO] CPU=8.4% RAM=32.0% DISK=56.6% CPU_T=62.8C GPU_T=0.0C | state=NOMINAL
2026-03-17 00:21:48,610 [INFO] CPU=8.6% RAM=32.0% DISK=56.6% CPU_T=62.8C GPU_T=0.0C | state=NOMINAL
2026-03-17 00:21:49,654 [INFO] CPU=8.9% RAM=32.0% DISK=56.6% CPU_T=62.4C GPU_T=0.0C | state=NOMINAL
2026-03-17 00:21:50,693 [INFO] CPU=9.1% RAM=32.0% DISK=56.6% CPU_T=62.8C GPU_T=0.0C | state=NOMINAL
2026-03-17 00:21:51,734 [INFO] CPU=9.2% RAM=32.0% DISK=56.6% CPU_T=62.8C GPU_T=0.0C | state=NOMINAL
2026-03-17 00:21:52,770 [INFO] CPU=9.0% RAM=32.0% DISK=56.6% CPU_T=62.6C GPU_T=0.0C | state=NOMINAL
2026-03-17 00:21:53,833 [INFO] CPU=9.3% RAM=32.0% DISK=56.6% CPU_T=62.6C GPU_T=0.0C | state=NOMINAL
2026-03-17 00:21:54,893 [INFO] CPU=9.3% RAM=32.0% DISK=56.6% CPU_T=63.0C GPU_T=0.0C | state=NOMINAL
2026-03-17 00:21:55,930 [INFO] CPU=9.1% RAM=32.0% DISK=56.6% CPU_T=62.8C GPU_T=0.0C | state=NOMINAL
2026-03-17 00:21:56,962 [INFO] CPU=9.4% RAM=32.0% DISK=56.6% CPU_T=62.8C GPU_T=0.0C | state=NOMINAL
2026-03-17 00:21:57,996 [INFO] CPU=10.5% RAM=32.0% DISK=56.6% CPU_T=63.2C GPU_T=0.0C | state=NOMINAL
2026-03-17 00:21:59,046 [INFO] CPU=11.3% RAM=32.0% DISK=56.6% CPU_T=63.2C GPU_T=0.0C | state=NOMINAL
2026-03-17 00:22:00,075 [INFO] CPU=11.8% RAM=32.0% DISK=56.6% CPU_T=63.0C GPU_T=0.0C | state=NOMINAL
2026-03-17 00:22:01,105 [INFO] CPU=11.8% RAM=32.1% DISK=56.6% CPU_T=63.0C GPU_T=0.0C | state=NOMINAL
2026-03-17 00:22:02,144 [INFO] CPU=11.5% RAM=32.1% DISK=56.6% CPU_T=63.0C GPU_T=0.0C | state=NOMINAL
2026-03-17 00:22:03,207 [INFO] CPU=10.4% RAM=32.1% DISK=56.6% CPU_T=62.6C GPU_T=0.0C | state=NOMINAL
2026-03-17 00:22:04,260 [INFO] CPU=9.5% RAM=32.1% DISK=56.6% CPU_T=65.4C GPU_T=0.0C | state=NOMINAL
2026-03-17 00:22:05,282 [INFO] CPU=9.5% RAM=32.1% DISK=56.6% CPU_T=67.8C GPU_T=0.0C | state=NOMINAL
2026-03-17 00:22:06,309 [INFO] STATUSTEXT [sev=4] CPU_TEMP WARNING 70.8
2026-03-17 00:22:06,309 [INFO] CPU_TEMP entered WARNING (avg=70.8)
2026-03-17 00:22:06,309 [INFO] CPU=10.2% RAM=32.1% DISK=56.6% CPU_T=70.8C GPU_T=0.0C | state=NOMINAL
2026-03-17 00:22:07,336 [INFO] CPU=11.6% RAM=32.0% DISK=56.6% CPU_T=72.0C GPU_T=0.0C | state=NOMINAL
2026-03-17 00:22:08,362 [INFO] CPU=13.9% RAM=32.0% DISK=56.6% CPU_T=73.0C GPU_T=0.0C | state=NOMINAL
2026-03-17 00:22:09,409 [INFO] CPU=16.1% RAM=32.0% DISK=56.6% CPU_T=71.4C GPU_T=0.0C | state=NOMINAL
2026-03-17 00:22:10,438 [INFO] CPU=17.9% RAM=32.0% DISK=56.6% CPU_T=70.2C GPU_T=0.0C | state=NOMINAL
2026-03-17 00:22:11,462 [INFO] CPU_TEMP returned to NOMINAL
2026-03-17 00:22:11,462 [INFO] CPU=19.6% RAM=32.0% DISK=56.6% CPU_T=68.4C GPU_T=0.0C | state=NOMINAL
2026-03-17 00:22:12,486 [INFO] CPU=22.0% RAM=32.0% DISK=56.6% CPU_T=67.8C GPU_T=0.0C | state=NOMINAL
2026-03-17 00:22:13,514 [INFO] CPU=23.7% RAM=32.0% DISK=56.6% CPU_T=67.4C GPU_T=0.0C | state=NOMINAL
2026-03-17 00:22:14,567 [INFO] CPU=25.4% RAM=32.0% DISK=56.6% CPU_T=66.8C GPU_T=0.0C | state=NOMINAL
2026-03-17 00:22:15,623 [INFO] CPU=28.3% RAM=32.0% DISK=56.6% CPU_T=66.0C GPU_T=0.0C | state=NOMINAL
2026-03-17 00:22:16,665 [INFO] CPU=31.8% RAM=32.0% DISK=56.6% CPU_T=65.2C GPU_T=0.0C | state=NOMINAL
2026-03-17 00:22:17,704 [INFO] CPU=35.2% RAM=32.0% DISK=56.6% CPU_T=65.2C GPU_T=0.0C | state=NOMINAL
2026-03-17 00:22:18,743 [INFO] CPU=38.8% RAM=32.0% DISK=56.6% CPU_T=65.2C GPU_T=0.0C | state=NOMINAL
2026-03-17 00:22:19,769 [INFO] CPU=43.7% RAM=32.0% DISK=56.6% CPU_T=65.0C GPU_T=0.0C | state=NOMINAL
2026-03-17 00:22:20,811 [INFO] CPU=47.9% RAM=32.0% DISK=56.6% CPU_T=65.0C GPU_T=0.0C | state=NOMINAL
2026-03-17 00:22:21,854 [INFO] CPU=52.6% RAM=32.1% DISK=56.6% CPU_T=65.2C GPU_T=0.0C | state=NOMINAL
2026-03-17 00:22:22,896 [INFO] CPU=54.9% RAM=32.1% DISK=56.6% CPU_T=65.4C GPU_T=0.0C | state=NOMINAL
2026-03-17 00:22:23,938 [INFO] CPU=56.4% RAM=32.1% DISK=56.6% CPU_T=65.4C GPU_T=0.0C | state=NOMINAL
2026-03-17 00:22:24,975 [INFO] CPU=56.5% RAM=32.0% DISK=56.6% CPU_T=65.6C GPU_T=0.0C | state=NOMINAL
2026-03-17 00:22:26,017 [INFO] CPU=55.9% RAM=32.0% DISK=56.6% CPU_T=65.6C GPU_T=0.0C | state=NOMINAL
2026-03-17 00:22:27,058 [INFO] CPU=54.4% RAM=32.0% DISK=56.6% CPU_T=65.4C GPU_T=0.0C | state=NOMINAL
2026-03-17 00:22:28,099 [INFO] CPU=54.2% RAM=32.0% DISK=56.6% CPU_T=65.2C GPU_T=0.0C | state=NOMINAL
2026-03-17 00:22:29,139 [INFO] CPU=54.1% RAM=32.0% DISK=56.6% CPU_T=65.6C GPU_T=0.0C | state=NOMINAL
2026-03-17 00:22:30,178 [INFO] CPU=54.2% RAM=32.0% DISK=56.6% CPU_T=65.4C GPU_T=0.0C | state=NOMINAL
2026-03-17 00:22:31,219 [INFO] CPU=54.2% RAM=32.0% DISK=56.6% CPU_T=65.0C GPU_T=0.0C | state=NOMINAL
2026-03-17 00:22:32,262 [INFO] CPU=55.1% RAM=32.0% DISK=56.6% CPU_T=65.2C GPU_T=0.0C | state=NOMINAL
2026-03-17 00:22:33,309 [INFO] CPU=56.1% RAM=32.0% DISK=56.6% CPU_T=65.4C GPU_T=0.0C | state=NOMINAL
2026-03-17 00:22:34,381 [INFO] CPU=56.7% RAM=32.0% DISK=56.6% CPU_T=65.2C GPU_T=0.0C | state=NOMINAL
2026-03-17 00:22:35,428 [INFO] CPU=59.1% RAM=32.0% DISK=56.6% CPU_T=65.0C GPU_T=0.0C | state=NOMINAL
2026-03-17 00:22:36,469 [INFO] CPU=63.8% RAM=32.0% DISK=56.6% CPU_T=65.2C GPU_T=0.0C | state=NOMINAL
2026-03-17 00:22:37,522 [INFO] CPU=69.9% RAM=32.0% DISK=56.6% CPU_T=65.2C GPU_T=0.0C | state=NOMINAL
2026-03-17 00:22:38,566 [INFO] STATUSTEXT [sev=4] CPU WARNING 76.2
2026-03-17 00:22:38,567 [INFO] CPU entered WARNING (avg=76.2)
2026-03-17 00:22:38,568 [INFO] CPU=76.2% RAM=32.0% DISK=56.6% CPU_T=64.8C GPU_T=0.0C | state=NOMINAL
2026-03-17 00:22:39,636 [INFO] STATUSTEXT [sev=3] CPU HIGH 82.3
2026-03-17 00:22:39,636 [WARNING] CPU entered HIGH (avg=82.3)
2026-03-17 00:22:39,636 [INFO] CPU=82.3% RAM=32.0% DISK=56.6% CPU_T=64.8C GPU_T=0.0C | state=NOMINAL
2026-03-17 00:22:40,732 [INFO] STATUSTEXT [sev=3] CPU HIGH 86.6
2026-03-17 00:22:40,732 [INFO] CPU=86.6% RAM=32.0% DISK=56.6% CPU_T=65.0C GPU_T=0.0C | state=NOMINAL
2026-03-17 00:22:41,777 [INFO] STATUSTEXT [sev=3] CPU HIGH 88.7
2026-03-17 00:22:41,778 [INFO] CPU=88.7% RAM=32.0% DISK=56.6% CPU_T=65.4C GPU_T=0.0C | state=NOMINAL
2026-03-17 00:22:42,826 [INFO] STATUSTEXT [sev=3] CPU HIGH 88.4
2026-03-17 00:22:42,827 [INFO] CPU=88.4% RAM=32.0% DISK=56.6% CPU_T=64.8C GPU_T=0.0C | state=NOMINAL
2026-03-17 00:22:43,867 [INFO] STATUSTEXT [sev=3] CPU HIGH 87.9
2026-03-17 00:22:43,867 [INFO] CPU=87.9% RAM=32.0% DISK=56.6% CPU_T=64.8C GPU_T=0.0C | state=NOMINAL
2026-03-17 00:22:44,942 [INFO] STATUSTEXT [sev=3] CPU HIGH 88.6
2026-03-17 00:22:44,942 [INFO] CPU=88.6% RAM=32.0% DISK=56.6% CPU_T=64.8C GPU_T=0.0C | state=NOMINAL
2026-03-17 00:22:46,013 [INFO] STATUSTEXT [sev=3] CPU HIGH 88.7
2026-03-17 00:22:46,014 [INFO] CPU=88.7% RAM=32.0% DISK=56.6% CPU_T=65.0C GPU_T=0.0C | state=NOMINAL
2026-03-17 00:22:47,093 [INFO] STATUSTEXT [sev=3] CPU HIGH 89.0
2026-03-17 00:22:47,094 [INFO] CPU=89.0% RAM=32.0% DISK=56.6% CPU_T=65.0C GPU_T=0.0C | state=NOMINAL
2026-03-17 00:22:48,131 [INFO] STATUSTEXT [sev=3] CPU HIGH 88.7
2026-03-17 00:22:48,132 [INFO] CPU=88.7% RAM=32.0% DISK=56.6% CPU_T=65.2C GPU_T=0.0C | state=NOMINAL
2026-03-17 00:22:49,173 [INFO] STATUSTEXT [sev=3] CPU HIGH 88.6
2026-03-17 00:22:49,174 [INFO] CPU=88.6% RAM=32.0% DISK=56.6% CPU_T=65.2C GPU_T=0.0C | state=NOMINAL
2026-03-17 00:22:50,246 [INFO] STATUSTEXT [sev=3] CPU HIGH 89.4
2026-03-17 00:22:50,246 [INFO] CPU=89.4% RAM=32.0% DISK=56.6% CPU_T=64.8C GPU_T=0.0C | state=NOMINAL
2026-03-17 00:22:51,341 [WARNING] CPU entered CRITICAL (avg=91.0)
2026-03-17 00:22:51,342 [INFO] CPU critical counter: 1/10
2026-03-17 00:22:51,344 [INFO] STATUSTEXT [sev=2] CPU CRITICAL 91.0
2026-03-17 00:22:51,345 [INFO] CPU=91.0% RAM=32.0% DISK=56.6% CPU_T=64.8C GPU_T=0.0C | state=NOMINAL
2026-03-17 00:22:52,406 [INFO] CPU critical counter: 2/10
2026-03-17 00:22:52,407 [INFO] STATUSTEXT [sev=2] CPU CRITICAL 92.0
2026-03-17 00:22:52,407 [INFO] CPU=92.0% RAM=32.0% DISK=56.6% CPU_T=64.8C GPU_T=0.0C | state=NOMINAL
2026-03-17 00:22:53,448 [INFO] CPU critical counter: 3/10
2026-03-17 00:22:53,449 [INFO] STATUSTEXT [sev=2] CPU CRITICAL 93.6
2026-03-17 00:22:53,449 [INFO] CPU=93.6% RAM=32.0% DISK=56.6% CPU_T=65.2C GPU_T=0.0C | state=NOMINAL
2026-03-17 00:22:54,494 [INFO] CPU critical counter: 4/10
2026-03-17 00:22:54,495 [INFO] STATUSTEXT [sev=2] CPU CRITICAL 94.9
2026-03-17 00:22:54,495 [INFO] CPU=94.9% RAM=32.0% DISK=56.6% CPU_T=65.6C GPU_T=0.0C | state=NOMINAL
2026-03-17 00:22:55,534 [INFO] CPU critical counter: 5/10
2026-03-17 00:22:55,535 [INFO] STATUSTEXT [sev=2] CPU CRITICAL 94.9
2026-03-17 00:22:55,535 [INFO] CPU=94.9% RAM=32.0% DISK=56.6% CPU_T=66.0C GPU_T=0.0C | state=NOMINAL
2026-03-17 00:22:56,605 [INFO] CPU critical counter: 6/10
2026-03-17 00:22:56,606 [INFO] STATUSTEXT [sev=2] CPU CRITICAL 94.6
2026-03-17 00:22:56,606 [INFO] CPU=94.6% RAM=32.0% DISK=56.6% CPU_T=66.0C GPU_T=0.0C | state=NOMINAL
2026-03-17 00:22:57,650 [INFO] CPU critical counter: 7/10
2026-03-17 00:22:57,650 [INFO] STATUSTEXT [sev=2] CPU CRITICAL 94.5
2026-03-17 00:22:57,651 [INFO] CPU=94.5% RAM=32.0% DISK=56.6% CPU_T=66.0C GPU_T=0.0C | state=NOMINAL
2026-03-17 00:22:58,703 [INFO] CPU critical counter: 8/10
2026-03-17 00:22:58,703 [INFO] STATUSTEXT [sev=2] CPU CRITICAL 94.2
2026-03-17 00:22:58,703 [INFO] CPU=94.2% RAM=32.0% DISK=56.6% CPU_T=66.0C GPU_T=0.0C | state=NOMINAL
2026-03-17 00:22:59,757 [INFO] CPU critical counter: 9/10
2026-03-17 00:22:59,757 [INFO] STATUSTEXT [sev=2] CPU CRITICAL 94.3
2026-03-17 00:22:59,758 [INFO] CPU=94.3% RAM=32.0% DISK=56.6% CPU_T=65.6C GPU_T=0.0C | state=NOMINAL
2026-03-17 00:23:00,797 [INFO] CPU critical counter: 10/10
2026-03-17 00:23:00,798 [INFO] STATUSTEXT [sev=2] CPU CRITICAL 94.3
2026-03-17 00:23:00,798 [WARNING] FAILSAFE TRIGGERED -> RTL | reason=CPU | previous_mode=STABILIZE
2026-03-17 00:23:00,798 [INFO] STATUSTEXT [sev=2] COMPANION FAILSAFE: CPU
2026-03-17 00:23:00,809 [INFO] RTL ACK: ACCEPTED by vehicle (result=0)
2026-03-17 00:23:00,809 [INFO] CPU=94.3% RAM=32.0% DISK=56.6% CPU_T=65.6C GPU_T=0.0C | state=FAILSAFE
2026-03-17 00:23:01,874 [INFO] CPU critical counter: 11/10
2026-03-17 00:23:01,875 [INFO] STATUSTEXT [sev=2] CPU CRITICAL 94.3
2026-03-17 00:23:01,876 [INFO] CPU=94.3% RAM=32.0% DISK=56.6% CPU_T=65.6C GPU_T=0.0C | state=FAILSAFE
2026-03-17 00:23:02,925 [INFO] CPU critical counter: 12/10
2026-03-17 00:23:02,925 [INFO] STATUSTEXT [sev=2] CPU CRITICAL 94.3
2026-03-17 00:23:02,925 [INFO] CPU=94.3% RAM=32.0% DISK=56.6% CPU_T=65.6C GPU_T=0.0C | state=FAILSAFE
2026-03-17 00:23:03,968 [INFO] CPU critical counter: 13/10
2026-03-17 00:23:03,969 [INFO] STATUSTEXT [sev=2] CPU CRITICAL 94.7
2026-03-17 00:23:03,969 [INFO] CPU=94.7% RAM=32.0% DISK=56.6% CPU_T=65.6C GPU_T=0.0C | state=FAILSAFE
2026-03-17 00:23:05,014 [INFO] CPU critical counter: 14/10
2026-03-17 00:23:05,015 [INFO] STATUSTEXT [sev=2] CPU CRITICAL 95.3
2026-03-17 00:23:05,016 [INFO] CPU=95.3% RAM=32.0% DISK=56.6% CPU_T=66.2C GPU_T=0.0C | state=FAILSAFE
2026-03-17 00:23:06,059 [INFO] CPU critical counter: 15/10
2026-03-17 00:23:06,060 [INFO] STATUSTEXT [sev=2] CPU CRITICAL 95.9
2026-03-17 00:23:06,060 [INFO] CPU=95.9% RAM=32.0% DISK=56.6% CPU_T=66.2C GPU_T=0.0C | state=FAILSAFE
2026-03-17 00:23:07,099 [INFO] CPU critical counter: 16/10
2026-03-17 00:23:07,100 [INFO] STATUSTEXT [sev=2] CPU CRITICAL 96.2
2026-03-17 00:23:07,101 [INFO] CPU=96.2% RAM=32.0% DISK=56.6% CPU_T=66.2C GPU_T=0.0C | state=FAILSAFE
2026-03-17 00:23:08,150 [INFO] CPU critical counter: 17/10
2026-03-17 00:23:08,151 [INFO] STATUSTEXT [sev=2] CPU CRITICAL 96.7
2026-03-17 00:23:08,151 [INFO] CPU=96.7% RAM=32.0% DISK=56.6% CPU_T=66.6C GPU_T=0.0C | state=FAILSAFE
2026-03-17 00:23:09,189 [INFO] CPU critical counter: 18/10
2026-03-17 00:23:09,191 [INFO] STATUSTEXT [sev=2] CPU CRITICAL 96.7
2026-03-17 00:23:09,192 [INFO] CPU=96.7% RAM=32.0% DISK=56.6% CPU_T=66.6C GPU_T=0.0C | state=FAILSAFE
2026-03-17 00:23:10,231 [INFO] CPU critical counter: 19/10
2026-03-17 00:23:10,232 [INFO] STATUSTEXT [sev=2] CPU CRITICAL 96.1
2026-03-17 00:23:10,233 [INFO] CPU=96.1% RAM=32.0% DISK=56.6% CPU_T=66.4C GPU_T=0.0C | state=FAILSAFE
2026-03-17 00:23:11,276 [INFO] CPU critical counter: 20/10
2026-03-17 00:23:11,277 [INFO] STATUSTEXT [sev=2] CPU CRITICAL 96.0
2026-03-17 00:23:11,280 [INFO] CPU=96.0% RAM=32.0% DISK=56.6% CPU_T=66.4C GPU_T=0.0C | state=FAILSAFE
2026-03-17 00:23:12,326 [INFO] CPU critical counter: 21/10
2026-03-17 00:23:12,327 [INFO] STATUSTEXT [sev=2] CPU CRITICAL 96.1
2026-03-17 00:23:12,327 [INFO] CPU=96.1% RAM=32.0% DISK=56.6% CPU_T=66.8C GPU_T=0.0C | state=FAILSAFE
2026-03-17 00:23:13,372 [INFO] CPU critical counter: 22/10
2026-03-17 00:23:13,373 [INFO] STATUSTEXT [sev=2] CPU CRITICAL 95.6
2026-03-17 00:23:13,373 [INFO] CPU=95.6% RAM=32.0% DISK=56.6% CPU_T=66.4C GPU_T=0.0C | state=FAILSAFE
2026-03-17 00:23:14,445 [INFO] CPU critical counter: 23/10
2026-03-17 00:23:14,446 [INFO] STATUSTEXT [sev=2] CPU CRITICAL 93.5
2026-03-17 00:23:14,447 [INFO] CPU=93.5% RAM=32.0% DISK=56.6% CPU_T=66.4C GPU_T=0.0C | state=FAILSAFE
2026-03-17 00:23:15,493 [INFO] STATUSTEXT [sev=4] CPU WARNING 76.2
2026-03-17 00:23:15,494 [INFO] CPU entered WARNING (avg=76.2)
2026-03-17 00:23:15,494 [INFO] CPU=76.2% RAM=32.0% DISK=56.6% CPU_T=66.4C GPU_T=0.0C | state=FAILSAFE
2026-03-17 00:23:16,526 [INFO] CPU returned to NOMINAL
2026-03-17 00:23:16,526 [INFO] CPU=58.9% RAM=32.0% DISK=56.6% CPU_T=66.4C GPU_T=0.0C | state=FAILSAFE
2026-03-17 00:23:16,539 [INFO] Recovery counter: 1/5
2026-03-17 00:23:17,560 [INFO] CPU=42.5% RAM=32.0% DISK=56.6% CPU_T=66.0C GPU_T=0.0C | state=FAILSAFE
2026-03-17 00:23:17,583 [INFO] Recovery counter: 2/5
2026-03-17 00:23:18,601 [INFO] CPU=25.3% RAM=32.0% DISK=56.6% CPU_T=66.0C GPU_T=0.0C | state=FAILSAFE
2026-03-17 00:23:18,619 [INFO] Recovery counter: 3/5
2026-03-17 00:23:19,636 [INFO] CPU=10.2% RAM=32.0% DISK=56.6% CPU_T=66.0C GPU_T=0.0C | state=FAILSAFE
2026-03-17 00:23:19,659 [INFO] Recovery counter: 4/5
2026-03-17 00:23:20,706 [INFO] CPU=10.2% RAM=32.0% DISK=56.6% CPU_T=66.0C GPU_T=0.0C | state=FAILSAFE
2026-03-17 00:23:20,731 [INFO] Recovery counter: 5/5
2026-03-17 00:23:20,731 [INFO] System recovered -> restoring mode: STABILIZE
2026-03-17 00:23:20,732 [INFO] STATUSTEXT [sev=6] COMPANION RECOVERED
2026-03-17 00:23:20,737 [INFO] RECOVER ACK: mode 'STABILIZE' ACCEPTED by vehicle
2026-03-17 00:23:20,738 [INFO] STATUSTEXT [sev=6] MODE RESTORED: STABILIZE
2026-03-17 00:23:21,754 [INFO] CPU=10.5% RAM=32.0% DISK=56.6% CPU_T=66.2C GPU_T=0.0C | state=NOMINAL
2026-03-17 00:23:22,788 [INFO] CPU=10.0% RAM=32.0% DISK=56.6% CPU_T=66.2C GPU_T=0.0C | state=NOMINAL
2026-03-17 00:23:23,821 [INFO] CPU=10.2% RAM=32.0% DISK=56.6% CPU_T=66.2C GPU_T=0.0C | state=NOMINAL
2026-03-17 00:23:24,859 [INFO] CPU=9.9% RAM=32.0% DISK=56.6% CPU_T=66.2C GPU_T=0.0C | state=NOMINAL
2026-03-17 00:23:25,916 [INFO] CPU=9.5% RAM=32.0% DISK=56.6% CPU_T=66.2C GPU_T=0.0C | state=NOMINAL
2026-03-17 00:23:26,946 [INFO] CPU=8.5% RAM=32.0% DISK=56.6% CPU_T=65.6C GPU_T=0.0C | state=NOMINAL
2026-03-17 00:23:27,991 [INFO] CPU=7.6% RAM=32.0% DISK=56.6% CPU_T=65.0C GPU_T=0.0C | state=NOMINAL
2026-03-17 00:23:29,016 [INFO] CPU=7.3% RAM=32.0% DISK=56.6% CPU_T=67.6C GPU_T=0.0C | state=NOMINAL
2026-03-17 00:23:30,069 [INFO] CPU=7.7% RAM=32.0% DISK=56.6% CPU_T=67.6C GPU_T=0.0C | state=NOMINAL
2026-03-17 00:23:31,137 [INFO] CPU=8.1% RAM=32.0% DISK=56.6% CPU_T=67.6C GPU_T=0.0C | state=NOMINAL
2026-03-17 00:23:32,178 [INFO] CPU=8.3% RAM=32.0% DISK=56.6% CPU_T=67.8C GPU_T=0.0C | state=NOMINAL
2026-03-17 00:23:33,214 [INFO] CPU=8.4% RAM=32.0% DISK=56.6% CPU_T=68.0C GPU_T=0.0C | state=NOMINAL
2026-03-17 00:23:34,248 [INFO] CPU=8.4% RAM=32.0% DISK=56.6% CPU_T=65.2C GPU_T=0.0C | state=NOMINAL
2026-03-17 00:23:35,286 [INFO] CPU=8.1% RAM=32.0% DISK=56.6% CPU_T=64.8C GPU_T=0.0C | state=NOMINAL
2026-03-17 00:23:36,343 [INFO] CPU=8.2% RAM=32.0% DISK=56.6% CPU_T=64.2C GPU_T=0.0C | state=NOMINAL
2026-03-17 00:23:36,866 [INFO] Monitor stopped by user.
2026-03-17 00:23:36,866 [INFO] Heartbeat thread stopped.
2026-03-17 01:10:40,152 [INFO] Waiting for heartbeat...
2026-03-17 01:10:40,778 [INFO] Connected to vehicle (sysid=1 compid=0)
2026-03-17 01:10:40,778 [INFO] Heartbeat thread started (interval=1s)
2026-03-17 01:10:40,779 [INFO] Watchdog active for: ['qrtest1']
2026-03-17 01:10:40,780 [INFO] vcgencmd unavailable — GPU memory info skipped.
2026-03-17 01:10:40,780 [INFO] Starting Companion Health Monitor | failsafe_after=10s recovery_after=5s statustext_crit=1s statustext_normal=3s
2026-03-17 01:10:40,793 [INFO] CPU=1.4% RAM=21.9% DISK=56.6% CPU_T=64.0C GPU_T=0.0C | state=NOMINAL
2026-03-17 01:10:41,822 [INFO] CPU=1.1% RAM=21.9% DISK=56.6% CPU_T=63.5C GPU_T=0.0C | state=NOMINAL
2026-03-17 01:10:42,869 [INFO] CPU=1.0% RAM=21.9% DISK=56.6% CPU_T=63.3C GPU_T=0.0C | state=NOMINAL
2026-03-17 01:10:43,914 [INFO] CPU=1.0% RAM=21.9% DISK=56.6% CPU_T=63.0C GPU_T=0.0C | state=NOMINAL
2026-03-17 01:10:44,959 [INFO] CPU=1.0% RAM=21.9% DISK=56.6% CPU_T=62.8C GPU_T=0.0C | state=NOMINAL
2026-03-17 01:10:45,209 [INFO] Monitor stopped by user.
2026-03-17 01:10:45,209 [INFO] Heartbeat thread stopped.
2026-03-17 01:27:57,858 [INFO] Waiting for heartbeat...
2026-03-17 01:27:57,885 [INFO] Connected to vehicle (sysid=1 compid=0)
2026-03-17 01:27:57,885 [INFO] Heartbeat thread started (interval=1s)
2026-03-17 01:27:57,885 [INFO] Watchdog active for: ['qrtest1']
2026-03-17 01:27:57,886 [INFO] vcgencmd unavailable — GPU memory info skipped.
2026-03-17 01:27:57,887 [INFO] Starting Companion Health Monitor | failsafe_after=10s recovery_after=5s statustext_crit=1s statustext_normal=3s
2026-03-17 01:27:57,904 [INFO] CPU=9.1% RAM=22.9% DISK=56.6% CPU_T=62.0C GPU_T=0.0C | state=NOMINAL
2026-03-17 01:27:58,940 [INFO] CPU=5.2% RAM=22.9% DISK=56.6% CPU_T=62.0C GPU_T=0.0C | state=NOMINAL
2026-03-17 01:27:59,990 [INFO] CPU=4.0% RAM=22.9% DISK=56.6% CPU_T=62.0C GPU_T=0.0C | state=NOMINAL
2026-03-17 01:28:00,357 [INFO] Monitor stopped by user.
2026-03-17 01:28:00,358 [INFO] Heartbeat thread stopped.
2026-03-17 01:28:18,536 [INFO] Waiting for heartbeat...
2026-03-17 01:28:18,875 [INFO] Connected to vehicle (sysid=1 compid=0)
2026-03-17 01:28:18,875 [INFO] Heartbeat thread started (interval=1s)
2026-03-17 01:28:18,875 [INFO] Watchdog active for: ['qrtest1']
2026-03-17 01:28:18,877 [INFO] vcgencmd unavailable — GPU memory info skipped.
2026-03-17 01:28:18,877 [INFO] Starting Companion Health Monitor | failsafe_after=10s recovery_after=5s statustext_crit=1s statustext_normal=3s
2026-03-17 01:28:18,894 [INFO] CPU=2.5% RAM=25.0% DISK=56.6% CPU_T=62.0C GPU_T=0.0C | state=NOMINAL
2026-03-17 01:28:19,920 [INFO] CPU=2.0% RAM=25.1% DISK=56.6% CPU_T=62.5C GPU_T=0.0C | state=NOMINAL
2026-03-17 01:28:20,948 [INFO] CPU=2.9% RAM=25.2% DISK=56.6% CPU_T=62.7C GPU_T=0.0C | state=NOMINAL
2026-03-17 01:28:21,969 [INFO] CPU=2.7% RAM=25.2% DISK=56.6% CPU_T=62.8C GPU_T=0.0C | state=NOMINAL
2026-03-17 01:28:22,989 [INFO] CPU=3.5% RAM=25.3% DISK=56.6% CPU_T=65.2C GPU_T=0.0C | state=NOMINAL
2026-03-17 01:28:24,011 [INFO] CPU=6.4% RAM=25.4% DISK=56.6% CPU_T=66.4C GPU_T=0.0C | state=NOMINAL
2026-03-17 01:28:25,037 [INFO] CPU=12.2% RAM=25.4% DISK=56.6% CPU_T=66.8C GPU_T=0.0C | state=NOMINAL
2026-03-17 01:28:26,075 [INFO] CPU=19.8% RAM=25.4% DISK=56.6% CPU_T=67.0C GPU_T=0.0C | state=NOMINAL
2026-03-17 01:28:27,135 [INFO] CPU=30.4% RAM=25.4% DISK=56.6% CPU_T=67.2C GPU_T=0.0C | state=NOMINAL
2026-03-17 01:28:28,197 [INFO] CPU=42.3% RAM=25.4% DISK=56.6% CPU_T=65.2C GPU_T=0.0C | state=NOMINAL
2026-03-17 01:28:29,247 [INFO] CPU=54.7% RAM=25.5% DISK=56.6% CPU_T=64.6C GPU_T=0.0C | state=NOMINAL
2026-03-17 01:28:30,275 [INFO] CPU=67.0% RAM=25.5% DISK=56.6% CPU_T=64.6C GPU_T=0.0C | state=NOMINAL
2026-03-17 01:28:31,549 [INFO] STATUSTEXT [sev=4] CPU WARNING 77.6
2026-03-17 01:28:31,549 [INFO] CPU entered WARNING (avg=77.6)
2026-03-17 01:28:31,550 [INFO] CPU=77.6% RAM=25.5% DISK=56.6% CPU_T=64.8C GPU_T=0.0C | state=NOMINAL
2026-03-17 01:28:32,594 [INFO] STATUSTEXT [sev=3] CPU HIGH 86.5
2026-03-17 01:28:32,594 [WARNING] CPU entered HIGH (avg=86.5)
2026-03-17 01:28:32,594 [INFO] CPU=86.5% RAM=25.5% DISK=56.6% CPU_T=64.8C GPU_T=0.0C | state=NOMINAL
2026-03-17 01:28:33,655 [WARNING] CPU entered CRITICAL (avg=93.2)
2026-03-17 01:28:33,655 [INFO] CPU critical counter: 1/10
2026-03-17 01:28:33,656 [INFO] STATUSTEXT [sev=2] CPU CRITICAL 93.2
2026-03-17 01:28:33,656 [INFO] CPU=93.2% RAM=25.5% DISK=56.6% CPU_T=64.8C GPU_T=0.0C | state=NOMINAL
2026-03-17 01:28:34,724 [INFO] CPU critical counter: 2/10
2026-03-17 01:28:34,724 [INFO] STATUSTEXT [sev=2] CPU CRITICAL 97.5
2026-03-17 01:28:34,724 [INFO] CPU=97.5% RAM=25.5% DISK=56.6% CPU_T=64.8C GPU_T=0.0C | state=NOMINAL
2026-03-17 01:28:35,752 [INFO] CPU critical counter: 3/10
2026-03-17 01:28:35,753 [INFO] STATUSTEXT [sev=2] CPU CRITICAL 99.1
2026-03-17 01:28:35,753 [INFO] CPU=99.1% RAM=25.5% DISK=56.6% CPU_T=64.8C GPU_T=0.0C | state=NOMINAL
2026-03-17 01:28:36,788 [INFO] CPU critical counter: 4/10
2026-03-17 01:28:36,788 [INFO] STATUSTEXT [sev=2] CPU CRITICAL 100.0
2026-03-17 01:28:36,788 [INFO] CPU=100.0% RAM=25.5% DISK=56.6% CPU_T=64.8C GPU_T=0.0C | state=NOMINAL
2026-03-17 01:28:37,817 [INFO] CPU critical counter: 5/10
2026-03-17 01:28:37,818 [INFO] STATUSTEXT [sev=2] CPU CRITICAL 100.0
2026-03-17 01:28:37,818 [INFO] CPU=100.0% RAM=25.5% DISK=56.6% CPU_T=65.0C GPU_T=0.0C | state=NOMINAL
2026-03-17 01:28:38,852 [INFO] CPU critical counter: 6/10
2026-03-17 01:28:38,853 [INFO] STATUSTEXT [sev=2] CPU CRITICAL 100.0
2026-03-17 01:28:38,853 [INFO] CPU=100.0% RAM=25.5% DISK=56.6% CPU_T=65.0C GPU_T=0.0C | state=NOMINAL
2026-03-17 01:28:39,894 [INFO] CPU critical counter: 7/10
2026-03-17 01:28:39,895 [INFO] STATUSTEXT [sev=2] CPU CRITICAL 100.0
2026-03-17 01:28:39,895 [INFO] CPU=100.0% RAM=25.5% DISK=56.6% CPU_T=65.2C GPU_T=0.0C | state=NOMINAL
2026-03-17 01:28:40,939 [INFO] CPU critical counter: 8/10
2026-03-17 01:28:40,940 [INFO] STATUSTEXT [sev=2] CPU CRITICAL 100.0
2026-03-17 01:28:40,940 [INFO] CPU=100.0% RAM=25.5% DISK=56.6% CPU_T=65.2C GPU_T=0.0C | state=NOMINAL
2026-03-17 01:28:41,969 [INFO] CPU critical counter: 9/10
2026-03-17 01:28:41,970 [INFO] STATUSTEXT [sev=2] CPU CRITICAL 100.0
2026-03-17 01:28:41,970 [INFO] CPU=100.0% RAM=25.5% DISK=56.6% CPU_T=64.8C GPU_T=0.0C | state=NOMINAL
2026-03-17 01:28:43,005 [INFO] CPU critical counter: 10/10
2026-03-17 01:28:43,006 [INFO] STATUSTEXT [sev=2] CPU CRITICAL 100.0
2026-03-17 01:28:43,006 [WARNING] FAILSAFE TRIGGERED -> RTL | reason=CPU | previous_mode=STABILIZE
2026-03-17 01:28:43,006 [INFO] STATUSTEXT [sev=2] COMPANION FAILSAFE: CPU
2026-03-17 01:28:43,016 [INFO] RTL ACK: ACCEPTED by vehicle (result=0)
2026-03-17 01:28:43,016 [INFO] CPU=100.0% RAM=25.4% DISK=56.6% CPU_T=64.4C GPU_T=0.0C | state=FAILSAFE
2026-03-17 01:28:44,054 [INFO] CPU critical counter: 11/10
2026-03-17 01:28:44,055 [INFO] STATUSTEXT [sev=2] CPU CRITICAL 100.0
2026-03-17 01:28:44,055 [INFO] CPU=100.0% RAM=25.4% DISK=56.6% CPU_T=64.0C GPU_T=0.0C | state=FAILSAFE
2026-03-17 01:28:45,092 [INFO] CPU critical counter: 12/10
2026-03-17 01:28:45,092 [INFO] STATUSTEXT [sev=2] CPU CRITICAL 100.0
2026-03-17 01:28:45,092 [INFO] CPU=100.0% RAM=25.4% DISK=56.6% CPU_T=63.6C GPU_T=0.0C | state=FAILSAFE
2026-03-17 01:28:46,127 [INFO] CPU critical counter: 13/10
2026-03-17 01:28:46,127 [INFO] STATUSTEXT [sev=2] CPU CRITICAL 100.0
2026-03-17 01:28:46,128 [INFO] CPU=100.0% RAM=25.4% DISK=56.6% CPU_T=63.2C GPU_T=0.0C | state=FAILSAFE
2026-03-17 01:28:47,165 [INFO] CPU critical counter: 14/10
2026-03-17 01:28:47,165 [INFO] STATUSTEXT [sev=2] CPU CRITICAL 100.0
2026-03-17 01:28:47,166 [INFO] CPU=100.0% RAM=25.4% DISK=56.6% CPU_T=63.2C GPU_T=0.0C | state=FAILSAFE
2026-03-17 01:28:48,207 [INFO] CPU critical counter: 15/10
2026-03-17 01:28:48,208 [INFO] STATUSTEXT [sev=2] CPU CRITICAL 100.0
2026-03-17 01:28:48,208 [INFO] CPU=100.0% RAM=25.4% DISK=56.6% CPU_T=63.2C GPU_T=0.0C | state=FAILSAFE
2026-03-17 01:28:49,245 [INFO] STATUSTEXT [sev=3] CPU HIGH 88.9
2026-03-17 01:28:49,246 [WARNING] CPU entered HIGH (avg=88.9)
2026-03-17 01:28:49,246 [INFO] CPU=88.9% RAM=25.4% DISK=56.6% CPU_T=65.0C GPU_T=0.0C | state=FAILSAFE
2026-03-17 01:28:50,266 [INFO] CPU returned to NOMINAL
2026-03-17 01:28:50,267 [INFO] CPU=69.7% RAM=25.4% DISK=56.6% CPU_T=65.0C GPU_T=0.0C | state=FAILSAFE
2026-03-17 01:28:50,275 [INFO] Recovery counter: 1/5
2026-03-17 01:28:51,297 [INFO] CPU=50.4% RAM=25.5% DISK=56.6% CPU_T=65.0C GPU_T=0.0C | state=FAILSAFE
2026-03-17 01:28:51,309 [INFO] Recovery counter: 2/5
2026-03-17 01:28:52,323 [INFO] CPU=31.5% RAM=25.5% DISK=56.6% CPU_T=66.0C GPU_T=0.0C | state=FAILSAFE
2026-03-17 01:28:52,340 [INFO] Recovery counter: 3/5
2026-03-17 01:28:53,356 [INFO] CPU=12.2% RAM=25.5% DISK=56.6% CPU_T=65.8C GPU_T=0.0C | state=FAILSAFE
2026-03-17 01:28:53,365 [INFO] Recovery counter: 4/5
2026-03-17 01:28:54,378 [INFO] CPU=3.8% RAM=25.5% DISK=56.6% CPU_T=64.0C GPU_T=0.0C | state=FAILSAFE
2026-03-17 01:28:54,391 [INFO] Recovery counter: 5/5
2026-03-17 01:28:54,391 [INFO] System recovered -> restoring mode: STABILIZE
2026-03-17 01:28:54,392 [INFO] STATUSTEXT [sev=6] COMPANION RECOVERED
2026-03-17 01:28:54,396 [INFO] RECOVER ACK: mode 'STABILIZE' ACCEPTED by vehicle
2026-03-17 01:28:54,397 [INFO] STATUSTEXT [sev=6] MODE RESTORED: STABILIZE
2026-03-17 01:28:55,414 [INFO] CPU=3.9% RAM=25.5% DISK=56.6% CPU_T=63.8C GPU_T=0.0C | state=NOMINAL
2026-03-17 01:28:56,435 [INFO] CPU=3.7% RAM=25.5% DISK=56.6% CPU_T=63.6C GPU_T=0.0C | state=NOMINAL
2026-03-17 01:28:57,460 [INFO] CPU=3.0% RAM=25.5% DISK=56.6% CPU_T=62.4C GPU_T=0.0C | state=NOMINAL
2026-03-17 01:28:58,495 [INFO] CPU=2.9% RAM=25.5% DISK=56.6% CPU_T=62.4C GPU_T=0.0C | state=NOMINAL
2026-03-17 01:28:59,524 [INFO] CPU=3.0% RAM=25.5% DISK=56.6% CPU_T=62.4C GPU_T=0.0C | state=NOMINAL
2026-03-17 01:29:00,545 [INFO] CPU=3.3% RAM=25.5% DISK=56.6% CPU_T=62.6C GPU_T=0.0C | state=NOMINAL
2026-03-17 01:29:01,573 [INFO] CPU=3.9% RAM=25.5% DISK=56.6% CPU_T=63.0C GPU_T=0.0C | state=NOMINAL
2026-03-17 01:29:02,610 [INFO] CPU=3.9% RAM=25.5% DISK=56.6% CPU_T=63.2C GPU_T=0.0C | state=NOMINAL
2026-03-17 01:29:03,636 [INFO] CPU=5.1% RAM=25.5% DISK=56.6% CPU_T=63.8C GPU_T=0.0C | state=NOMINAL
2026-03-17 01:29:04,667 [INFO] CPU=7.3% RAM=25.2% DISK=56.6% CPU_T=65.4C GPU_T=0.0C | state=NOMINAL
2026-03-17 01:29:05,690 [INFO] CPU=8.3% RAM=24.8% DISK=56.6% CPU_T=66.6C GPU_T=0.0C | state=NOMINAL
2026-03-17 01:29:06,715 [INFO] CPU=9.5% RAM=24.4% DISK=56.6% CPU_T=67.8C GPU_T=0.0C | state=NOMINAL
2026-03-17 01:29:07,738 [INFO] STATUSTEXT [sev=4] CPU_TEMP WARNING 70.2
2026-03-17 01:29:07,738 [INFO] CPU_TEMP entered WARNING (avg=70.2)
2026-03-17 01:29:07,738 [INFO] CPU=11.4% RAM=24.0% DISK=56.6% CPU_T=70.2C GPU_T=0.0C | state=NOMINAL
2026-03-17 01:29:08,760 [INFO] CPU=12.4% RAM=23.7% DISK=56.6% CPU_T=71.4C GPU_T=0.0C | state=NOMINAL
2026-03-17 01:29:09,786 [INFO] CPU=12.9% RAM=23.6% DISK=56.6% CPU_T=70.8C GPU_T=0.0C | state=NOMINAL
2026-03-17 01:29:10,811 [INFO] CPU=14.8% RAM=23.6% DISK=56.6% CPU_T=70.4C GPU_T=0.0C | state=NOMINAL
2026-03-17 01:29:11,846 [INFO] CPU_TEMP returned to NOMINAL
2026-03-17 01:29:11,847 [INFO] CPU=16.5% RAM=23.6% DISK=56.6% CPU_T=69.6C GPU_T=0.0C | state=NOMINAL
2026-03-17 01:29:12,879 [INFO] CPU=17.6% RAM=23.6% DISK=56.6% CPU_T=67.6C GPU_T=0.0C | state=NOMINAL
2026-03-17 01:29:13,917 [INFO] CPU=17.4% RAM=23.6% DISK=56.6% CPU_T=66.6C GPU_T=0.0C | state=NOMINAL
2026-03-17 01:29:14,952 [INFO] CPU=17.0% RAM=23.6% DISK=56.6% CPU_T=66.2C GPU_T=0.0C | state=NOMINAL
2026-03-17 01:29:15,987 [INFO] CPU=15.6% RAM=23.6% DISK=56.6% CPU_T=65.8C GPU_T=0.0C | state=NOMINAL
2026-03-17 01:29:17,018 [INFO] CPU=14.2% RAM=23.6% DISK=56.6% CPU_T=65.8C GPU_T=0.0C | state=NOMINAL
2026-03-17 01:29:18,054 [INFO] CPU=12.4% RAM=23.5% DISK=56.6% CPU_T=66.0C GPU_T=0.0C | state=NOMINAL
2026-03-17 01:29:19,082 [INFO] CPU=10.4% RAM=23.4% DISK=56.6% CPU_T=65.6C GPU_T=0.0C | state=NOMINAL
2026-03-17 01:29:20,106 [INFO] CPU=8.1% RAM=23.2% DISK=56.6% CPU_T=65.4C GPU_T=0.0C | state=NOMINAL
2026-03-17 01:29:21,132 [INFO] CPU=6.6% RAM=23.1% DISK=56.6% CPU_T=65.8C GPU_T=0.0C | state=NOMINAL
2026-03-17 01:29:22,163 [INFO] CPU=5.9% RAM=23.0% DISK=56.6% CPU_T=65.8C GPU_T=0.0C | state=NOMINAL
2026-03-17 01:29:23,195 [INFO] CPU=5.8% RAM=23.0% DISK=56.6% CPU_T=65.8C GPU_T=0.0C | state=NOMINAL
2026-03-17 01:29:24,222 [INFO] CPU=6.5% RAM=23.0% DISK=56.6% CPU_T=66.2C GPU_T=0.0C | state=NOMINAL
2026-03-17 01:29:25,253 [INFO] CPU=7.3% RAM=23.0% DISK=56.6% CPU_T=66.4C GPU_T=0.0C | state=NOMINAL
2026-03-17 01:29:26,286 [INFO] CPU=6.6% RAM=23.0% DISK=56.6% CPU_T=66.0C GPU_T=0.0C | state=NOMINAL
2026-03-17 01:29:27,319 [INFO] CPU=6.2% RAM=23.0% DISK=56.6% CPU_T=66.0C GPU_T=0.0C | state=NOMINAL
2026-03-17 01:29:28,349 [INFO] CPU=5.8% RAM=23.0% DISK=56.6% CPU_T=66.0C GPU_T=0.0C | state=NOMINAL
2026-03-17 01:29:29,400 [INFO] CPU=5.1% RAM=23.0% DISK=56.6% CPU_T=66.0C GPU_T=0.0C | state=NOMINAL
2026-03-17 01:29:30,427 [INFO] CPU=4.2% RAM=22.9% DISK=56.6% CPU_T=66.0C GPU_T=0.0C | state=NOMINAL
2026-03-17 01:29:31,453 [INFO] CPU=4.2% RAM=22.9% DISK=56.6% CPU_T=66.0C GPU_T=0.0C | state=NOMINAL
2026-03-17 01:29:32,479 [INFO] CPU=3.6% RAM=22.9% DISK=56.6% CPU_T=65.6C GPU_T=0.0C | state=NOMINAL
2026-03-17 01:29:33,496 [INFO] CPU=2.9% RAM=22.9% DISK=56.6% CPU_T=66.4C GPU_T=0.0C | state=NOMINAL
2026-03-17 01:29:34,524 [INFO] CPU=4.8% RAM=22.9% DISK=56.6% CPU_T=66.4C GPU_T=0.0C | state=NOMINAL
2026-03-17 01:29:35,542 [INFO] CPU=5.3% RAM=23.0% DISK=56.6% CPU_T=66.4C GPU_T=0.0C | state=NOMINAL
2026-03-17 01:29:36,570 [INFO] CPU=5.4% RAM=23.0% DISK=56.6% CPU_T=66.4C GPU_T=0.0C | state=NOMINAL
2026-03-17 01:29:37,593 [INFO] CPU=5.4% RAM=23.1% DISK=56.6% CPU_T=66.8C GPU_T=0.0C | state=NOMINAL
2026-03-17 01:29:38,637 [INFO] CPU=5.4% RAM=23.1% DISK=56.6% CPU_T=66.0C GPU_T=0.0C | state=NOMINAL
2026-03-17 01:29:39,656 [INFO] CPU=3.5% RAM=23.1% DISK=56.6% CPU_T=66.0C GPU_T=0.0C | state=NOMINAL
2026-03-17 01:29:40,675 [INFO] CPU=3.6% RAM=23.1% DISK=56.6% CPU_T=66.0C GPU_T=0.0C | state=NOMINAL
2026-03-17 01:29:41,720 [INFO] CPU=3.8% RAM=23.1% DISK=56.6% CPU_T=67.0C GPU_T=0.0C | state=NOMINAL
2026-03-17 01:29:42,750 [INFO] CPU=4.1% RAM=23.1% DISK=56.6% CPU_T=66.8C GPU_T=0.0C | state=NOMINAL
2026-03-17 01:29:43,780 [INFO] CPU=4.2% RAM=23.2% DISK=56.6% CPU_T=66.8C GPU_T=0.0C | state=NOMINAL
2026-03-17 01:29:44,817 [INFO] CPU=4.3% RAM=23.2% DISK=56.6% CPU_T=66.8C GPU_T=0.0C | state=NOMINAL
2026-03-17 01:29:45,842 [INFO] CPU=4.0% RAM=23.2% DISK=56.6% CPU_T=66.4C GPU_T=0.0C | state=NOMINAL
2026-03-17 01:29:46,879 [INFO] CPU=3.7% RAM=23.3% DISK=56.6% CPU_T=65.4C GPU_T=0.0C | state=NOMINAL
2026-03-17 01:29:47,899 [INFO] CPU=3.7% RAM=23.3% DISK=56.6% CPU_T=65.6C GPU_T=0.0C | state=NOMINAL
2026-03-17 01:29:48,921 [INFO] CPU=3.7% RAM=23.3% DISK=56.6% CPU_T=65.6C GPU_T=0.0C | state=NOMINAL
2026-03-17 01:29:49,942 [INFO] CPU=3.8% RAM=23.3% DISK=56.6% CPU_T=65.6C GPU_T=0.0C | state=NOMINAL
2026-03-17 01:29:50,960 [INFO] CPU=3.8% RAM=23.3% DISK=56.6% CPU_T=66.0C GPU_T=0.0C | state=NOMINAL
2026-03-17 01:29:51,980 [INFO] CPU=4.0% RAM=23.3% DISK=56.6% CPU_T=66.2C GPU_T=0.0C | state=NOMINAL
2026-03-17 01:29:53,006 [INFO] CPU=3.8% RAM=23.3% DISK=56.6% CPU_T=66.2C GPU_T=0.0C | state=NOMINAL
2026-03-17 01:29:54,030 [INFO] CPU=3.7% RAM=23.2% DISK=56.6% CPU_T=66.2C GPU_T=0.0C | state=NOMINAL
2026-03-17 01:29:55,051 [INFO] CPU=3.6% RAM=23.2% DISK=56.6% CPU_T=66.2C GPU_T=0.0C | state=NOMINAL
2026-03-17 01:29:56,070 [INFO] CPU=3.6% RAM=23.2% DISK=56.6% CPU_T=66.2C GPU_T=0.0C | state=NOMINAL
2026-03-17 01:29:57,089 [INFO] CPU=3.7% RAM=23.2% DISK=56.6% CPU_T=66.0C GPU_T=0.0C | state=NOMINAL
2026-03-17 01:29:58,111 [INFO] CPU=3.8% RAM=23.2% DISK=56.6% CPU_T=66.0C GPU_T=0.0C | state=NOMINAL
2026-03-17 01:29:59,383 [INFO] CPU=4.0% RAM=23.2% DISK=56.6% CPU_T=66.0C GPU_T=0.0C | state=NOMINAL
2026-03-17 01:30:00,407 [INFO] CPU=4.0% RAM=23.2% DISK=56.6% CPU_T=66.0C GPU_T=0.0C | state=NOMINAL
2026-03-17 01:30:01,431 [INFO] CPU=4.3% RAM=23.2% DISK=56.6% CPU_T=66.0C GPU_T=0.0C | state=NOMINAL
2026-03-17 01:30:02,455 [INFO] CPU=4.2% RAM=23.2% DISK=56.6% CPU_T=66.0C GPU_T=0.0C | state=NOMINAL
2026-03-17 01:30:03,478 [INFO] CPU=4.0% RAM=23.2% DISK=56.6% CPU_T=66.4C GPU_T=0.0C | state=NOMINAL
2026-03-17 01:30:04,522 [INFO] CPU=4.3% RAM=23.2% DISK=56.6% CPU_T=66.6C GPU_T=0.0C | state=NOMINAL
2026-03-17 01:30:05,542 [INFO] CPU=4.3% RAM=23.2% DISK=56.6% CPU_T=66.6C GPU_T=0.0C | state=NOMINAL
2026-03-17 01:30:06,565 [INFO] CPU=4.2% RAM=23.2% DISK=56.6% CPU_T=66.6C GPU_T=0.0C | state=NOMINAL
2026-03-17 01:30:07,586 [INFO] CPU=4.1% RAM=23.2% DISK=56.6% CPU_T=66.6C GPU_T=0.0C | state=NOMINAL
2026-03-17 01:30:08,607 [INFO] CPU=4.1% RAM=23.2% DISK=56.6% CPU_T=66.2C GPU_T=0.0C | state=NOMINAL
2026-03-17 01:30:09,655 [INFO] CPU=3.8% RAM=23.2% DISK=56.6% CPU_T=66.2C GPU_T=0.0C | state=NOMINAL
2026-03-17 01:30:10,675 [INFO] CPU=3.8% RAM=23.2% DISK=56.6% CPU_T=66.2C GPU_T=0.0C | state=NOMINAL
2026-03-17 01:30:11,697 [INFO] CPU=3.7% RAM=23.2% DISK=56.6% CPU_T=66.2C GPU_T=0.0C | state=NOMINAL
2026-03-17 01:30:12,719 [INFO] CPU=3.7% RAM=23.2% DISK=56.6% CPU_T=66.0C GPU_T=0.0C | state=NOMINAL
2026-03-17 01:30:13,740 [INFO] CPU=3.5% RAM=23.2% DISK=56.6% CPU_T=66.0C GPU_T=0.0C | state=NOMINAL
2026-03-17 01:30:14,765 [INFO] CPU=3.5% RAM=23.2% DISK=56.6% CPU_T=65.6C GPU_T=0.0C | state=NOMINAL
2026-03-17 01:30:15,792 [INFO] CPU=3.5% RAM=23.2% DISK=56.6% CPU_T=65.6C GPU_T=0.0C | state=NOMINAL
2026-03-17 01:30:16,812 [INFO] CPU=3.6% RAM=23.2% DISK=56.6% CPU_T=65.6C GPU_T=0.0C | state=NOMINAL
2026-03-17 01:30:17,834 [INFO] CPU=3.8% RAM=23.2% DISK=56.6% CPU_T=65.8C GPU_T=0.0C | state=NOMINAL
2026-03-17 01:30:18,853 [INFO] CPU=4.3% RAM=23.1% DISK=56.6% CPU_T=66.0C GPU_T=0.0C | state=NOMINAL
2026-03-17 01:30:19,873 [INFO] CPU=4.4% RAM=23.1% DISK=56.6% CPU_T=67.0C GPU_T=0.0C | state=NOMINAL
2026-03-17 01:30:20,897 [INFO] CPU=5.7% RAM=23.0% DISK=56.6% CPU_T=67.0C GPU_T=0.0C | state=NOMINAL
2026-03-17 01:30:21,918 [INFO] CPU=6.7% RAM=23.0% DISK=56.6% CPU_T=67.4C GPU_T=0.0C | state=NOMINAL
2026-03-17 01:30:22,938 [INFO] CPU=7.0% RAM=22.9% DISK=56.6% CPU_T=67.4C GPU_T=0.0C | state=NOMINAL
2026-03-17 01:30:23,958 [INFO] CPU=7.3% RAM=22.9% DISK=56.6% CPU_T=67.4C GPU_T=0.0C | state=NOMINAL
2026-03-17 01:30:24,978 [INFO] CPU=8.4% RAM=22.9% DISK=56.6% CPU_T=66.8C GPU_T=0.0C | state=NOMINAL
2026-03-17 01:30:26,003 [INFO] CPU=8.5% RAM=22.9% DISK=56.6% CPU_T=66.8C GPU_T=0.0C | state=NOMINAL
2026-03-17 01:30:27,024 [INFO] CPU=7.3% RAM=22.8% DISK=56.6% CPU_T=66.4C GPU_T=0.0C | state=NOMINAL
2026-03-17 01:30:28,047 [INFO] CPU=7.5% RAM=22.8% DISK=56.6% CPU_T=68.2C GPU_T=0.0C | state=NOMINAL
2026-03-17 01:30:29,069 [INFO] CPU=6.9% RAM=22.8% DISK=56.6% CPU_T=68.0C GPU_T=0.0C | state=NOMINAL
2026-03-17 01:30:30,119 [INFO] CPU=5.5% RAM=22.8% DISK=56.6% CPU_T=67.8C GPU_T=0.0C | state=NOMINAL
2026-03-17 01:30:31,141 [INFO] CPU=4.1% RAM=22.8% DISK=56.6% CPU_T=67.8C GPU_T=0.0C | state=NOMINAL
2026-03-17 01:30:32,163 [INFO] CPU=4.7% RAM=22.8% DISK=56.6% CPU_T=67.8C GPU_T=0.0C | state=NOMINAL
2026-03-17 01:30:33,193 [INFO] CPU=4.2% RAM=22.9% DISK=56.6% CPU_T=66.2C GPU_T=0.0C | state=NOMINAL
2026-03-17 01:30:34,220 [INFO] CPU=3.9% RAM=22.9% DISK=56.6% CPU_T=66.2C GPU_T=0.0C | state=NOMINAL
2026-03-17 01:30:35,252 [INFO] CPU=3.7% RAM=22.9% DISK=56.6% CPU_T=67.2C GPU_T=0.0C | state=NOMINAL
2026-03-17 01:30:36,273 [INFO] CPU=3.8% RAM=22.9% DISK=56.6% CPU_T=67.2C GPU_T=0.0C | state=NOMINAL
2026-03-17 01:30:37,293 [INFO] CPU=2.8% RAM=22.9% DISK=56.6% CPU_T=67.2C GPU_T=0.0C | state=NOMINAL
2026-03-17 01:30:38,318 [INFO] CPU=2.1% RAM=22.9% DISK=56.6% CPU_T=66.4C GPU_T=0.0C | state=NOMINAL
2026-03-17 01:30:39,338 [INFO] CPU=1.9% RAM=22.9% DISK=56.6% CPU_T=66.4C GPU_T=0.0C | state=NOMINAL
2026-03-17 01:30:40,359 [INFO] CPU=1.8% RAM=22.9% DISK=56.6% CPU_T=65.2C GPU_T=0.0C | state=NOMINAL
2026-03-17 01:30:41,384 [INFO] CPU=1.4% RAM=22.9% DISK=56.6% CPU_T=65.2C GPU_T=0.0C | state=NOMINAL
2026-03-17 01:30:42,419 [INFO] CPU=1.6% RAM=22.9% DISK=56.6% CPU_T=65.2C GPU_T=0.0C | state=NOMINAL
2026-03-17 01:30:43,680 [INFO] CPU=1.7% RAM=22.9% DISK=56.6% CPU_T=65.8C GPU_T=0.0C | state=NOMINAL
2026-03-17 01:30:44,699 [INFO] CPU=1.8% RAM=22.9% DISK=56.6% CPU_T=65.4C GPU_T=0.0C | state=NOMINAL
2026-03-17 01:30:45,717 [INFO] CPU=3.9% RAM=23.0% DISK=56.6% CPU_T=65.6C GPU_T=0.0C | state=NOMINAL
2026-03-17 01:30:46,738 [INFO] CPU=5.8% RAM=23.0% DISK=56.6% CPU_T=65.6C GPU_T=0.0C | state=NOMINAL
2026-03-17 01:30:47,757 [INFO] CPU=6.3% RAM=23.1% DISK=56.6% CPU_T=65.2C GPU_T=0.0C | state=NOMINAL
2026-03-17 01:30:48,775 [INFO] CPU=9.5% RAM=23.2% DISK=56.6% CPU_T=64.8C GPU_T=0.0C | state=NOMINAL
2026-03-17 01:30:49,795 [INFO] CPU=11.5% RAM=23.4% DISK=56.6% CPU_T=65.2C GPU_T=0.0C | state=NOMINAL
2026-03-17 01:30:50,820 [INFO] CPU=9.8% RAM=23.6% DISK=56.6% CPU_T=65.2C GPU_T=0.0C | state=NOMINAL
2026-03-17 01:30:51,843 [INFO] CPU=8.1% RAM=23.7% DISK=56.6% CPU_T=65.0C GPU_T=0.0C | state=NOMINAL
2026-03-17 01:30:52,869 [INFO] CPU=7.5% RAM=23.9% DISK=56.6% CPU_T=65.0C GPU_T=0.0C | state=NOMINAL
2026-03-17 01:30:53,888 [INFO] CPU=4.7% RAM=24.0% DISK=56.6% CPU_T=65.4C GPU_T=0.0C | state=NOMINAL
2026-03-17 01:30:54,915 [INFO] CPU=2.8% RAM=24.1% DISK=56.6% CPU_T=65.2C GPU_T=0.0C | state=NOMINAL
2026-03-17 01:30:55,943 [INFO] CPU=2.7% RAM=24.1% DISK=56.6% CPU_T=65.2C GPU_T=0.0C | state=NOMINAL
2026-03-17 01:30:56,961 [INFO] CPU=2.9% RAM=24.0% DISK=56.6% CPU_T=65.4C GPU_T=0.0C | state=NOMINAL
2026-03-17 01:30:57,986 [INFO] CPU=2.8% RAM=24.0% DISK=56.6% CPU_T=65.4C GPU_T=0.0C | state=NOMINAL
2026-03-17 01:30:59,009 [INFO] CPU=2.9% RAM=23.9% DISK=56.6% CPU_T=65.2C GPU_T=0.0C | state=NOMINAL
2026-03-17 01:31:00,030 [INFO] CPU=2.8% RAM=23.9% DISK=56.6% CPU_T=65.4C GPU_T=0.0C | state=NOMINAL
2026-03-17 01:31:01,055 [INFO] CPU=2.6% RAM=23.9% DISK=56.6% CPU_T=65.0C GPU_T=0.0C | state=NOMINAL
2026-03-17 01:31:02,075 [INFO] CPU=2.2% RAM=23.8% DISK=56.6% CPU_T=64.6C GPU_T=0.0C | state=NOMINAL
2026-03-17 01:31:03,101 [INFO] CPU=2.2% RAM=23.8% DISK=56.6% CPU_T=64.4C GPU_T=0.0C | state=NOMINAL
2026-03-17 01:31:04,121 [INFO] CPU=1.8% RAM=23.8% DISK=56.6% CPU_T=64.2C GPU_T=0.0C | state=NOMINAL
2026-03-17 01:31:05,145 [INFO] CPU=1.9% RAM=23.8% DISK=56.6% CPU_T=63.6C GPU_T=0.0C | state=NOMINAL
2026-03-17 01:31:06,176 [INFO] CPU=1.8% RAM=23.8% DISK=56.6% CPU_T=63.4C GPU_T=0.0C | state=NOMINAL
2026-03-17 01:31:07,206 [INFO] CPU=1.7% RAM=23.8% DISK=56.6% CPU_T=63.2C GPU_T=0.0C | state=NOMINAL
2026-03-17 01:31:08,229 [INFO] CPU=1.7% RAM=23.8% DISK=56.6% CPU_T=63.2C GPU_T=0.0C | state=NOMINAL
2026-03-17 01:31:09,252 [INFO] CPU=1.7% RAM=23.8% DISK=56.6% CPU_T=62.8C GPU_T=0.0C | state=NOMINAL
2026-03-17 01:31:10,271 [INFO] CPU=1.5% RAM=23.8% DISK=56.6% CPU_T=63.0C GPU_T=0.0C | state=NOMINAL
2026-03-17 01:31:11,290 [INFO] CPU=1.6% RAM=23.8% DISK=56.6% CPU_T=63.0C GPU_T=0.0C | state=NOMINAL
2026-03-17 01:31:12,316 [INFO] CPU=1.8% RAM=23.8% DISK=56.6% CPU_T=63.0C GPU_T=0.0C | state=NOMINAL
2026-03-17 01:31:13,335 [INFO] CPU=2.0% RAM=23.8% DISK=56.6% CPU_T=62.8C GPU_T=0.0C | state=NOMINAL
2026-03-17 01:31:14,355 [INFO] CPU=2.7% RAM=23.7% DISK=56.6% CPU_T=63.4C GPU_T=0.0C | state=NOMINAL
2026-03-17 01:31:15,377 [INFO] CPU=3.0% RAM=23.7% DISK=56.6% CPU_T=63.6C GPU_T=0.0C | state=NOMINAL
2026-03-17 01:31:16,400 [INFO] CPU=3.2% RAM=23.7% DISK=56.6% CPU_T=63.6C GPU_T=0.0C | state=NOMINAL
2026-03-17 01:31:17,420 [INFO] CPU=3.3% RAM=23.7% DISK=56.6% CPU_T=63.8C GPU_T=0.0C | state=NOMINAL
2026-03-17 01:31:18,446 [INFO] CPU=3.3% RAM=23.7% DISK=56.6% CPU_T=64.0C GPU_T=0.0C | state=NOMINAL
2026-03-17 01:31:19,466 [INFO] CPU=2.9% RAM=23.7% DISK=56.6% CPU_T=63.6C GPU_T=0.0C | state=NOMINAL
2026-03-17 01:31:20,487 [INFO] CPU=3.0% RAM=23.7% DISK=56.6% CPU_T=63.2C GPU_T=0.0C | state=NOMINAL
2026-03-17 01:31:21,507 [INFO] CPU=2.8% RAM=23.7% DISK=56.6% CPU_T=63.4C GPU_T=0.0C | state=NOMINAL
2026-03-17 01:31:22,537 [INFO] CPU=2.8% RAM=23.7% DISK=56.6% CPU_T=63.4C GPU_T=0.0C | state=NOMINAL
2026-03-17 01:31:23,559 [INFO] CPU=2.6% RAM=23.7% DISK=56.6% CPU_T=63.4C GPU_T=0.0C | state=NOMINAL
2026-03-17 01:31:24,580 [INFO] CPU=2.4% RAM=23.7% DISK=56.6% CPU_T=63.6C GPU_T=0.0C | state=NOMINAL
2026-03-17 01:31:25,601 [INFO] CPU=2.5% RAM=23.7% DISK=56.6% CPU_T=63.8C GPU_T=0.0C | state=NOMINAL
2026-03-17 01:31:26,634 [INFO] CPU=2.3% RAM=23.7% DISK=56.6% CPU_T=63.6C GPU_T=0.0C | state=NOMINAL
2026-03-17 01:31:27,683 [INFO] CPU=2.0% RAM=23.7% DISK=56.6% CPU_T=63.4C GPU_T=0.0C | state=NOMINAL
2026-03-17 01:31:28,718 [INFO] CPU=1.8% RAM=23.7% DISK=56.6% CPU_T=63.2C GPU_T=0.0C | state=NOMINAL
2026-03-17 01:31:29,736 [INFO] CPU=1.5% RAM=23.7% DISK=56.6% CPU_T=62.8C GPU_T=0.0C | state=NOMINAL
2026-03-17 01:31:30,757 [INFO] CPU=1.0% RAM=23.7% DISK=56.6% CPU_T=62.4C GPU_T=0.0C | state=NOMINAL
2026-03-17 01:31:31,903 [INFO] CPU=1.0% RAM=23.7% DISK=56.6% CPU_T=62.2C GPU_T=0.0C | state=NOMINAL
2026-03-17 01:31:32,982 [INFO] CPU=1.0% RAM=23.7% DISK=56.6% CPU_T=62.0C GPU_T=0.0C | state=NOMINAL
2026-03-17 01:31:34,009 [INFO] CPU=1.1% RAM=23.7% DISK=56.6% CPU_T=62.0C GPU_T=0.0C | state=NOMINAL
2026-03-17 01:31:35,039 [INFO] CPU=1.2% RAM=23.7% DISK=56.6% CPU_T=62.0C GPU_T=0.0C | state=NOMINAL
2026-03-17 01:31:36,070 [INFO] CPU=1.3% RAM=23.7% DISK=56.6% CPU_T=62.0C GPU_T=0.0C | state=NOMINAL
2026-03-17 01:31:37,092 [INFO] CPU=1.4% RAM=23.7% DISK=56.6% CPU_T=62.0C GPU_T=0.0C | state=NOMINAL
2026-03-17 01:31:38,113 [INFO] CPU=1.6% RAM=23.7% DISK=56.6% CPU_T=62.2C GPU_T=0.0C | state=NOMINAL
2026-03-17 01:31:39,139 [INFO] CPU=1.7% RAM=23.6% DISK=56.6% CPU_T=62.2C GPU_T=0.0C | state=NOMINAL
2026-03-17 01:31:40,160 [INFO] CPU=1.8% RAM=23.6% DISK=56.6% CPU_T=62.2C GPU_T=0.0C | state=NOMINAL
2026-03-17 01:31:41,195 [INFO] CPU=1.8% RAM=23.6% DISK=56.6% CPU_T=62.2C GPU_T=0.0C | state=NOMINAL
2026-03-17 01:31:42,222 [INFO] CPU=1.8% RAM=23.6% DISK=56.6% CPU_T=62.2C GPU_T=0.0C | state=NOMINAL
2026-03-17 01:31:43,249 [INFO] CPU=1.7% RAM=23.6% DISK=56.6% CPU_T=62.0C GPU_T=0.0C | state=NOMINAL
2026-03-17 01:31:44,269 [INFO] CPU=1.5% RAM=23.6% DISK=56.6% CPU_T=62.0C GPU_T=0.0C | state=NOMINAL
2026-03-17 01:31:45,290 [INFO] CPU=1.4% RAM=23.6% DISK=56.6% CPU_T=62.0C GPU_T=0.0C | state=NOMINAL
2026-03-17 01:31:46,315 [INFO] CPU=1.3% RAM=23.6% DISK=56.6% CPU_T=62.0C GPU_T=0.0C | state=NOMINAL
2026-03-17 01:31:47,345 [INFO] CPU=1.2% RAM=23.6% DISK=56.6% CPU_T=62.0C GPU_T=0.0C | state=NOMINAL
2026-03-17 01:31:48,368 [INFO] CPU=1.1% RAM=23.6% DISK=56.6% CPU_T=62.0C GPU_T=0.0C | state=NOMINAL
2026-03-17 01:31:49,392 [INFO] CPU=1.1% RAM=23.6% DISK=56.6% CPU_T=62.0C GPU_T=0.0C | state=NOMINAL
2026-03-17 01:31:50,424 [INFO] CPU=1.0% RAM=23.6% DISK=56.6% CPU_T=62.0C GPU_T=0.0C | state=NOMINAL
2026-03-17 01:31:51,453 [INFO] CPU=0.9% RAM=23.6% DISK=56.6% CPU_T=61.8C GPU_T=0.0C | state=NOMINAL
2026-03-17 01:31:52,500 [INFO] CPU=1.0% RAM=23.6% DISK=56.6% CPU_T=61.6C GPU_T=0.0C | state=NOMINAL
2026-03-17 01:31:53,521 [INFO] CPU=1.7% RAM=23.6% DISK=56.6% CPU_T=61.6C GPU_T=0.0C | state=NOMINAL
2026-03-17 01:31:54,541 [INFO] CPU=2.4% RAM=23.5% DISK=56.6% CPU_T=61.8C GPU_T=0.0C | state=NOMINAL
2026-03-17 01:31:55,562 [INFO] CPU=2.6% RAM=23.5% DISK=56.6% CPU_T=62.0C GPU_T=0.0C | state=NOMINAL
2026-03-17 01:31:56,585 [INFO] CPU=2.9% RAM=23.5% DISK=56.6% CPU_T=62.2C GPU_T=0.0C | state=NOMINAL
2026-03-17 01:31:57,631 [INFO] CPU=3.1% RAM=23.4% DISK=56.6% CPU_T=62.4C GPU_T=0.0C | state=NOMINAL
2026-03-17 01:31:58,653 [INFO] CPU=2.5% RAM=23.4% DISK=56.6% CPU_T=62.4C GPU_T=0.0C | state=NOMINAL
2026-03-17 01:31:59,678 [INFO] CPU=1.9% RAM=23.4% DISK=56.6% CPU_T=62.2C GPU_T=0.0C | state=NOMINAL
2026-03-17 01:32:00,699 [INFO] CPU=2.0% RAM=23.4% DISK=56.6% CPU_T=62.0C GPU_T=0.0C | state=NOMINAL
2026-03-17 01:32:01,723 [INFO] CPU=2.1% RAM=23.4% DISK=56.6% CPU_T=62.0C GPU_T=0.0C | state=NOMINAL
2026-03-17 01:32:02,772 [INFO] CPU=2.5% RAM=23.4% DISK=56.6% CPU_T=62.2C GPU_T=0.0C | state=NOMINAL
2026-03-17 01:32:03,798 [INFO] CPU=2.8% RAM=23.4% DISK=56.6% CPU_T=62.0C GPU_T=0.0C | state=NOMINAL
2026-03-17 01:32:04,820 [INFO] CPU=3.4% RAM=23.4% DISK=56.6% CPU_T=62.4C GPU_T=0.0C | state=NOMINAL
2026-03-17 01:32:05,841 [INFO] CPU=4.9% RAM=23.4% DISK=56.6% CPU_T=62.6C GPU_T=0.0C | state=NOMINAL
2026-03-17 01:32:06,861 [INFO] CPU=5.6% RAM=23.4% DISK=56.6% CPU_T=62.6C GPU_T=0.0C | state=NOMINAL
2026-03-17 01:32:07,882 [INFO] CPU=6.0% RAM=23.4% DISK=56.6% CPU_T=62.4C GPU_T=0.0C | state=NOMINAL
2026-03-17 01:32:08,903 [INFO] CPU=6.3% RAM=23.4% DISK=56.6% CPU_T=62.8C GPU_T=0.0C | state=NOMINAL
2026-03-17 01:32:10,049 [INFO] CPU=6.6% RAM=23.4% DISK=56.6% CPU_T=62.6C GPU_T=0.0C | state=NOMINAL
2026-03-17 01:32:11,073 [INFO] CPU=5.5% RAM=23.4% DISK=56.6% CPU_T=62.6C GPU_T=0.0C | state=NOMINAL
2026-03-17 01:32:12,096 [INFO] CPU=5.1% RAM=23.4% DISK=56.6% CPU_T=62.8C GPU_T=0.0C | state=NOMINAL
2026-03-17 01:32:13,120 [INFO] CPU=4.9% RAM=23.4% DISK=56.6% CPU_T=63.0C GPU_T=0.0C | state=NOMINAL
2026-03-17 01:32:14,140 [INFO] CPU=4.9% RAM=23.4% DISK=56.6% CPU_T=63.2C GPU_T=0.0C | state=NOMINAL
2026-03-17 01:32:15,161 [INFO] CPU=4.4% RAM=23.3% DISK=56.6% CPU_T=63.4C GPU_T=0.0C | state=NOMINAL
2026-03-17 01:32:16,180 [INFO] CPU=4.6% RAM=23.3% DISK=56.6% CPU_T=63.6C GPU_T=0.0C | state=NOMINAL
2026-03-17 01:32:17,203 [INFO] CPU=4.5% RAM=23.3% DISK=56.6% CPU_T=63.8C GPU_T=0.0C | state=NOMINAL
2026-03-17 01:32:18,223 [INFO] CPU=4.1% RAM=23.3% DISK=56.6% CPU_T=63.8C GPU_T=0.0C | state=NOMINAL
2026-03-17 01:32:19,244 [INFO] CPU=4.1% RAM=23.3% DISK=56.6% CPU_T=63.8C GPU_T=0.0C | state=NOMINAL
2026-03-17 01:32:20,264 [INFO] CPU=3.9% RAM=23.3% DISK=56.6% CPU_T=63.8C GPU_T=0.0C | state=NOMINAL
2026-03-17 01:32:21,285 [INFO] CPU=4.1% RAM=23.3% DISK=56.6% CPU_T=63.8C GPU_T=0.0C | state=NOMINAL
2026-03-17 01:32:22,310 [INFO] CPU=4.1% RAM=23.3% DISK=56.6% CPU_T=63.6C GPU_T=0.0C | state=NOMINAL
2026-03-17 01:32:23,330 [INFO] CPU=4.5% RAM=23.3% DISK=56.6% CPU_T=63.6C GPU_T=0.0C | state=NOMINAL
2026-03-17 01:32:24,354 [INFO] CPU=4.7% RAM=23.3% DISK=56.6% CPU_T=63.4C GPU_T=0.0C | state=NOMINAL
2026-03-17 01:32:25,378 [INFO] CPU=4.7% RAM=23.3% DISK=56.6% CPU_T=63.6C GPU_T=0.0C | state=NOMINAL
2026-03-17 01:32:26,399 [INFO] CPU=4.3% RAM=23.3% DISK=56.6% CPU_T=63.4C GPU_T=0.0C | state=NOMINAL
2026-03-17 01:32:27,420 [INFO] CPU=4.6% RAM=23.3% DISK=56.6% CPU_T=63.4C GPU_T=0.0C | state=NOMINAL
2026-03-17 01:32:28,452 [INFO] CPU=4.8% RAM=23.3% DISK=56.6% CPU_T=63.4C GPU_T=0.0C | state=NOMINAL
2026-03-17 01:32:29,474 [INFO] CPU=4.5% RAM=23.3% DISK=56.6% CPU_T=63.6C GPU_T=0.0C | state=NOMINAL
2026-03-17 01:32:30,495 [INFO] CPU=4.6% RAM=23.3% DISK=56.6% CPU_T=63.4C GPU_T=0.0C | state=NOMINAL
2026-03-17 01:32:31,519 [INFO] CPU=4.6% RAM=23.4% DISK=56.6% CPU_T=63.4C GPU_T=0.0C | state=NOMINAL
2026-03-17 01:32:32,548 [INFO] CPU=4.1% RAM=23.4% DISK=56.6% CPU_T=63.6C GPU_T=0.0C | state=NOMINAL
2026-03-17 01:32:33,572 [INFO] CPU=3.7% RAM=23.4% DISK=56.6% CPU_T=63.6C GPU_T=0.0C | state=NOMINAL
2026-03-17 01:32:34,595 [INFO] CPU=3.6% RAM=23.5% DISK=56.6% CPU_T=63.6C GPU_T=0.0C | state=NOMINAL
2026-03-17 01:32:35,615 [INFO] CPU=3.6% RAM=23.5% DISK=56.6% CPU_T=63.2C GPU_T=0.0C | state=NOMINAL
2026-03-17 01:32:36,634 [INFO] CPU=4.4% RAM=23.6% DISK=56.6% CPU_T=64.4C GPU_T=0.0C | state=NOMINAL
2026-03-17 01:32:37,656 [INFO] CPU=5.1% RAM=23.7% DISK=56.6% CPU_T=64.2C GPU_T=0.0C | state=NOMINAL
2026-03-17 01:32:38,678 [INFO] CPU=5.5% RAM=23.8% DISK=56.6% CPU_T=64.2C GPU_T=0.0C | state=NOMINAL
2026-03-17 01:32:39,699 [INFO] CPU=6.0% RAM=23.9% DISK=56.6% CPU_T=64.2C GPU_T=0.0C | state=NOMINAL
2026-03-17 01:32:40,726 [INFO] CPU=7.9% RAM=24.1% DISK=56.6% CPU_T=64.4C GPU_T=0.0C | state=NOMINAL
2026-03-17 01:32:41,746 [INFO] CPU=7.1% RAM=24.1% DISK=56.6% CPU_T=63.2C GPU_T=0.0C | state=NOMINAL
2026-03-17 01:32:42,770 [INFO] CPU=6.5% RAM=24.0% DISK=56.6% CPU_T=63.4C GPU_T=0.0C | state=NOMINAL
2026-03-17 01:32:43,793 [INFO] CPU=6.2% RAM=24.0% DISK=56.6% CPU_T=65.8C GPU_T=0.0C | state=NOMINAL
2026-03-17 01:32:44,822 [INFO] CPU=6.0% RAM=23.9% DISK=56.6% CPU_T=65.6C GPU_T=0.0C | state=NOMINAL
2026-03-17 01:32:45,846 [INFO] CPU=3.9% RAM=23.7% DISK=56.6% CPU_T=65.6C GPU_T=0.0C | state=NOMINAL
2026-03-17 01:32:46,869 [INFO] CPU=4.6% RAM=23.6% DISK=56.6% CPU_T=65.6C GPU_T=0.0C | state=NOMINAL
2026-03-17 01:32:48,137 [INFO] CPU=4.9% RAM=23.6% DISK=56.6% CPU_T=65.4C GPU_T=0.0C | state=NOMINAL
2026-03-17 01:32:49,160 [INFO] CPU=4.4% RAM=23.5% DISK=56.6% CPU_T=63.2C GPU_T=0.0C | state=NOMINAL
2026-03-17 01:32:50,180 [INFO] CPU=4.1% RAM=23.5% DISK=56.6% CPU_T=63.6C GPU_T=0.0C | state=NOMINAL
2026-03-17 01:32:51,200 [INFO] CPU=6.3% RAM=23.5% DISK=56.6% CPU_T=64.0C GPU_T=0.0C | state=NOMINAL
2026-03-17 01:32:52,220 [INFO] CPU=7.6% RAM=23.5% DISK=56.6% CPU_T=64.2C GPU_T=0.0C | state=NOMINAL
2026-03-17 01:32:53,238 [INFO] CPU=7.9% RAM=23.5% DISK=56.6% CPU_T=65.6C GPU_T=0.0C | state=NOMINAL
2026-03-17 01:32:54,259 [INFO] CPU=10.0% RAM=23.6% DISK=56.6% CPU_T=66.0C GPU_T=0.0C | state=NOMINAL
2026-03-17 01:32:55,282 [INFO] CPU=10.3% RAM=23.7% DISK=56.6% CPU_T=66.0C GPU_T=0.0C | state=NOMINAL
2026-03-17 01:32:56,299 [INFO] CPU=9.5% RAM=23.8% DISK=56.6% CPU_T=65.8C GPU_T=0.0C | state=NOMINAL
2026-03-17 01:32:57,321 [INFO] CPU=8.0% RAM=23.9% DISK=56.6% CPU_T=66.2C GPU_T=0.0C | state=NOMINAL
2026-03-17 01:32:58,342 [INFO] CPU=7.4% RAM=24.1% DISK=56.6% CPU_T=65.2C GPU_T=0.0C | state=NOMINAL
2026-03-17 01:32:59,369 [INFO] CPU=6.0% RAM=24.1% DISK=56.6% CPU_T=64.8C GPU_T=0.0C | state=NOMINAL
2026-03-17 01:33:00,397 [INFO] CPU=5.7% RAM=24.0% DISK=56.6% CPU_T=64.8C GPU_T=0.0C | state=NOMINAL
2026-03-17 01:33:01,418 [INFO] CPU=4.5% RAM=23.9% DISK=56.6% CPU_T=64.8C GPU_T=0.0C | state=NOMINAL
2026-03-17 01:33:02,444 [INFO] CPU=3.8% RAM=23.7% DISK=56.6% CPU_T=64.2C GPU_T=0.0C | state=NOMINAL
2026-03-17 01:33:03,470 [INFO] CPU=3.7% RAM=23.6% DISK=56.6% CPU_T=64.0C GPU_T=0.0C | state=NOMINAL
2026-03-17 01:33:04,490 [INFO] CPU=3.6% RAM=23.4% DISK=56.6% CPU_T=64.0C GPU_T=0.0C | state=NOMINAL
2026-03-17 01:33:05,515 [INFO] CPU=3.9% RAM=23.4% DISK=56.6% CPU_T=63.6C GPU_T=0.0C | state=NOMINAL
2026-03-17 01:33:06,537 [INFO] CPU=4.1% RAM=23.4% DISK=56.6% CPU_T=63.8C GPU_T=0.0C | state=NOMINAL
2026-03-17 01:33:07,558 [INFO] CPU=4.3% RAM=23.3% DISK=56.6% CPU_T=63.8C GPU_T=0.0C | state=NOMINAL
2026-03-17 01:33:08,576 [INFO] CPU=4.6% RAM=23.3% DISK=56.6% CPU_T=63.8C GPU_T=0.0C | state=NOMINAL
2026-03-17 01:33:09,595 [INFO] CPU=5.3% RAM=23.3% DISK=56.6% CPU_T=64.2C GPU_T=0.0C | state=NOMINAL
2026-03-17 01:33:10,616 [INFO] CPU=5.1% RAM=23.3% DISK=56.6% CPU_T=64.4C GPU_T=0.0C | state=NOMINAL
2026-03-17 01:33:11,634 [INFO] CPU=4.9% RAM=23.3% DISK=56.6% CPU_T=64.0C GPU_T=0.0C | state=NOMINAL
2026-03-17 01:33:12,655 [INFO] CPU=7.0% RAM=23.2% DISK=56.6% CPU_T=64.4C GPU_T=0.0C | state=NOMINAL
2026-03-17 01:33:13,676 [INFO] CPU=7.2% RAM=23.2% DISK=56.6% CPU_T=65.0C GPU_T=0.0C | state=NOMINAL
2026-03-17 01:33:14,696 [INFO] CPU=6.6% RAM=23.1% DISK=56.6% CPU_T=64.6C GPU_T=0.0C | state=NOMINAL
2026-03-17 01:33:15,721 [INFO] CPU=6.2% RAM=23.1% DISK=56.6% CPU_T=65.0C GPU_T=0.0C | state=NOMINAL
2026-03-17 01:33:16,739 [INFO] CPU=7.1% RAM=23.1% DISK=56.6% CPU_T=66.2C GPU_T=0.0C | state=NOMINAL
2026-03-17 01:33:17,762 [INFO] CPU=5.5% RAM=23.1% DISK=56.6% CPU_T=66.0C GPU_T=0.0C | state=NOMINAL
2026-03-17 01:33:18,787 [INFO] CPU=4.8% RAM=23.1% DISK=56.6% CPU_T=65.4C GPU_T=0.0C | state=NOMINAL
2026-03-17 01:33:19,806 [INFO] CPU=4.6% RAM=23.1% DISK=56.6% CPU_T=65.2C GPU_T=0.0C | state=NOMINAL
2026-03-17 01:33:20,826 [INFO] CPU=5.6% RAM=23.1% DISK=56.6% CPU_T=64.8C GPU_T=0.0C | state=NOMINAL
2026-03-17 01:33:21,847 [INFO] CPU=4.7% RAM=23.1% DISK=56.6% CPU_T=63.8C GPU_T=0.0C | state=NOMINAL
2026-03-17 01:33:22,867 [INFO] CPU=4.1% RAM=23.1% DISK=56.6% CPU_T=63.8C GPU_T=0.0C | state=NOMINAL
2026-03-17 01:33:23,897 [INFO] CPU=4.1% RAM=23.1% DISK=56.6% CPU_T=63.6C GPU_T=0.0C | state=NOMINAL
2026-03-17 01:33:24,914 [INFO] CPU=3.6% RAM=23.1% DISK=56.6% CPU_T=63.4C GPU_T=0.0C | state=NOMINAL
2026-03-17 01:33:25,939 [INFO] CPU=2.3% RAM=23.1% DISK=56.6% CPU_T=63.0C GPU_T=0.0C | state=NOMINAL
2026-03-17 01:33:26,962 [INFO] CPU=2.1% RAM=23.1% DISK=56.6% CPU_T=62.8C GPU_T=0.0C | state=NOMINAL
2026-03-17 01:33:27,986 [INFO] CPU=2.1% RAM=23.1% DISK=56.6% CPU_T=62.6C GPU_T=0.0C | state=NOMINAL
2026-03-17 01:33:29,007 [INFO] CPU=2.0% RAM=23.1% DISK=56.6% CPU_T=62.4C GPU_T=0.0C | state=NOMINAL
2026-03-17 01:33:30,028 [INFO] CPU=2.2% RAM=23.1% DISK=56.6% CPU_T=62.6C GPU_T=0.0C | state=NOMINAL
2026-03-17 01:33:31,052 [INFO] CPU=2.3% RAM=23.1% DISK=56.6% CPU_T=62.6C GPU_T=0.0C | state=NOMINAL
2026-03-17 01:33:32,078 [INFO] CPU=2.1% RAM=23.1% DISK=56.6% CPU_T=62.6C GPU_T=0.0C | state=NOMINAL
2026-03-17 01:33:33,124 [INFO] CPU=2.4% RAM=23.1% DISK=56.6% CPU_T=62.6C GPU_T=0.0C | state=NOMINAL
2026-03-17 01:33:34,175 [INFO] CPU=2.4% RAM=23.1% DISK=56.6% CPU_T=63.0C GPU_T=0.0C | state=NOMINAL
2026-03-17 01:33:35,193 [INFO] CPU=3.0% RAM=23.1% DISK=56.6% CPU_T=63.0C GPU_T=0.0C | state=NOMINAL
2026-03-17 01:33:36,215 [INFO] CPU=3.0% RAM=23.1% DISK=56.6% CPU_T=63.2C GPU_T=0.0C | state=NOMINAL
2026-03-17 01:33:37,244 [INFO] CPU=3.0% RAM=23.1% DISK=56.6% CPU_T=63.2C GPU_T=0.0C | state=NOMINAL
2026-03-17 01:33:38,266 [INFO] CPU=3.5% RAM=23.1% DISK=56.6% CPU_T=63.4C GPU_T=0.0C | state=NOMINAL
2026-03-17 01:33:39,288 [INFO] CPU=4.4% RAM=23.1% DISK=56.6% CPU_T=63.2C GPU_T=0.0C | state=NOMINAL
2026-03-17 01:33:40,307 [INFO] CPU=3.9% RAM=23.0% DISK=56.6% CPU_T=63.4C GPU_T=0.0C | state=NOMINAL
2026-03-17 01:33:41,340 [INFO] CPU=3.9% RAM=23.0% DISK=56.6% CPU_T=63.4C GPU_T=0.0C | state=NOMINAL
2026-03-17 01:33:42,366 [INFO] CPU=4.3% RAM=23.0% DISK=56.6% CPU_T=63.4C GPU_T=0.0C | state=NOMINAL
2026-03-17 01:33:43,389 [INFO] CPU=3.4% RAM=23.0% DISK=56.6% CPU_T=63.2C GPU_T=0.0C | state=NOMINAL
2026-03-17 01:33:44,434 [INFO] CPU=4.4% RAM=23.0% DISK=56.6% CPU_T=63.4C GPU_T=0.0C | state=NOMINAL
2026-03-17 01:33:45,454 [INFO] CPU=4.6% RAM=23.0% DISK=56.6% CPU_T=63.4C GPU_T=0.0C | state=NOMINAL
2026-03-17 01:33:46,477 [INFO] CPU=4.6% RAM=23.1% DISK=56.6% CPU_T=63.4C GPU_T=0.0C | state=NOMINAL
2026-03-17 01:33:47,500 [INFO] CPU=4.3% RAM=23.1% DISK=56.6% CPU_T=63.4C GPU_T=0.0C | state=NOMINAL
2026-03-17 01:33:48,521 [INFO] CPU=4.3% RAM=23.1% DISK=56.6% CPU_T=63.6C GPU_T=0.0C | state=NOMINAL
2026-03-17 01:33:49,549 [INFO] CPU=2.4% RAM=23.1% DISK=56.6% CPU_T=63.4C GPU_T=0.0C | state=NOMINAL
2026-03-17 01:33:50,569 [INFO] CPU=2.7% RAM=23.2% DISK=56.6% CPU_T=63.4C GPU_T=0.0C | state=NOMINAL
2026-03-17 01:33:51,590 [INFO] CPU=4.7% RAM=23.2% DISK=56.6% CPU_T=63.4C GPU_T=0.0C | state=NOMINAL
2026-03-17 01:33:52,609 [INFO] CPU=5.4% RAM=23.2% DISK=56.6% CPU_T=63.4C GPU_T=0.0C | state=NOMINAL
2026-03-17 01:33:53,631 [INFO] CPU=5.8% RAM=23.1% DISK=56.6% CPU_T=63.2C GPU_T=0.0C | state=NOMINAL
2026-03-17 01:33:54,652 [INFO] CPU=6.1% RAM=23.1% DISK=56.6% CPU_T=63.2C GPU_T=0.0C | state=NOMINAL
2026-03-17 01:33:55,674 [INFO] CPU=5.9% RAM=23.1% DISK=56.6% CPU_T=63.0C GPU_T=0.0C | state=NOMINAL
2026-03-17 01:33:56,695 [INFO] CPU=4.7% RAM=23.0% DISK=56.6% CPU_T=63.0C GPU_T=0.0C | state=NOMINAL
2026-03-17 01:33:57,714 [INFO] CPU=4.8% RAM=23.0% DISK=56.6% CPU_T=63.0C GPU_T=0.0C | state=NOMINAL
2026-03-17 01:33:58,732 [INFO] CPU=4.9% RAM=23.0% DISK=56.6% CPU_T=64.4C GPU_T=0.0C | state=NOMINAL
2026-03-17 01:33:59,756 [INFO] CPU=5.5% RAM=23.0% DISK=56.6% CPU_T=64.4C GPU_T=0.0C | state=NOMINAL
2026-03-17 01:34:00,774 [INFO] CPU=5.4% RAM=23.0% DISK=56.6% CPU_T=64.4C GPU_T=0.0C | state=NOMINAL
2026-03-17 01:34:01,794 [INFO] CPU=4.9% RAM=23.0% DISK=56.6% CPU_T=64.4C GPU_T=0.0C | state=NOMINAL
2026-03-17 01:34:02,815 [INFO] CPU=5.1% RAM=23.0% DISK=56.6% CPU_T=64.4C GPU_T=0.0C | state=NOMINAL
2026-03-17 01:34:03,840 [INFO] CPU=4.8% RAM=23.0% DISK=56.6% CPU_T=63.0C GPU_T=0.0C | state=NOMINAL
2026-03-17 01:34:04,867 [INFO] CPU=4.2% RAM=23.0% DISK=56.6% CPU_T=62.8C GPU_T=0.0C | state=NOMINAL
2026-03-17 01:34:05,885 [INFO] CPU=3.7% RAM=23.0% DISK=56.6% CPU_T=62.6C GPU_T=0.0C | state=NOMINAL
2026-03-17 01:34:06,913 [INFO] CPU=3.7% RAM=23.0% DISK=56.6% CPU_T=63.0C GPU_T=0.0C | state=NOMINAL
2026-03-17 01:34:07,942 [INFO] CPU=2.7% RAM=23.0% DISK=56.6% CPU_T=63.2C GPU_T=0.0C | state=NOMINAL
2026-03-17 01:34:08,974 [INFO] CPU=2.2% RAM=23.0% DISK=56.6% CPU_T=63.2C GPU_T=0.0C | state=NOMINAL
2026-03-17 01:34:10,000 [INFO] CPU=2.0% RAM=23.0% DISK=56.6% CPU_T=63.4C GPU_T=0.0C | state=NOMINAL
2026-03-17 01:34:11,021 [INFO] CPU=2.1% RAM=23.0% DISK=56.6% CPU_T=63.6C GPU_T=0.0C | state=NOMINAL
2026-03-17 01:34:12,043 [INFO] CPU=1.6% RAM=23.0% DISK=56.6% CPU_T=63.0C GPU_T=0.0C | state=NOMINAL
2026-03-17 01:34:13,066 [INFO] CPU=1.5% RAM=22.9% DISK=56.6% CPU_T=62.6C GPU_T=0.0C | state=NOMINAL
2026-03-17 01:34:14,092 [INFO] CPU=1.5% RAM=23.0% DISK=56.6% CPU_T=62.4C GPU_T=0.0C | state=NOMINAL
2026-03-17 01:34:15,113 [INFO] CPU=1.3% RAM=23.0% DISK=56.6% CPU_T=62.2C GPU_T=0.0C | state=NOMINAL
2026-03-17 01:34:16,134 [INFO] CPU=1.1% RAM=23.0% DISK=56.6% CPU_T=62.0C GPU_T=0.0C | state=NOMINAL
2026-03-17 01:34:17,160 [INFO] CPU=1.7% RAM=23.0% DISK=56.6% CPU_T=62.2C GPU_T=0.0C | state=NOMINAL
2026-03-17 01:34:18,180 [INFO] CPU=2.4% RAM=23.0% DISK=56.6% CPU_T=62.4C GPU_T=0.0C | state=NOMINAL
2026-03-17 01:34:19,226 [INFO] CPU=2.9% RAM=23.0% DISK=56.6% CPU_T=62.4C GPU_T=0.0C | state=NOMINAL
2026-03-17 01:34:20,246 [INFO] CPU=3.6% RAM=23.0% DISK=56.6% CPU_T=63.0C GPU_T=0.0C | state=NOMINAL
2026-03-17 01:34:21,266 [INFO] CPU=4.0% RAM=22.9% DISK=56.6% CPU_T=63.0C GPU_T=0.0C | state=NOMINAL
2026-03-17 01:34:22,293 [INFO] CPU=3.4% RAM=22.9% DISK=56.6% CPU_T=62.8C GPU_T=0.0C | state=NOMINAL
2026-03-17 01:34:23,311 [INFO] CPU=3.7% RAM=22.8% DISK=56.6% CPU_T=62.8C GPU_T=0.0C | state=NOMINAL
2026-03-17 01:34:24,333 [INFO] CPU=3.8% RAM=22.8% DISK=56.6% CPU_T=63.0C GPU_T=0.0C | state=NOMINAL
2026-03-17 01:34:25,352 [INFO] CPU=4.3% RAM=22.8% DISK=56.6% CPU_T=62.6C GPU_T=0.0C | state=NOMINAL
2026-03-17 01:34:26,371 [INFO] CPU=4.5% RAM=22.8% DISK=56.6% CPU_T=62.8C GPU_T=0.0C | state=NOMINAL
2026-03-17 01:34:27,393 [INFO] CPU=4.9% RAM=22.9% DISK=56.6% CPU_T=63.0C GPU_T=0.0C | state=NOMINAL
2026-03-17 01:34:28,423 [INFO] CPU=5.2% RAM=22.9% DISK=56.6% CPU_T=63.0C GPU_T=0.0C | state=NOMINAL
2026-03-17 01:34:29,453 [INFO] CPU=5.3% RAM=22.9% DISK=56.6% CPU_T=63.2C GPU_T=0.0C | state=NOMINAL
2026-03-17 01:34:30,477 [INFO] CPU=4.6% RAM=22.8% DISK=56.6% CPU_T=63.4C GPU_T=0.0C | state=NOMINAL
2026-03-17 01:34:31,501 [INFO] CPU=4.3% RAM=22.8% DISK=56.6% CPU_T=63.4C GPU_T=0.0C | state=NOMINAL
2026-03-17 01:34:32,526 [INFO] CPU=3.9% RAM=22.8% DISK=56.6% CPU_T=63.2C GPU_T=0.0C | state=NOMINAL
2026-03-17 01:34:33,548 [INFO] CPU=2.6% RAM=22.8% DISK=56.6% CPU_T=63.0C GPU_T=0.0C | state=NOMINAL
2026-03-17 01:34:34,577 [INFO] CPU=2.1% RAM=22.8% DISK=56.6% CPU_T=63.0C GPU_T=0.0C | state=NOMINAL
2026-03-17 01:34:35,601 [INFO] CPU=1.9% RAM=22.9% DISK=56.6% CPU_T=62.8C GPU_T=0.0C | state=NOMINAL
2026-03-17 01:34:36,625 [INFO] CPU=2.3% RAM=22.9% DISK=56.6% CPU_T=62.8C GPU_T=0.0C | state=NOMINAL
2026-03-17 01:34:37,647 [INFO] CPU=3.0% RAM=22.9% DISK=56.6% CPU_T=63.0C GPU_T=0.0C | state=NOMINAL
2026-03-17 01:34:38,672 [INFO] CPU=3.3% RAM=22.9% DISK=56.6% CPU_T=63.4C GPU_T=0.0C | state=NOMINAL
2026-03-17 01:34:39,697 [INFO] CPU=3.4% RAM=22.8% DISK=56.6% CPU_T=63.0C GPU_T=0.0C | state=NOMINAL
2026-03-17 01:34:40,747 [INFO] CPU=3.2% RAM=22.8% DISK=56.6% CPU_T=62.8C GPU_T=0.0C | state=NOMINAL
2026-03-17 01:34:41,765 [INFO] CPU=3.8% RAM=22.8% DISK=56.6% CPU_T=63.0C GPU_T=0.0C | state=NOMINAL
2026-03-17 01:34:42,788 [INFO] CPU=3.7% RAM=22.8% DISK=56.6% CPU_T=63.0C GPU_T=0.0C | state=NOMINAL
2026-03-17 01:34:43,818 [INFO] CPU=3.6% RAM=22.8% DISK=56.6% CPU_T=62.6C GPU_T=0.0C | state=NOMINAL
2026-03-17 01:34:44,873 [INFO] CPU=3.6% RAM=22.8% DISK=56.6% CPU_T=62.6C GPU_T=0.0C | state=NOMINAL
2026-03-17 01:34:45,893 [INFO] CPU=4.7% RAM=22.8% DISK=56.6% CPU_T=62.8C GPU_T=0.0C | state=NOMINAL
2026-03-17 01:34:46,911 [INFO] CPU=4.5% RAM=22.8% DISK=56.6% CPU_T=62.8C GPU_T=0.0C | state=NOMINAL
2026-03-17 01:34:47,931 [INFO] CPU=4.9% RAM=22.9% DISK=56.6% CPU_T=63.0C GPU_T=0.0C | state=NOMINAL
2026-03-17 01:34:48,952 [INFO] CPU=5.8% RAM=22.9% DISK=56.6% CPU_T=63.2C GPU_T=0.0C | state=NOMINAL
2026-03-17 01:34:49,972 [INFO] CPU=6.4% RAM=22.9% DISK=56.6% CPU_T=63.4C GPU_T=0.0C | state=NOMINAL
2026-03-17 01:34:50,993 [INFO] CPU=6.2% RAM=22.8% DISK=56.6% CPU_T=63.4C GPU_T=0.0C | state=NOMINAL
2026-03-17 01:34:52,014 [INFO] CPU=6.3% RAM=22.8% DISK=56.6% CPU_T=63.2C GPU_T=0.0C | state=NOMINAL
2026-03-17 01:34:53,034 [INFO] CPU=6.5% RAM=22.8% DISK=56.6% CPU_T=63.2C GPU_T=0.0C | state=NOMINAL
2026-03-17 01:34:54,059 [INFO] CPU=5.9% RAM=22.8% DISK=56.6% CPU_T=63.4C GPU_T=0.0C | state=NOMINAL
2026-03-17 01:34:55,080 [INFO] CPU=5.7% RAM=22.8% DISK=56.6% CPU_T=63.6C GPU_T=0.0C | state=NOMINAL
2026-03-17 01:34:56,098 [INFO] CPU=5.6% RAM=22.8% DISK=56.6% CPU_T=64.0C GPU_T=0.0C | state=NOMINAL
2026-03-17 01:34:57,118 [INFO] CPU=5.8% RAM=22.8% DISK=56.6% CPU_T=64.0C GPU_T=0.0C | state=NOMINAL
2026-03-17 01:34:58,142 [INFO] CPU=6.0% RAM=22.8% DISK=56.6% CPU_T=64.2C GPU_T=0.0C | state=NOMINAL
2026-03-17 01:34:59,161 [INFO] CPU=5.9% RAM=22.8% DISK=56.6% CPU_T=64.0C GPU_T=0.0C | state=NOMINAL
2026-03-17 01:35:00,187 [INFO] CPU=6.1% RAM=22.9% DISK=56.6% CPU_T=63.8C GPU_T=0.0C | state=NOMINAL
2026-03-17 01:35:01,209 [INFO] CPU=6.7% RAM=22.9% DISK=56.6% CPU_T=63.4C GPU_T=0.0C | state=NOMINAL
2026-03-17 01:35:02,230 [INFO] CPU=5.7% RAM=22.9% DISK=56.6% CPU_T=63.6C GPU_T=0.0C | state=NOMINAL
2026-03-17 01:35:03,254 [INFO] CPU=4.7% RAM=23.0% DISK=56.6% CPU_T=63.4C GPU_T=0.0C | state=NOMINAL
2026-03-17 01:35:04,281 [INFO] CPU=4.9% RAM=23.0% DISK=56.6% CPU_T=65.0C GPU_T=0.0C | state=NOMINAL
2026-03-17 01:35:05,304 [INFO] CPU=4.8% RAM=23.0% DISK=56.6% CPU_T=65.4C GPU_T=0.0C | state=NOMINAL
2026-03-17 01:35:06,325 [INFO] CPU=3.6% RAM=23.0% DISK=56.6% CPU_T=65.4C GPU_T=0.0C | state=NOMINAL
2026-03-17 01:35:07,342 [INFO] CPU=3.5% RAM=23.0% DISK=56.6% CPU_T=65.2C GPU_T=0.0C | state=NOMINAL
2026-03-17 01:35:08,361 [INFO] CPU=3.6% RAM=22.9% DISK=56.6% CPU_T=65.2C GPU_T=0.0C | state=NOMINAL
2026-03-17 01:35:09,388 [INFO] CPU=3.1% RAM=22.9% DISK=56.6% CPU_T=63.6C GPU_T=0.0C | state=NOMINAL
2026-03-17 01:35:10,406 [INFO] CPU=2.8% RAM=22.9% DISK=56.6% CPU_T=63.4C GPU_T=0.0C | state=NOMINAL
2026-03-17 01:35:11,428 [INFO] CPU=2.7% RAM=22.9% DISK=56.6% CPU_T=63.4C GPU_T=0.0C | state=NOMINAL
2026-03-17 01:35:12,682 [INFO] CPU=2.9% RAM=22.9% DISK=56.6% CPU_T=63.8C GPU_T=0.0C | state=NOMINAL
2026-03-17 01:35:13,703 [INFO] CPU=4.2% RAM=22.9% DISK=56.6% CPU_T=64.0C GPU_T=0.0C | state=NOMINAL
2026-03-17 01:35:14,731 [INFO] CPU=5.2% RAM=22.9% DISK=56.6% CPU_T=64.2C GPU_T=0.0C | state=NOMINAL
2026-03-17 01:35:15,781 [INFO] CPU=5.4% RAM=22.9% DISK=56.6% CPU_T=64.0C GPU_T=0.0C | state=NOMINAL
2026-03-17 01:35:16,814 [INFO] CPU=5.4% RAM=22.9% DISK=56.6% CPU_T=64.0C GPU_T=0.0C | state=NOMINAL
2026-03-17 01:35:17,840 [INFO] CPU=5.1% RAM=22.9% DISK=56.6% CPU_T=63.4C GPU_T=0.0C | state=NOMINAL
2026-03-17 01:35:18,862 [INFO] CPU=4.1% RAM=22.9% DISK=56.6% CPU_T=63.0C GPU_T=0.0C | state=NOMINAL
2026-03-17 01:35:19,891 [INFO] CPU=4.4% RAM=22.9% DISK=56.6% CPU_T=62.8C GPU_T=0.0C | state=NOMINAL
2026-03-17 01:35:20,910 [INFO] CPU=5.4% RAM=22.9% DISK=56.6% CPU_T=62.8C GPU_T=0.0C | state=NOMINAL
2026-03-17 01:35:21,932 [INFO] CPU=5.8% RAM=22.9% DISK=56.6% CPU_T=63.0C GPU_T=0.0C | state=NOMINAL
2026-03-17 01:35:22,953 [INFO] CPU=6.3% RAM=22.9% DISK=56.6% CPU_T=63.6C GPU_T=0.0C | state=NOMINAL
2026-03-17 01:35:23,979 [INFO] CPU=6.2% RAM=22.9% DISK=56.6% CPU_T=63.6C GPU_T=0.0C | state=NOMINAL
2026-03-17 01:35:24,999 [INFO] CPU=5.4% RAM=22.9% DISK=56.6% CPU_T=63.8C GPU_T=0.0C | state=NOMINAL
2026-03-17 01:35:26,018 [INFO] CPU=4.8% RAM=22.9% DISK=56.6% CPU_T=64.0C GPU_T=0.0C | state=NOMINAL
2026-03-17 01:35:27,047 [INFO] CPU=4.7% RAM=22.8% DISK=56.6% CPU_T=64.2C GPU_T=0.0C | state=NOMINAL
2026-03-17 01:35:28,067 [INFO] CPU=4.8% RAM=22.8% DISK=56.6% CPU_T=64.4C GPU_T=0.0C | state=NOMINAL
2026-03-17 01:35:29,095 [INFO] CPU=4.7% RAM=22.8% DISK=56.6% CPU_T=65.0C GPU_T=0.0C | state=NOMINAL
2026-03-17 01:35:30,115 [INFO] CPU=4.3% RAM=22.8% DISK=56.6% CPU_T=65.4C GPU_T=0.0C | state=NOMINAL
2026-03-17 01:35:31,136 [INFO] CPU=5.2% RAM=22.8% DISK=56.6% CPU_T=65.4C GPU_T=0.0C | state=NOMINAL
2026-03-17 01:35:32,159 [INFO] CPU=5.5% RAM=22.8% DISK=56.6% CPU_T=65.0C GPU_T=0.0C | state=NOMINAL
2026-03-17 01:35:33,180 [INFO] CPU=6.1% RAM=22.9% DISK=56.6% CPU_T=64.6C GPU_T=0.0C | state=NOMINAL
2026-03-17 01:35:34,201 [INFO] CPU=6.5% RAM=22.9% DISK=56.6% CPU_T=64.0C GPU_T=0.0C | state=NOMINAL
2026-03-17 01:35:35,229 [INFO] CPU=6.6% RAM=22.9% DISK=56.6% CPU_T=63.4C GPU_T=0.0C | state=NOMINAL
2026-03-17 01:35:36,254 [INFO] CPU=5.5% RAM=22.9% DISK=56.6% CPU_T=63.2C GPU_T=0.0C | state=NOMINAL
2026-03-17 01:35:37,278 [INFO] CPU=4.8% RAM=23.0% DISK=56.6% CPU_T=63.2C GPU_T=0.0C | state=NOMINAL
2026-03-17 01:35:38,301 [INFO] CPU=3.8% RAM=23.0% DISK=56.6% CPU_T=63.0C GPU_T=0.0C | state=NOMINAL
2026-03-17 01:35:39,323 [INFO] CPU=3.3% RAM=23.0% DISK=56.6% CPU_T=63.0C GPU_T=0.0C | state=NOMINAL
2026-03-17 01:35:40,349 [INFO] CPU=3.2% RAM=23.0% DISK=56.6% CPU_T=63.0C GPU_T=0.0C | state=NOMINAL
2026-03-17 01:35:41,370 [INFO] CPU=2.9% RAM=23.0% DISK=56.6% CPU_T=63.0C GPU_T=0.0C | state=NOMINAL
2026-03-17 01:35:42,420 [INFO] CPU=3.0% RAM=23.0% DISK=56.6% CPU_T=63.0C GPU_T=0.0C | state=NOMINAL
2026-03-17 01:35:43,442 [INFO] CPU=2.8% RAM=23.0% DISK=56.6% CPU_T=63.0C GPU_T=0.0C | state=NOMINAL
2026-03-17 01:35:44,465 [INFO] CPU=2.6% RAM=22.9% DISK=56.6% CPU_T=63.2C GPU_T=0.0C | state=NOMINAL
2026-03-17 01:35:45,492 [INFO] CPU=2.5% RAM=22.9% DISK=56.6% CPU_T=63.2C GPU_T=0.0C | state=NOMINAL
2026-03-17 01:35:46,516 [INFO] CPU=2.5% RAM=22.9% DISK=56.6% CPU_T=63.8C GPU_T=0.0C | state=NOMINAL
2026-03-17 01:35:47,538 [INFO] CPU=2.3% RAM=22.9% DISK=56.6% CPU_T=63.8C GPU_T=0.0C | state=NOMINAL
2026-03-17 01:35:48,558 [INFO] CPU=2.2% RAM=22.9% DISK=56.6% CPU_T=63.8C GPU_T=0.0C | state=NOMINAL
2026-03-17 01:35:49,580 [INFO] CPU=2.1% RAM=22.9% DISK=56.6% CPU_T=63.6C GPU_T=0.0C | state=NOMINAL
2026-03-17 01:35:50,610 [INFO] CPU=1.9% RAM=22.9% DISK=56.6% CPU_T=63.6C GPU_T=0.0C | state=NOMINAL
2026-03-17 01:35:51,634 [INFO] CPU=1.8% RAM=22.9% DISK=56.6% CPU_T=63.0C GPU_T=0.0C | state=NOMINAL
2026-03-17 01:35:52,656 [INFO] CPU=2.3% RAM=22.8% DISK=56.6% CPU_T=63.2C GPU_T=0.0C | state=NOMINAL
2026-03-17 01:35:53,678 [INFO] CPU=2.5% RAM=22.8% DISK=56.6% CPU_T=63.4C GPU_T=0.0C | state=NOMINAL
2026-03-17 01:35:54,698 [INFO] CPU=2.7% RAM=22.8% DISK=56.6% CPU_T=63.4C GPU_T=0.0C | state=NOMINAL
2026-03-17 01:35:55,718 [INFO] CPU=3.8% RAM=22.8% DISK=56.6% CPU_T=63.6C GPU_T=0.0C | state=NOMINAL
2026-03-17 01:35:56,740 [INFO] CPU=4.9% RAM=22.8% DISK=56.6% CPU_T=63.8C GPU_T=0.0C | state=NOMINAL
2026-03-17 01:35:57,760 [INFO] CPU=5.3% RAM=22.9% DISK=56.6% CPU_T=63.8C GPU_T=0.0C | state=NOMINAL
2026-03-17 01:35:58,804 [INFO] CPU=6.0% RAM=22.9% DISK=56.6% CPU_T=64.6C GPU_T=0.0C | state=NOMINAL
2026-03-17 01:35:59,849 [INFO] CPU=6.8% RAM=22.9% DISK=56.6% CPU_T=64.6C GPU_T=0.0C | state=NOMINAL
2026-03-17 01:36:00,896 [INFO] CPU=6.1% RAM=22.9% DISK=56.6% CPU_T=64.4C GPU_T=0.0C | state=NOMINAL
2026-03-17 01:36:01,916 [INFO] CPU=5.4% RAM=23.0% DISK=56.6% CPU_T=64.2C GPU_T=0.0C | state=NOMINAL
2026-03-17 01:36:02,936 [INFO] CPU=4.9% RAM=23.0% DISK=56.6% CPU_T=64.2C GPU_T=0.0C | state=NOMINAL
2026-03-17 01:36:03,987 [INFO] CPU=4.4% RAM=23.0% DISK=56.6% CPU_T=63.2C GPU_T=0.0C | state=NOMINAL
2026-03-17 01:36:05,009 [INFO] CPU=4.1% RAM=23.1% DISK=56.6% CPU_T=63.4C GPU_T=0.0C | state=NOMINAL
2026-03-17 01:36:06,028 [INFO] CPU=4.0% RAM=23.1% DISK=56.6% CPU_T=63.6C GPU_T=0.0C | state=NOMINAL
2026-03-17 01:36:07,048 [INFO] CPU=3.8% RAM=23.1% DISK=56.6% CPU_T=64.2C GPU_T=0.0C | state=NOMINAL
2026-03-17 01:36:08,068 [INFO] CPU=3.8% RAM=23.2% DISK=56.6% CPU_T=64.2C GPU_T=0.0C | state=NOMINAL
2026-03-17 01:36:09,090 [INFO] CPU=3.7% RAM=23.2% DISK=56.6% CPU_T=64.4C GPU_T=0.0C | state=NOMINAL
2026-03-17 01:36:10,109 [INFO] CPU=5.0% RAM=23.3% DISK=56.6% CPU_T=64.4C GPU_T=0.0C | state=NOMINAL
2026-03-17 01:36:11,132 [INFO] CPU=5.1% RAM=23.4% DISK=56.6% CPU_T=64.4C GPU_T=0.0C | state=NOMINAL
2026-03-17 01:36:12,153 [INFO] CPU=5.5% RAM=23.6% DISK=56.6% CPU_T=64.4C GPU_T=0.0C | state=NOMINAL
2026-03-17 01:36:13,170 [INFO] CPU=6.8% RAM=23.7% DISK=56.6% CPU_T=64.4C GPU_T=0.0C | state=NOMINAL
2026-03-17 01:36:14,193 [INFO] CPU=7.9% RAM=23.8% DISK=56.6% CPU_T=65.2C GPU_T=0.0C | state=NOMINAL
2026-03-17 01:36:15,216 [INFO] CPU=8.3% RAM=23.8% DISK=56.6% CPU_T=65.2C GPU_T=0.0C | state=NOMINAL
2026-03-17 01:36:16,237 [INFO] CPU=9.6% RAM=23.8% DISK=56.6% CPU_T=66.2C GPU_T=0.0C | state=NOMINAL
2026-03-17 01:36:17,259 [INFO] CPU=10.4% RAM=23.9% DISK=56.6% CPU_T=66.8C GPU_T=0.0C | state=NOMINAL
2026-03-17 01:36:18,284 [INFO] CPU=10.1% RAM=23.9% DISK=56.6% CPU_T=67.0C GPU_T=0.0C | state=NOMINAL
2026-03-17 01:36:19,306 [INFO] CPU=11.0% RAM=23.9% DISK=56.6% CPU_T=66.2C GPU_T=0.0C | state=NOMINAL
2026-03-17 01:36:20,330 [INFO] CPU=10.9% RAM=23.9% DISK=56.6% CPU_T=66.6C GPU_T=0.0C | state=NOMINAL
2026-03-17 01:36:21,359 [INFO] CPU=10.8% RAM=23.9% DISK=56.6% CPU_T=65.4C GPU_T=0.0C | state=NOMINAL
2026-03-17 01:36:22,385 [INFO] CPU=10.8% RAM=23.9% DISK=56.6% CPU_T=64.2C GPU_T=0.0C | state=NOMINAL
2026-03-17 01:36:23,407 [INFO] CPU=9.8% RAM=23.9% DISK=56.6% CPU_T=64.0C GPU_T=0.0C | state=NOMINAL
2026-03-17 01:36:24,429 [INFO] CPU=8.2% RAM=23.8% DISK=56.6% CPU_T=63.8C GPU_T=0.0C | state=NOMINAL
2026-03-17 01:36:25,454 [INFO] CPU=6.4% RAM=23.8% DISK=56.6% CPU_T=63.4C GPU_T=0.0C | state=NOMINAL
2026-03-17 01:36:26,474 [INFO] CPU=5.6% RAM=23.8% DISK=56.6% CPU_T=63.6C GPU_T=0.0C | state=NOMINAL
2026-03-17 01:36:27,495 [INFO] CPU=5.3% RAM=23.8% DISK=56.6% CPU_T=63.6C GPU_T=0.0C | state=NOMINAL
2026-03-17 01:36:28,518 [INFO] CPU=6.2% RAM=23.8% DISK=56.6% CPU_T=63.6C GPU_T=0.0C | state=NOMINAL
2026-03-17 01:36:29,539 [INFO] CPU=6.8% RAM=23.8% DISK=56.6% CPU_T=63.6C GPU_T=0.0C | state=NOMINAL
2026-03-17 01:36:30,778 [INFO] CPU=6.4% RAM=23.9% DISK=56.6% CPU_T=63.4C GPU_T=0.0C | state=NOMINAL
2026-03-17 01:36:31,798 [INFO] CPU=6.0% RAM=23.9% DISK=56.6% CPU_T=63.8C GPU_T=0.0C | state=NOMINAL
2026-03-17 01:36:32,827 [INFO] CPU=6.0% RAM=24.0% DISK=56.6% CPU_T=64.0C GPU_T=0.0C | state=NOMINAL
2026-03-17 01:36:33,848 [INFO] CPU=5.2% RAM=24.0% DISK=56.6% CPU_T=63.8C GPU_T=0.0C | state=NOMINAL
2026-03-17 01:36:34,878 [INFO] CPU=4.4% RAM=24.0% DISK=56.6% CPU_T=64.0C GPU_T=0.0C | state=NOMINAL
2026-03-17 01:36:35,897 [INFO] CPU=4.4% RAM=24.0% DISK=56.6% CPU_T=64.0C GPU_T=0.0C | state=NOMINAL
2026-03-17 01:36:36,918 [INFO] CPU=4.4% RAM=24.0% DISK=56.6% CPU_T=63.6C GPU_T=0.0C | state=NOMINAL
2026-03-17 01:36:37,940 [INFO] CPU=3.5% RAM=24.0% DISK=56.6% CPU_T=63.6C GPU_T=0.0C | state=NOMINAL
2026-03-17 01:36:38,963 [INFO] CPU=3.4% RAM=24.0% DISK=56.6% CPU_T=63.6C GPU_T=0.0C | state=NOMINAL
2026-03-17 01:36:39,987 [INFO] CPU=3.2% RAM=24.0% DISK=56.6% CPU_T=63.6C GPU_T=0.0C | state=NOMINAL
2026-03-17 01:36:41,016 [INFO] CPU=3.9% RAM=24.0% DISK=56.6% CPU_T=64.0C GPU_T=0.0C | state=NOMINAL
2026-03-17 01:36:42,036 [INFO] CPU=3.6% RAM=23.9% DISK=56.6% CPU_T=64.0C GPU_T=0.0C | state=NOMINAL
2026-03-17 01:36:43,056 [INFO] CPU=3.4% RAM=23.9% DISK=56.6% CPU_T=64.0C GPU_T=0.0C | state=NOMINAL
2026-03-17 01:36:44,078 [INFO] CPU=3.1% RAM=23.9% DISK=56.6% CPU_T=64.0C GPU_T=0.0C | state=NOMINAL
2026-03-17 01:36:45,108 [INFO] CPU=3.1% RAM=23.9% DISK=56.6% CPU_T=63.8C GPU_T=0.0C | state=NOMINAL
2026-03-17 01:36:46,132 [INFO] CPU=2.3% RAM=23.9% DISK=56.6% CPU_T=63.4C GPU_T=0.0C | state=NOMINAL
2026-03-17 01:36:47,157 [INFO] CPU=2.8% RAM=23.9% DISK=56.6% CPU_T=63.4C GPU_T=0.0C | state=NOMINAL
2026-03-17 01:36:48,178 [INFO] CPU=2.8% RAM=23.9% DISK=56.6% CPU_T=63.6C GPU_T=0.0C | state=NOMINAL
2026-03-17 01:36:49,199 [INFO] CPU=3.5% RAM=23.8% DISK=56.6% CPU_T=63.6C GPU_T=0.0C | state=NOMINAL
2026-03-17 01:36:50,223 [INFO] CPU=3.5% RAM=23.8% DISK=56.6% CPU_T=63.6C GPU_T=0.0C | state=NOMINAL
2026-03-17 01:36:51,240 [INFO] CPU=4.6% RAM=23.9% DISK=56.6% CPU_T=64.2C GPU_T=0.0C | state=NOMINAL
2026-03-17 01:36:52,263 [INFO] CPU=5.7% RAM=23.9% DISK=56.6% CPU_T=64.2C GPU_T=0.0C | state=NOMINAL
2026-03-17 01:36:53,283 [INFO] CPU=5.9% RAM=23.9% DISK=56.6% CPU_T=64.2C GPU_T=0.0C | state=NOMINAL
2026-03-17 01:36:54,303 [INFO] CPU=6.1% RAM=23.9% DISK=56.6% CPU_T=64.4C GPU_T=0.0C | state=NOMINAL
2026-03-17 01:36:55,326 [INFO] CPU=6.7% RAM=23.9% DISK=56.6% CPU_T=64.4C GPU_T=0.0C | state=NOMINAL
2026-03-17 01:36:56,349 [INFO] CPU=6.0% RAM=23.9% DISK=56.6% CPU_T=63.8C GPU_T=0.0C | state=NOMINAL
2026-03-17 01:36:57,398 [INFO] CPU=4.8% RAM=23.8% DISK=56.6% CPU_T=63.8C GPU_T=0.0C | state=NOMINAL
2026-03-17 01:36:58,419 [INFO] CPU=4.9% RAM=23.8% DISK=56.6% CPU_T=63.6C GPU_T=0.0C | state=NOMINAL
2026-03-17 01:36:59,444 [INFO] CPU=4.5% RAM=23.8% DISK=56.6% CPU_T=63.8C GPU_T=0.0C | state=NOMINAL
2026-03-17 01:37:00,474 [INFO] CPU=4.3% RAM=23.8% DISK=56.6% CPU_T=63.8C GPU_T=0.0C | state=NOMINAL
2026-03-17 01:37:01,500 [INFO] CPU=4.4% RAM=23.8% DISK=56.6% CPU_T=64.0C GPU_T=0.0C | state=NOMINAL
2026-03-17 01:37:02,549 [INFO] CPU=4.6% RAM=23.8% DISK=56.6% CPU_T=64.2C GPU_T=0.0C | state=NOMINAL
2026-03-17 01:37:03,567 [INFO] CPU=5.0% RAM=23.8% DISK=56.6% CPU_T=64.0C GPU_T=0.0C | state=NOMINAL
2026-03-17 01:37:04,588 [INFO] CPU=5.6% RAM=23.8% DISK=56.6% CPU_T=63.8C GPU_T=0.0C | state=NOMINAL
2026-03-17 01:37:05,607 [INFO] CPU=6.5% RAM=23.8% DISK=56.6% CPU_T=64.2C GPU_T=0.0C | state=NOMINAL
2026-03-17 01:37:06,630 [INFO] CPU=7.0% RAM=23.8% DISK=56.6% CPU_T=64.2C GPU_T=0.0C | state=NOMINAL
2026-03-17 01:37:07,650 [INFO] CPU=7.1% RAM=23.8% DISK=56.6% CPU_T=64.2C GPU_T=0.0C | state=NOMINAL
2026-03-17 01:37:08,682 [INFO] CPU=6.8% RAM=23.9% DISK=56.6% CPU_T=64.8C GPU_T=0.0C | state=NOMINAL
2026-03-17 01:37:09,708 [INFO] CPU=6.5% RAM=23.9% DISK=56.6% CPU_T=64.8C GPU_T=0.0C | state=NOMINAL
2026-03-17 01:37:10,730 [INFO] CPU=5.7% RAM=23.9% DISK=56.6% CPU_T=65.0C GPU_T=0.0C | state=NOMINAL
2026-03-17 01:37:11,751 [INFO] CPU=6.4% RAM=23.7% DISK=56.6% CPU_T=65.2C GPU_T=0.0C | state=NOMINAL
2026-03-17 01:37:12,771 [INFO] CPU=6.4% RAM=23.6% DISK=56.6% CPU_T=65.0C GPU_T=0.0C | state=NOMINAL
2026-03-17 01:37:13,789 [INFO] CPU=6.6% RAM=23.4% DISK=56.6% CPU_T=65.0C GPU_T=0.0C | state=NOMINAL
2026-03-17 01:37:14,810 [INFO] CPU=6.0% RAM=23.3% DISK=56.6% CPU_T=65.0C GPU_T=0.0C | state=NOMINAL
2026-03-17 01:37:15,837 [INFO] CPU=5.8% RAM=23.1% DISK=56.6% CPU_T=64.6C GPU_T=0.0C | state=NOMINAL
2026-03-17 01:37:16,867 [INFO] CPU=4.0% RAM=23.0% DISK=56.6% CPU_T=64.2C GPU_T=0.0C | state=NOMINAL
2026-03-17 01:37:17,925 [INFO] CPU=3.1% RAM=23.0% DISK=56.6% CPU_T=64.2C GPU_T=0.0C | state=NOMINAL
2026-03-17 01:37:18,947 [INFO] CPU=2.5% RAM=23.0% DISK=56.6% CPU_T=63.8C GPU_T=0.0C | state=NOMINAL
2026-03-17 01:37:19,966 [INFO] CPU=2.1% RAM=22.9% DISK=56.6% CPU_T=63.6C GPU_T=0.0C | state=NOMINAL
2026-03-17 01:37:20,991 [INFO] CPU=1.7% RAM=23.0% DISK=56.6% CPU_T=64.6C GPU_T=0.0C | state=NOMINAL
2026-03-17 01:37:22,012 [INFO] CPU=2.6% RAM=23.0% DISK=56.6% CPU_T=64.8C GPU_T=0.0C | state=NOMINAL
2026-03-17 01:37:23,035 [INFO] CPU=3.2% RAM=23.1% DISK=56.6% CPU_T=65.0C GPU_T=0.0C | state=NOMINAL
2026-03-17 01:37:24,055 [INFO] CPU=3.8% RAM=23.1% DISK=56.6% CPU_T=65.4C GPU_T=0.0C | state=NOMINAL
2026-03-17 01:37:25,075 [INFO] CPU=3.8% RAM=23.1% DISK=56.6% CPU_T=65.4C GPU_T=0.0C | state=NOMINAL
2026-03-17 01:37:26,100 [INFO] CPU=3.7% RAM=23.1% DISK=56.6% CPU_T=64.4C GPU_T=0.0C | state=NOMINAL
2026-03-17 01:37:27,121 [INFO] CPU=2.6% RAM=23.1% DISK=56.6% CPU_T=64.4C GPU_T=0.0C | state=NOMINAL
2026-03-17 01:37:28,171 [INFO] CPU=2.6% RAM=23.1% DISK=56.6% CPU_T=64.2C GPU_T=0.0C | state=NOMINAL
2026-03-17 01:37:29,188 [INFO] CPU=2.3% RAM=23.0% DISK=56.6% CPU_T=63.8C GPU_T=0.0C | state=NOMINAL
2026-03-17 01:37:30,214 [INFO] CPU=3.0% RAM=23.0% DISK=56.6% CPU_T=64.0C GPU_T=0.0C | state=NOMINAL
2026-03-17 01:37:31,237 [INFO] CPU=3.6% RAM=22.9% DISK=56.6% CPU_T=64.2C GPU_T=0.0C | state=NOMINAL
2026-03-17 01:37:32,261 [INFO] CPU=3.6% RAM=22.9% DISK=56.6% CPU_T=64.2C GPU_T=0.0C | state=NOMINAL
2026-03-17 01:37:33,284 [INFO] CPU=3.6% RAM=22.9% DISK=56.6% CPU_T=64.0C GPU_T=0.0C | state=NOMINAL
2026-03-17 01:37:34,303 [INFO] CPU=3.6% RAM=22.9% DISK=56.6% CPU_T=64.2C GPU_T=0.0C | state=NOMINAL
2026-03-17 01:37:35,320 [INFO] CPU=3.4% RAM=22.9% DISK=56.6% CPU_T=64.2C GPU_T=0.0C | state=NOMINAL
2026-03-17 01:37:36,340 [INFO] CPU=4.8% RAM=22.9% DISK=56.6% CPU_T=64.4C GPU_T=0.0C | state=NOMINAL
2026-03-17 01:37:37,368 [INFO] CPU=5.6% RAM=23.0% DISK=56.6% CPU_T=64.8C GPU_T=0.0C | state=NOMINAL
2026-03-17 01:37:38,392 [INFO] CPU=5.5% RAM=23.0% DISK=56.6% CPU_T=65.0C GPU_T=0.0C | state=NOMINAL
2026-03-17 01:37:39,409 [INFO] CPU=5.4% RAM=23.0% DISK=56.6% CPU_T=64.6C GPU_T=0.0C | state=NOMINAL
2026-03-17 01:37:40,430 [INFO] CPU=5.4% RAM=23.0% DISK=56.6% CPU_T=64.6C GPU_T=0.0C | state=NOMINAL
2026-03-17 01:37:41,457 [INFO] CPU=3.7% RAM=23.0% DISK=56.6% CPU_T=64.0C GPU_T=0.0C | state=NOMINAL
2026-03-17 01:37:42,475 [INFO] CPU=3.0% RAM=23.0% DISK=56.6% CPU_T=63.6C GPU_T=0.0C | state=NOMINAL
2026-03-17 01:37:43,498 [INFO] CPU=3.0% RAM=23.0% DISK=56.6% CPU_T=63.6C GPU_T=0.0C | state=NOMINAL
2026-03-17 01:37:44,517 [INFO] CPU=3.1% RAM=23.0% DISK=56.6% CPU_T=63.8C GPU_T=0.0C | state=NOMINAL
2026-03-17 01:37:45,539 [INFO] CPU=3.0% RAM=23.0% DISK=56.6% CPU_T=63.8C GPU_T=0.0C | state=NOMINAL
2026-03-17 01:37:46,559 [INFO] CPU=3.3% RAM=23.0% DISK=56.6% CPU_T=63.8C GPU_T=0.0C | state=NOMINAL
2026-03-17 01:37:47,584 [INFO] CPU=4.6% RAM=23.0% DISK=56.6% CPU_T=63.8C GPU_T=0.0C | state=NOMINAL
2026-03-17 01:37:48,606 [INFO] CPU=5.0% RAM=23.0% DISK=56.6% CPU_T=63.8C GPU_T=0.0C | state=NOMINAL
2026-03-17 01:37:49,627 [INFO] CPU=5.6% RAM=23.0% DISK=56.6% CPU_T=63.8C GPU_T=0.0C | state=NOMINAL
2026-03-17 01:37:50,655 [INFO] CPU=6.2% RAM=23.0% DISK=56.6% CPU_T=63.8C GPU_T=0.0C | state=NOMINAL
2026-03-17 01:37:51,676 [INFO] CPU=6.4% RAM=23.0% DISK=56.6% CPU_T=63.8C GPU_T=0.0C | state=NOMINAL
2026-03-17 01:37:52,720 [INFO] CPU=5.9% RAM=23.0% DISK=56.6% CPU_T=64.0C GPU_T=0.0C | state=NOMINAL
2026-03-17 01:37:53,765 [INFO] CPU=5.9% RAM=23.0% DISK=56.6% CPU_T=64.0C GPU_T=0.0C | state=NOMINAL
2026-03-17 01:37:54,786 [INFO] CPU=5.3% RAM=23.1% DISK=56.6% CPU_T=64.0C GPU_T=0.0C | state=NOMINAL
2026-03-17 01:37:55,805 [INFO] CPU=4.6% RAM=23.1% DISK=56.6% CPU_T=63.8C GPU_T=0.0C | state=NOMINAL
2026-03-17 01:37:56,831 [INFO] CPU=4.0% RAM=23.1% DISK=56.6% CPU_T=63.8C GPU_T=0.0C | state=NOMINAL
2026-03-17 01:37:57,851 [INFO] CPU=3.1% RAM=23.1% DISK=56.6% CPU_T=63.4C GPU_T=0.0C | state=NOMINAL
2026-03-17 01:37:58,877 [INFO] CPU=4.6% RAM=21.4% DISK=56.6% CPU_T=63.2C GPU_T=0.0C | state=NOMINAL
2026-03-17 01:37:59,898 [INFO] CPU=4.4% RAM=19.7% DISK=56.6% CPU_T=63.0C GPU_T=0.0C | state=NOMINAL
2026-03-17 01:38:00,921 [INFO] CPU=4.3% RAM=17.9% DISK=56.6% CPU_T=63.0C GPU_T=0.0C | state=NOMINAL
2026-03-17 01:38:01,940 [INFO] CPU=4.4% RAM=16.2% DISK=56.6% CPU_T=63.4C GPU_T=0.0C | state=NOMINAL
2026-03-17 01:38:02,986 [INFO] CPU=4.3% RAM=14.5% DISK=56.6% CPU_T=64.0C GPU_T=0.0C | state=NOMINAL
